Running:
src/main.py --output_dir experiments --comment classification from Scratch --name heartbeat --records_file Classification_records.xls --data_dir src/datasets/classification/heartbeat/ --data_class tsra --pattern TRAIN --val_pattern TEST --epochs 400 --lr 0.001 --optimizer RAdam --pos_encoding learnable --task classification --key_metric accuracy

Using device: cuda
Loading and preprocessing data ...
204 samples may be used for training
205 samples will be used for validation
0 samples will be used for testing
Creating model ...
Model:
TSTransformerEncoderClassiregressor(
  (project_inp): Linear(in_features=61, out_features=64, bias=True)
  (pos_enc): LearnablePositionalEncoding(
    (dropout): Dropout(p=0.1, inplace=False)
  )
  (transformer_encoder): TransformerEncoder(
    (layers): ModuleList(
      (0-2): 3 x TransformerBatchNormEncoderLayer(
        (self_attn): MultiheadAttention(
          (out_proj): NonDynamicallyQuantizableLinear(in_features=64, out_features=64, bias=True)
        )
        (linear1): Linear(in_features=64, out_features=256, bias=True)
        (dropout): Dropout(p=0.1, inplace=False)
        (linear2): Linear(in_features=256, out_features=64, bias=True)
        (norm1): BatchNorm1d(64, eps=1e-05, momentum=0.1, affine=True, track_running_stats=True)
        (norm2): BatchNorm1d(64, eps=1e-05, momentum=0.1, affine=True, track_running_stats=True)
        (dropout1): Dropout(p=0.1, inplace=False)
        (dropout2): Dropout(p=0.1, inplace=False)
      )
    )
  )
  (dropout1): Dropout(p=0.1, inplace=False)
  (output_layer): Linear(in_features=25920, out_features=2, bias=True)
)
Total number of parameters: 231682
Trainable parameters: 231682
Evaluating on validation set ...
Validation runtime: 0.0 hours, 0.0 minutes, 0.4412527084350586 seconds

Avg val. time: 0.0 hours, 0.0 minutes, 0.4412527084350586 seconds
Avg batch val. time: 0.11031317710876465 seconds
Avg sample val. time: 0.0021524522362685785 seconds
Epoch 0 Validation Summary: epoch: 0.000000 | loss: 4.665672 | accuracy: 0.468293 | precision: 0.672551 | AUROC: 0.651257 | AUPRC: 0.476751 | 
Starting training...
Epoch 1 Training Summary: epoch: 1.000000 | loss: 0.756915 | 
Epoch runtime: 0.0 hours, 0.0 minutes, 0.5554516315460205 seconds

Avg epoch train. time: 0.0 hours, 0.0 minutes, 0.5554516315460205 seconds
Avg batch train. time: 0.13886290788650513 seconds
Avg sample train. time: 0.002722802115421669 seconds
Evaluating on validation set ...
Validation runtime: 0.0 hours, 0.0 minutes, 0.1783895492553711 seconds

Avg val. time: 0.0 hours, 0.0 minutes, 0.30982112884521484 seconds
Avg batch val. time: 0.07745528221130371 seconds
Avg sample val. time: 0.0015113225797327553 seconds
Epoch 1 Validation Summary: epoch: 1.000000 | loss: 0.834224 | accuracy: 0.663415 | precision: 0.679882 | AUROC: 0.628971 | AUPRC: 0.415696 | 
Epoch 2 Training Summary: epoch: 2.000000 | loss: 0.718094 | 
Epoch runtime: 0.0 hours, 0.0 minutes, 0.38670849800109863 seconds

Avg epoch train. time: 0.0 hours, 0.0 minutes, 0.47108006477355957 seconds
Avg batch train. time: 0.11777001619338989 seconds
Avg sample train. time: 0.0023092160037919587 seconds
Evaluating on validation set ...
Validation runtime: 0.0 hours, 0.0 minutes, 0.1862640380859375 seconds

Avg val. time: 0.0 hours, 0.0 minutes, 0.26863543192545575 seconds
Avg batch val. time: 0.06715885798136394 seconds
Avg sample val. time: 0.0013104167410997842 seconds
Epoch 2 Validation Summary: epoch: 2.000000 | loss: 0.658170 | accuracy: 0.731707 | precision: 0.699595 | AUROC: 0.616169 | AUPRC: 0.462158 | 
Epoch 3 Training Summary: epoch: 3.000000 | loss: 0.678043 | 
Epoch runtime: 0.0 hours, 0.0 minutes, 0.39424753189086914 seconds

Avg epoch train. time: 0.0 hours, 0.0 minutes, 0.4454692204793294 seconds
Avg batch train. time: 0.11136730511983235 seconds
Avg sample train. time: 0.0021836726494084773 seconds
Epoch 4 Training Summary: epoch: 4.000000 | loss: 0.669871 | 
Epoch runtime: 0.0 hours, 0.0 minutes, 0.39525604248046875 seconds

Avg epoch train. time: 0.0 hours, 0.0 minutes, 0.43291592597961426 seconds
Avg batch train. time: 0.10822898149490356 seconds
Avg sample train. time: 0.002122136892056933 seconds
Evaluating on validation set ...
Validation runtime: 0.0 hours, 0.0 minutes, 0.1925334930419922 seconds

Avg val. time: 0.0 hours, 0.0 minutes, 0.24960994720458984 seconds
Avg batch val. time: 0.06240248680114746 seconds
Avg sample val. time: 0.0012176094985589748 seconds
Epoch 4 Validation Summary: epoch: 4.000000 | loss: 0.587933 | accuracy: 0.746341 | precision: 0.754040 | AUROC: 0.697843 | AUPRC: 0.531958 | 
Epoch 5 Training Summary: epoch: 5.000000 | loss: 0.590234 | 
Epoch runtime: 0.0 hours, 0.0 minutes, 0.3726022243499756 seconds

Avg epoch train. time: 0.0 hours, 0.0 minutes, 0.4208531856536865 seconds
Avg batch train. time: 0.10521329641342163 seconds
Avg sample train. time: 0.002063005812027875 seconds
Epoch 6 Training Summary: epoch: 6.000000 | loss: 0.609835 | 
Epoch runtime: 0.0 hours, 0.0 minutes, 0.41543030738830566 seconds

Avg epoch train. time: 0.0 hours, 0.0 minutes, 0.41994937260945636 seconds
Avg batch train. time: 0.10498734315236409 seconds
Avg sample train. time: 0.0020585753559287075 seconds
Evaluating on validation set ...
Validation runtime: 0.0 hours, 0.0 minutes, 0.19054102897644043 seconds

Avg val. time: 0.0 hours, 0.0 minutes, 0.23779616355895997 seconds
Avg batch val. time: 0.05944904088973999 seconds
Avg sample val. time: 0.0011599812856534632 seconds
Epoch 6 Validation Summary: epoch: 6.000000 | loss: 0.610532 | accuracy: 0.741463 | precision: 0.724024 | AUROC: 0.690967 | AUPRC: 0.471194 | 
Epoch 7 Training Summary: epoch: 7.000000 | loss: 0.568829 | 
Epoch runtime: 0.0 hours, 0.0 minutes, 0.3828260898590088 seconds

Avg epoch train. time: 0.0 hours, 0.0 minutes, 0.41464604650224957 seconds
Avg batch train. time: 0.10366151162556239 seconds
Avg sample train. time: 0.002032578659324753 seconds
Epoch 8 Training Summary: epoch: 8.000000 | loss: 0.488014 | 
Epoch runtime: 0.0 hours, 0.0 minutes, 0.47908806800842285 seconds

Avg epoch train. time: 0.0 hours, 0.0 minutes, 0.42270129919052124 seconds
Avg batch train. time: 0.10567532479763031 seconds
Avg sample train. time: 0.0020720651921103984 seconds
Evaluating on validation set ...
Validation runtime: 0.0 hours, 0.0 minutes, 0.21509933471679688 seconds

Avg val. time: 0.0 hours, 0.0 minutes, 0.23401335875193277 seconds
Avg batch val. time: 0.05850333968798319 seconds
Avg sample val. time: 0.0011415285792777208 seconds
Epoch 8 Validation Summary: epoch: 8.000000 | loss: 0.539959 | accuracy: 0.746341 | precision: 0.741820 | AUROC: 0.705311 | AUPRC: 0.509025 | 
Epoch 9 Training Summary: epoch: 9.000000 | loss: 0.478175 | 
Epoch runtime: 0.0 hours, 0.0 minutes, 0.46588802337646484 seconds

Avg epoch train. time: 0.0 hours, 0.0 minutes, 0.42749982410007054 seconds
Avg batch train. time: 0.10687495602501763 seconds
Avg sample train. time: 0.0020955873730395614 seconds
Epoch 10 Training Summary: epoch: 10.000000 | loss: 0.471342 | 
Epoch runtime: 0.0 hours, 0.0 minutes, 0.4874236583709717 seconds

Avg epoch train. time: 0.0 hours, 0.0 minutes, 0.43349220752716067 seconds
Avg batch train. time: 0.10837305188179017 seconds
Avg sample train. time: 0.0021249618016037286 seconds
Evaluating on validation set ...
Validation runtime: 0.0 hours, 0.0 minutes, 0.1930222511291504 seconds

Avg val. time: 0.0 hours, 0.0 minutes, 0.22815748623439244 seconds
Avg batch val. time: 0.05703937155859811 seconds
Avg sample val. time: 0.0011129633474848413 seconds
Epoch 10 Validation Summary: epoch: 10.000000 | loss: 0.522486 | accuracy: 0.756098 | precision: 0.745413 | AUROC: 0.717757 | AUPRC: 0.551962 | 
Epoch 11 Training Summary: epoch: 11.000000 | loss: 0.451004 | 
Epoch runtime: 0.0 hours, 0.0 minutes, 0.4858856201171875 seconds

Avg epoch train. time: 0.0 hours, 0.0 minutes, 0.4382552450353449 seconds
Avg batch train. time: 0.10956381125883623 seconds
Avg sample train. time: 0.0021483100246830634 seconds
Epoch 12 Training Summary: epoch: 12.000000 | loss: 0.469974 | 
Epoch runtime: 0.0 hours, 0.0 minutes, 0.4488952159881592 seconds

Avg epoch train. time: 0.0 hours, 0.0 minutes, 0.4391419092814128 seconds
Avg batch train. time: 0.1097854773203532 seconds
Avg sample train. time: 0.002152656418046141 seconds
Evaluating on validation set ...
Validation runtime: 0.0 hours, 0.0 minutes, 0.21382641792297363 seconds

Avg val. time: 0.0 hours, 0.0 minutes, 0.2263661026954651 seconds
Avg batch val. time: 0.05659152567386627 seconds
Avg sample val. time: 0.0011042248911973906 seconds
Epoch 12 Validation Summary: epoch: 12.000000 | loss: 0.522070 | accuracy: 0.751220 | precision: 0.727695 | AUROC: 0.728307 | AUPRC: 0.549109 | 
Epoch 13 Training Summary: epoch: 13.000000 | loss: 0.452068 | 
Epoch runtime: 0.0 hours, 0.0 minutes, 0.4728200435638428 seconds

Avg epoch train. time: 0.0 hours, 0.0 minutes, 0.44173253499544585 seconds
Avg batch train. time: 0.11043313374886146 seconds
Avg sample train. time: 0.002165355563703166 seconds
Epoch 14 Training Summary: epoch: 14.000000 | loss: 0.431849 | 
Epoch runtime: 0.0 hours, 0.0 minutes, 0.4635331630706787 seconds

Avg epoch train. time: 0.0 hours, 0.0 minutes, 0.4432897227151053 seconds
Avg batch train. time: 0.11082243067877633 seconds
Avg sample train. time: 0.0021729888368387513 seconds
Evaluating on validation set ...
Validation runtime: 0.0 hours, 0.0 minutes, 0.2031412124633789 seconds

Avg val. time: 0.0 hours, 0.0 minutes, 0.2237855593363444 seconds
Avg batch val. time: 0.0559463898340861 seconds
Avg sample val. time: 0.001091636874811436 seconds
Epoch 14 Validation Summary: epoch: 14.000000 | loss: 0.524962 | accuracy: 0.760976 | precision: 0.745836 | AUROC: 0.744429 | AUPRC: 0.513898 | 
Epoch 15 Training Summary: epoch: 15.000000 | loss: 0.396832 | 
Epoch runtime: 0.0 hours, 0.0 minutes, 0.46529245376586914 seconds

Avg epoch train. time: 0.0 hours, 0.0 minutes, 0.4447565714518229 seconds
Avg batch train. time: 0.11118914286295573 seconds
Avg sample train. time: 0.002180179271822661 seconds
Epoch 16 Training Summary: epoch: 16.000000 | loss: 0.401609 | 
Epoch runtime: 0.0 hours, 0.0 minutes, 0.5045986175537109 seconds

Avg epoch train. time: 0.0 hours, 0.0 minutes, 0.4484966993331909 seconds
Avg batch train. time: 0.11212417483329773 seconds
Avg sample train. time: 0.0021985132320254458 seconds
Evaluating on validation set ...
Validation runtime: 0.0 hours, 0.0 minutes, 0.22293376922607422 seconds

Avg val. time: 0.0 hours, 0.0 minutes, 0.2237003803253174 seconds
Avg batch val. time: 0.05592509508132935 seconds
Avg sample val. time: 0.0010912213674405726 seconds
Epoch 16 Validation Summary: epoch: 16.000000 | loss: 0.513783 | accuracy: 0.756098 | precision: 0.741411 | AUROC: 0.744666 | AUPRC: 0.555842 | 
Epoch 17 Training Summary: epoch: 17.000000 | loss: 0.384184 | 
Epoch runtime: 0.0 hours, 0.0 minutes, 0.464827299118042 seconds

Avg epoch train. time: 0.0 hours, 0.0 minutes, 0.4494573228499469 seconds
Avg batch train. time: 0.11236433071248672 seconds
Avg sample train. time: 0.002203222170833073 seconds
Epoch 18 Training Summary: epoch: 18.000000 | loss: 0.381061 | 
Epoch runtime: 0.0 hours, 0.0 minutes, 0.47835588455200195 seconds

Avg epoch train. time: 0.0 hours, 0.0 minutes, 0.45106279850006104 seconds
Avg batch train. time: 0.11276569962501526 seconds
Avg sample train. time: 0.002211092149510103 seconds
Evaluating on validation set ...
Validation runtime: 0.0 hours, 0.0 minutes, 0.18769025802612305 seconds

Avg val. time: 0.0 hours, 0.0 minutes, 0.22042673284357245 seconds
Avg batch val. time: 0.05510668321089311 seconds
Avg sample val. time: 0.0010752523553344997 seconds
Epoch 18 Validation Summary: epoch: 18.000000 | loss: 0.507939 | accuracy: 0.760976 | precision: 0.752893 | AUROC: 0.750830 | AUPRC: 0.563330 | 
Epoch 19 Training Summary: epoch: 19.000000 | loss: 0.367287 | 
Epoch runtime: 0.0 hours, 0.0 minutes, 0.48631715774536133 seconds

Avg epoch train. time: 0.0 hours, 0.0 minutes, 0.45291829109191895 seconds
Avg batch train. time: 0.11322957277297974 seconds
Avg sample train. time: 0.002220187701430975 seconds
Epoch 20 Training Summary: epoch: 20.000000 | loss: 0.358625 | 
Epoch runtime: 0.0 hours, 0.0 minutes, 0.46134209632873535 seconds

Avg epoch train. time: 0.0 hours, 0.0 minutes, 0.4533394813537598 seconds
Avg batch train. time: 0.11333487033843995 seconds
Avg sample train. time: 0.002222252359577254 seconds
Evaluating on validation set ...
Validation runtime: 0.0 hours, 0.0 minutes, 0.21381068229675293 seconds

Avg val. time: 0.0 hours, 0.0 minutes, 0.21987539529800415 seconds
Avg batch val. time: 0.05496884882450104 seconds
Avg sample val. time: 0.001072562903892703 seconds
Epoch 20 Validation Summary: epoch: 20.000000 | loss: 0.509745 | accuracy: 0.751220 | precision: 0.728207 | AUROC: 0.751541 | AUPRC: 0.536893 | 
Epoch 21 Training Summary: epoch: 21.000000 | loss: 0.300567 | 
Epoch runtime: 0.0 hours, 0.0 minutes, 0.4967019557952881 seconds

Avg epoch train. time: 0.0 hours, 0.0 minutes, 0.4554043610890706 seconds
Avg batch train. time: 0.11385109027226765 seconds
Avg sample train. time: 0.0022323743190640717 seconds
Epoch 22 Training Summary: epoch: 22.000000 | loss: 0.322904 | 
Epoch runtime: 0.0 hours, 0.0 minutes, 0.45584726333618164 seconds

Avg epoch train. time: 0.0 hours, 0.0 minutes, 0.45542449300939386 seconds
Avg batch train. time: 0.11385612325234847 seconds
Avg sample train. time: 0.002232473004948009 seconds
Evaluating on validation set ...
Validation runtime: 0.0 hours, 0.0 minutes, 0.21267247200012207 seconds

Avg val. time: 0.0 hours, 0.0 minutes, 0.21932132427509016 seconds
Avg batch val. time: 0.05483033106877254 seconds
Avg sample val. time: 0.001069860118415074 seconds
Epoch 22 Validation Summary: epoch: 22.000000 | loss: 0.523971 | accuracy: 0.756098 | precision: 0.734555 | AUROC: 0.737909 | AUPRC: 0.528458 | 
Epoch 23 Training Summary: epoch: 23.000000 | loss: 0.298713 | 
Epoch runtime: 0.0 hours, 0.0 minutes, 0.450817346572876 seconds

Avg epoch train. time: 0.0 hours, 0.0 minutes, 0.45522418229476264 seconds
Avg batch train. time: 0.11380604557369066 seconds
Avg sample train. time: 0.002231491089680209 seconds
Epoch 24 Training Summary: epoch: 24.000000 | loss: 0.296065 | 
Epoch runtime: 0.0 hours, 0.0 minutes, 0.483684778213501 seconds

Avg epoch train. time: 0.0 hours, 0.0 minutes, 0.4564100404580434 seconds
Avg batch train. time: 0.11410251011451085 seconds
Avg sample train. time: 0.0022373041198923698 seconds
Evaluating on validation set ...
Validation runtime: 0.0 hours, 0.0 minutes, 0.21917319297790527 seconds

Avg val. time: 0.0 hours, 0.0 minutes, 0.21931074346814836 seconds
Avg batch val. time: 0.05482768586703709 seconds
Avg sample val. time: 0.001069808504722675 seconds
Epoch 24 Validation Summary: epoch: 24.000000 | loss: 0.512382 | accuracy: 0.780488 | precision: 0.768070 | AUROC: 0.748103 | AUPRC: 0.520034 | 
Epoch 25 Training Summary: epoch: 25.000000 | loss: 0.274999 | 
Epoch runtime: 0.0 hours, 0.0 minutes, 0.45640087127685547 seconds

Avg epoch train. time: 0.0 hours, 0.0 minutes, 0.4564096736907959 seconds
Avg batch train. time: 0.11410241842269897 seconds
Avg sample train. time: 0.0022373023220137052 seconds
Epoch 26 Training Summary: epoch: 26.000000 | loss: 0.260927 | 
Epoch runtime: 0.0 hours, 0.0 minutes, 0.4580833911895752 seconds

Avg epoch train. time: 0.0 hours, 0.0 minutes, 0.45647404744074893 seconds
Avg batch train. time: 0.11411851186018723 seconds
Avg sample train. time: 0.002237617879611514 seconds
Evaluating on validation set ...
Validation runtime: 0.0 hours, 0.0 minutes, 0.21067500114440918 seconds

Avg val. time: 0.0 hours, 0.0 minutes, 0.2187350273132324 seconds
Avg batch val. time: 0.0546837568283081 seconds
Avg sample val. time: 0.00106700013323528 seconds
Epoch 26 Validation Summary: epoch: 26.000000 | loss: 0.524181 | accuracy: 0.765854 | precision: 0.751923 | AUROC: 0.757942 | AUPRC: 0.526934 | 
Epoch 27 Training Summary: epoch: 27.000000 | loss: 0.262197 | 
Epoch runtime: 0.0 hours, 0.0 minutes, 0.486541748046875 seconds

Avg epoch train. time: 0.0 hours, 0.0 minutes, 0.4575876659817166 seconds
Avg batch train. time: 0.11439691649542914 seconds
Avg sample train. time: 0.0022430767940280222 seconds
Epoch 28 Training Summary: epoch: 28.000000 | loss: 0.247545 | 
Epoch runtime: 0.0 hours, 0.0 minutes, 0.4369490146636963 seconds

Avg epoch train. time: 0.0 hours, 0.0 minutes, 0.4568505712917873 seconds
Avg batch train. time: 0.11421264282294682 seconds
Avg sample train. time: 0.0022394635847636634 seconds
Evaluating on validation set ...
Validation runtime: 0.0 hours, 0.0 minutes, 0.21397829055786133 seconds

Avg val. time: 0.0 hours, 0.0 minutes, 0.21843773126602173 seconds
Avg batch val. time: 0.05460943281650543 seconds
Avg sample val. time: 0.0010655499086147401 seconds
Epoch 28 Validation Summary: epoch: 28.000000 | loss: 0.523409 | accuracy: 0.741463 | precision: 0.721737 | AUROC: 0.747155 | AUPRC: 0.541601 | 
Epoch 29 Training Summary: epoch: 29.000000 | loss: 0.238799 | 
Epoch runtime: 0.0 hours, 0.0 minutes, 0.4721403121948242 seconds

Avg epoch train. time: 0.0 hours, 0.0 minutes, 0.4573778037367196 seconds
Avg batch train. time: 0.1143444509341799 seconds
Avg sample train. time: 0.0022420480575329393 seconds
Epoch 30 Training Summary: epoch: 30.000000 | loss: 0.219266 | 
Epoch runtime: 0.0 hours, 0.0 minutes, 0.45305728912353516 seconds

Avg epoch train. time: 0.0 hours, 0.0 minutes, 0.4572337865829468 seconds
Avg batch train. time: 0.1143084466457367 seconds
Avg sample train. time: 0.002241342091092876 seconds
Evaluating on validation set ...
Validation runtime: 0.0 hours, 0.0 minutes, 0.22042274475097656 seconds

Avg val. time: 0.0 hours, 0.0 minutes, 0.21855449676513672 seconds
Avg batch val. time: 0.05463862419128418 seconds
Avg sample val. time: 0.0010661194964153011 seconds
Epoch 30 Validation Summary: epoch: 30.000000 | loss: 0.537712 | accuracy: 0.765854 | precision: 0.748683 | AUROC: 0.726174 | AUPRC: 0.498703 | 
Epoch 31 Training Summary: epoch: 31.000000 | loss: 0.201444 | 
Epoch runtime: 0.0 hours, 0.0 minutes, 0.46524524688720703 seconds

Avg epoch train. time: 0.0 hours, 0.0 minutes, 0.45749222078631 seconds
Avg batch train. time: 0.1143730551965775 seconds
Avg sample train. time: 0.0022426089254230885 seconds
Epoch 32 Training Summary: epoch: 32.000000 | loss: 0.193725 | 
Epoch runtime: 0.0 hours, 0.0 minutes, 0.48545241355895996 seconds

Avg epoch train. time: 0.0 hours, 0.0 minutes, 0.4583659768104553 seconds
Avg batch train. time: 0.11459149420261383 seconds
Avg sample train. time: 0.0022468920431885065 seconds
Evaluating on validation set ...
Validation runtime: 0.0 hours, 0.0 minutes, 0.21665048599243164 seconds

Avg val. time: 0.0 hours, 0.0 minutes, 0.21844871838887533 seconds
Avg batch val. time: 0.054612179597218834 seconds
Avg sample val. time: 0.0010656035043359773 seconds
Epoch 32 Validation Summary: epoch: 32.000000 | loss: 0.568206 | accuracy: 0.751220 | precision: 0.738351 | AUROC: 0.733167 | AUPRC: 0.497759 | 
Epoch 33 Training Summary: epoch: 33.000000 | loss: 0.175481 | 
Epoch runtime: 0.0 hours, 0.0 minutes, 0.4401273727416992 seconds

Avg epoch train. time: 0.0 hours, 0.0 minutes, 0.4578132918386748 seconds
Avg batch train. time: 0.1144533229596687 seconds
Avg sample train. time: 0.002244182803130759 seconds
Epoch 34 Training Summary: epoch: 34.000000 | loss: 0.206894 | 
Epoch runtime: 0.0 hours, 0.0 minutes, 0.47049903869628906 seconds

Avg epoch train. time: 0.0 hours, 0.0 minutes, 0.45818640204036937 seconds
Avg batch train. time: 0.11454660051009234 seconds
Avg sample train. time: 0.002246011774707693 seconds
Evaluating on validation set ...
Validation runtime: 0.0 hours, 0.0 minutes, 0.1902937889099121 seconds

Avg val. time: 0.0 hours, 0.0 minutes, 0.2169668799952457 seconds
Avg batch val. time: 0.05424171999881142 seconds
Avg sample val. time: 0.001058375024367052 seconds
Epoch 34 Validation Summary: epoch: 34.000000 | loss: 0.559221 | accuracy: 0.751220 | precision: 0.738351 | AUROC: 0.728070 | AUPRC: 0.514023 | 
Epoch 35 Training Summary: epoch: 35.000000 | loss: 0.168493 | 
Epoch runtime: 0.0 hours, 0.0 minutes, 0.4728083610534668 seconds

Avg epoch train. time: 0.0 hours, 0.0 minutes, 0.4586041722978864 seconds
Avg batch train. time: 0.1146510430744716 seconds
Avg sample train. time: 0.0022480596681268943 seconds
Epoch 36 Training Summary: epoch: 36.000000 | loss: 0.180945 | 
Epoch runtime: 0.0 hours, 0.0 minutes, 0.451141357421875 seconds

Avg epoch train. time: 0.0 hours, 0.0 minutes, 0.4583968718846639 seconds
Avg batch train. time: 0.11459921797116597 seconds
Avg sample train. time: 0.002247043489630705 seconds
Evaluating on validation set ...
Validation runtime: 0.0 hours, 0.0 minutes, 0.20473337173461914 seconds

Avg val. time: 0.0 hours, 0.0 minutes, 0.21635520458221436 seconds
Avg batch val. time: 0.05408880114555359 seconds
Avg sample val. time: 0.0010553912418644602 seconds
Epoch 36 Validation Summary: epoch: 36.000000 | loss: 0.615158 | accuracy: 0.746341 | precision: 0.720866 | AUROC: 0.666074 | AUPRC: 0.441278 | 
Epoch 37 Training Summary: epoch: 37.000000 | loss: 0.167977 | 
Epoch runtime: 0.0 hours, 0.0 minutes, 0.46631550788879395 seconds

Avg epoch train. time: 0.0 hours, 0.0 minutes, 0.4586108890739647 seconds
Avg batch train. time: 0.11465272226849117 seconds
Avg sample train. time: 0.002248092593499827 seconds
Epoch 38 Training Summary: epoch: 38.000000 | loss: 0.165096 | 
Epoch runtime: 0.0 hours, 0.0 minutes, 0.45858144760131836 seconds

Avg epoch train. time: 0.0 hours, 0.0 minutes, 0.45861011429836873 seconds
Avg batch train. time: 0.11465252857459218 seconds
Avg sample train. time: 0.002248088795580239 seconds
Evaluating on validation set ...
Validation runtime: 0.0 hours, 0.0 minutes, 0.21190786361694336 seconds

Avg val. time: 0.0 hours, 0.0 minutes, 0.21614342644101098 seconds
Avg batch val. time: 0.054035856610252744 seconds
Avg sample val. time: 0.0010543581777610292 seconds
Epoch 38 Validation Summary: epoch: 38.000000 | loss: 0.654470 | accuracy: 0.707317 | precision: 0.689268 | AUROC: 0.661569 | AUPRC: 0.434154 | 
Epoch 39 Training Summary: epoch: 39.000000 | loss: 0.149934 | 
Epoch runtime: 0.0 hours, 0.0 minutes, 0.46536898612976074 seconds

Avg epoch train. time: 0.0 hours, 0.0 minutes, 0.4587834187043019 seconds
Avg batch train. time: 0.11469585467607547 seconds
Avg sample train. time: 0.002248938326981872 seconds
Epoch 40 Training Summary: epoch: 40.000000 | loss: 0.150272 | 
Epoch runtime: 0.0 hours, 0.0 minutes, 0.47375035285949707 seconds

Avg epoch train. time: 0.0 hours, 0.0 minutes, 0.45915759205818174 seconds
Avg batch train. time: 0.11478939801454544 seconds
Avg sample train. time: 0.002250772510089126 seconds
Evaluating on validation set ...
Validation runtime: 0.0 hours, 0.0 minutes, 0.20919442176818848 seconds

Avg val. time: 0.0 hours, 0.0 minutes, 0.2158275625922463 seconds
Avg batch val. time: 0.05395689064806158 seconds
Avg sample val. time: 0.0010528173784987624 seconds
Epoch 40 Validation Summary: epoch: 40.000000 | loss: 0.648478 | accuracy: 0.731707 | precision: 0.714833 | AUROC: 0.697250 | AUPRC: 0.466308 | 
Epoch 41 Training Summary: epoch: 41.000000 | loss: 0.159461 | 
Epoch runtime: 0.0 hours, 0.0 minutes, 0.43620896339416504 seconds

Avg epoch train. time: 0.0 hours, 0.0 minutes, 0.45859786940783986 seconds
Avg batch train. time: 0.11464946735195997 seconds
Avg sample train. time: 0.002248028771607058 seconds
Epoch 42 Training Summary: epoch: 42.000000 | loss: 0.137360 | 
Epoch runtime: 0.0 hours, 0.0 minutes, 0.4608442783355713 seconds

Avg epoch train. time: 0.0 hours, 0.0 minutes, 0.45865135533469065 seconds
Avg batch train. time: 0.11466283883367266 seconds
Avg sample train. time: 0.002248290957522993 seconds
Evaluating on validation set ...
Validation runtime: 0.0 hours, 0.0 minutes, 0.2126772403717041 seconds

Avg val. time: 0.0 hours, 0.0 minutes, 0.2156905920609184 seconds
Avg batch val. time: 0.0539226480152296 seconds
Avg sample val. time: 0.0010521492295654557 seconds
Epoch 42 Validation Summary: epoch: 42.000000 | loss: 0.654605 | accuracy: 0.707317 | precision: 0.698094 | AUROC: 0.666430 | AUPRC: 0.447005 | 
Epoch 43 Training Summary: epoch: 43.000000 | loss: 0.126396 | 
Epoch runtime: 0.0 hours, 0.0 minutes, 0.4651522636413574 seconds

Avg epoch train. time: 0.0 hours, 0.0 minutes, 0.45880253924879916 seconds
Avg batch train. time: 0.11470063481219979 seconds
Avg sample train. time: 0.002249032055141172 seconds
Epoch 44 Training Summary: epoch: 44.000000 | loss: 0.117461 | 
Epoch runtime: 0.0 hours, 0.0 minutes, 0.48894596099853516 seconds

Avg epoch train. time: 0.0 hours, 0.0 minutes, 0.4594876170158386 seconds
Avg batch train. time: 0.11487190425395966 seconds
Avg sample train. time: 0.002252390279489405 seconds
Evaluating on validation set ...
Validation runtime: 0.0 hours, 0.0 minutes, 0.1992952823638916 seconds

Avg val. time: 0.0 hours, 0.0 minutes, 0.2150074541568756 seconds
Avg batch val. time: 0.0537518635392189 seconds
Avg sample val. time: 0.0010488168495457347 seconds
Epoch 44 Validation Summary: epoch: 44.000000 | loss: 0.697705 | accuracy: 0.736585 | precision: 0.721341 | AUROC: 0.677454 | AUPRC: 0.453975 | 
Epoch 45 Training Summary: epoch: 45.000000 | loss: 0.096121 | 
Epoch runtime: 0.0 hours, 0.0 minutes, 0.4639012813568115 seconds

Avg epoch train. time: 0.0 hours, 0.0 minutes, 0.459585698445638 seconds
Avg batch train. time: 0.1148964246114095 seconds
Avg sample train. time: 0.002252871070811951 seconds
Epoch 46 Training Summary: epoch: 46.000000 | loss: 0.118558 | 
Epoch runtime: 0.0 hours, 0.0 minutes, 0.4512662887573242 seconds

Avg epoch train. time: 0.0 hours, 0.0 minutes, 0.4594048417132834 seconds
Avg batch train. time: 0.11485121042832085 seconds
Avg sample train. time: 0.0022519845182023697 seconds
Evaluating on validation set ...
Validation runtime: 0.0 hours, 0.0 minutes, 0.20563364028930664 seconds

Avg val. time: 0.0 hours, 0.0 minutes, 0.21463250160217284 seconds
Avg batch val. time: 0.05365812540054321 seconds
Avg sample val. time: 0.001046987812693526 seconds
Epoch 46 Validation Summary: epoch: 46.000000 | loss: 0.760667 | accuracy: 0.682927 | precision: 0.691579 | AUROC: 0.656235 | AUPRC: 0.438144 | 
Epoch 47 Training Summary: epoch: 47.000000 | loss: 0.090741 | 
Epoch runtime: 0.0 hours, 0.0 minutes, 0.4549379348754883 seconds

Avg epoch train. time: 0.0 hours, 0.0 minutes, 0.45930980114226644 seconds
Avg batch train. time: 0.11482745028556661 seconds
Avg sample train. time: 0.002251518633050326 seconds
Epoch 48 Training Summary: epoch: 48.000000 | loss: 0.114624 | 
Epoch runtime: 0.0 hours, 0.0 minutes, 0.46909189224243164 seconds

Avg epoch train. time: 0.0 hours, 0.0 minutes, 0.4595135947068532 seconds
Avg batch train. time: 0.1148783986767133 seconds
Avg sample train. time: 0.0022525176211120254 seconds
Evaluating on validation set ...
Validation runtime: 0.0 hours, 0.0 minutes, 0.2107396125793457 seconds

Avg val. time: 0.0 hours, 0.0 minutes, 0.21448277510129488 seconds
Avg batch val. time: 0.05362069377532372 seconds
Avg sample val. time: 0.0010462574395185115 seconds
Epoch 48 Validation Summary: epoch: 48.000000 | loss: 0.794419 | accuracy: 0.736585 | precision: 0.721341 | AUROC: 0.664414 | AUPRC: 0.431856 | 
Epoch 49 Training Summary: epoch: 49.000000 | loss: 0.085221 | 
Epoch runtime: 0.0 hours, 0.0 minutes, 0.45943784713745117 seconds

Avg epoch train. time: 0.0 hours, 0.0 minutes, 0.45951204883808994 seconds
Avg batch train. time: 0.11487801220952248 seconds
Avg sample train. time: 0.0022525100433239704 seconds
Epoch 50 Training Summary: epoch: 50.000000 | loss: 0.078970 | 
Epoch runtime: 0.0 hours, 0.0 minutes, 0.47806596755981445 seconds

Avg epoch train. time: 0.0 hours, 0.0 minutes, 0.4598831272125244 seconds
Avg batch train. time: 0.1149707818031311 seconds
Avg sample train. time: 0.002254329054963355 seconds
Evaluating on validation set ...
Validation runtime: 0.0 hours, 0.0 minutes, 0.22710084915161133 seconds

Avg val. time: 0.0 hours, 0.0 minutes, 0.21495011117723253 seconds
Avg batch val. time: 0.05373752779430813 seconds
Avg sample val. time: 0.0010485371276938173 seconds
Epoch 50 Validation Summary: epoch: 50.000000 | loss: 0.850536 | accuracy: 0.658537 | precision: 0.662217 | AUROC: 0.606804 | AUPRC: 0.386119 | 
Epoch 51 Training Summary: epoch: 51.000000 | loss: 0.073992 | 
Epoch runtime: 0.0 hours, 0.0 minutes, 0.4483518600463867 seconds

Avg epoch train. time: 0.0 hours, 0.0 minutes, 0.459657023934757 seconds
Avg batch train. time: 0.11491425598368925 seconds
Avg sample train. time: 0.0022532207055625344 seconds
Epoch 52 Training Summary: epoch: 52.000000 | loss: 0.070068 | 
Epoch runtime: 0.0 hours, 0.0 minutes, 0.4716482162475586 seconds

Avg epoch train. time: 0.0 hours, 0.0 minutes, 0.45988762378692627 seconds
Avg batch train. time: 0.11497190594673157 seconds
Avg sample train. time: 0.002254351096994737 seconds
Evaluating on validation set ...
Validation runtime: 0.0 hours, 0.0 minutes, 0.19028139114379883 seconds

Avg val. time: 0.0 hours, 0.0 minutes, 0.21406908546175277 seconds
Avg batch val. time: 0.05351727136543819 seconds
Avg sample val. time: 0.0010442394412768427 seconds
Epoch 52 Validation Summary: epoch: 52.000000 | loss: 0.891031 | accuracy: 0.702439 | precision: 0.694566 | AUROC: 0.657183 | AUPRC: 0.413417 | 
Epoch 53 Training Summary: epoch: 53.000000 | loss: 0.069524 | 
Epoch runtime: 0.0 hours, 0.0 minutes, 0.4685344696044922 seconds

Avg epoch train. time: 0.0 hours, 0.0 minutes, 0.46005077182121995 seconds
Avg batch train. time: 0.11501269295530499 seconds
Avg sample train. time: 0.002255150842260882 seconds
Epoch 54 Training Summary: epoch: 54.000000 | loss: 0.055291 | 
Epoch runtime: 0.0 hours, 0.0 minutes, 0.4687666893005371 seconds

Avg epoch train. time: 0.0 hours, 0.0 minutes, 0.4602121777004666 seconds
Avg batch train. time: 0.11505304442511664 seconds
Avg sample train. time: 0.0022559420475513066 seconds
Evaluating on validation set ...
Validation runtime: 0.0 hours, 0.0 minutes, 0.20285773277282715 seconds

Avg val. time: 0.0 hours, 0.0 minutes, 0.21368248709316912 seconds
Avg batch val. time: 0.05342062177329228 seconds
Avg sample val. time: 0.0010423535955764347 seconds
Epoch 54 Validation Summary: epoch: 54.000000 | loss: 0.887724 | accuracy: 0.678049 | precision: 0.678049 | AUROC: 0.651375 | AUPRC: 0.425462 | 
Epoch 55 Training Summary: epoch: 55.000000 | loss: 0.061674 | 
Epoch runtime: 0.0 hours, 0.0 minutes, 0.4942128658294678 seconds

Avg epoch train. time: 0.0 hours, 0.0 minutes, 0.46083037203008476 seconds
Avg batch train. time: 0.11520759300752119 seconds
Avg sample train. time: 0.0022589724119121803 seconds
Epoch 56 Training Summary: epoch: 56.000000 | loss: 0.051045 | 
Epoch runtime: 0.0 hours, 0.0 minutes, 0.438098669052124 seconds

Avg epoch train. time: 0.0 hours, 0.0 minutes, 0.4604244487626212 seconds
Avg batch train. time: 0.1151061121906553 seconds
Avg sample train. time: 0.002256982591973633 seconds
Evaluating on validation set ...
Validation runtime: 0.0 hours, 0.0 minutes, 0.2111964225769043 seconds

Avg val. time: 0.0 hours, 0.0 minutes, 0.21359961827596027 seconds
Avg batch val. time: 0.05339990456899007 seconds
Avg sample val. time: 0.0010419493574437087 seconds
Epoch 56 Validation Summary: epoch: 56.000000 | loss: 0.957287 | accuracy: 0.702439 | precision: 0.694566 | AUROC: 0.668682 | AUPRC: 0.450534 | 
Epoch 57 Training Summary: epoch: 57.000000 | loss: 0.045719 | 
Epoch runtime: 0.0 hours, 0.0 minutes, 0.47127223014831543 seconds

Avg epoch train. time: 0.0 hours, 0.0 minutes, 0.46061476071675617 seconds
Avg batch train. time: 0.11515369017918904 seconds
Avg sample train. time: 0.002257915493709589 seconds
Epoch 58 Training Summary: epoch: 58.000000 | loss: 0.054601 | 
Epoch runtime: 0.0 hours, 0.0 minutes, 0.4805748462677002 seconds

Avg epoch train. time: 0.0 hours, 0.0 minutes, 0.46095890012280694 seconds
Avg batch train. time: 0.11523972503070173 seconds
Avg sample train. time: 0.002259602451582387 seconds
Evaluating on validation set ...
Validation runtime: 0.0 hours, 0.0 minutes, 0.21842169761657715 seconds

Avg val. time: 0.0 hours, 0.0 minutes, 0.2137551692224318 seconds
Avg batch val. time: 0.05343879230560795 seconds
Avg sample val. time: 0.0010427081425484477 seconds
Epoch 58 Validation Summary: epoch: 58.000000 | loss: 1.042177 | accuracy: 0.614634 | precision: 0.644793 | AUROC: 0.633120 | AUPRC: 0.428293 | 
Epoch 59 Training Summary: epoch: 59.000000 | loss: 0.063856 | 
Epoch runtime: 0.0 hours, 0.0 minutes, 0.4558408260345459 seconds

Avg epoch train. time: 0.0 hours, 0.0 minutes, 0.46087215310436186 seconds
Avg batch train. time: 0.11521803827609046 seconds
Avg sample train. time: 0.002259177221099813 seconds
Epoch 60 Training Summary: epoch: 60.000000 | loss: 0.047177 | 
Epoch runtime: 0.0 hours, 0.0 minutes, 0.4938826560974121 seconds

Avg epoch train. time: 0.0 hours, 0.0 minutes, 0.461422328154246 seconds
Avg batch train. time: 0.1153555820385615 seconds
Avg sample train. time: 0.002261874157618853 seconds
Evaluating on validation set ...
Validation runtime: 0.0 hours, 0.0 minutes, 0.218245267868042 seconds

Avg val. time: 0.0 hours, 0.0 minutes, 0.21389548480510712 seconds
Avg batch val. time: 0.05347387120127678 seconds
Avg sample val. time: 0.0010433926088054006 seconds
Epoch 60 Validation Summary: epoch: 60.000000 | loss: 1.080854 | accuracy: 0.653659 | precision: 0.666717 | AUROC: 0.607397 | AUPRC: 0.394211 | 
Epoch 61 Training Summary: epoch: 61.000000 | loss: 0.044676 | 
Epoch runtime: 0.0 hours, 0.0 minutes, 0.4836466312408447 seconds

Avg epoch train. time: 0.0 hours, 0.0 minutes, 0.4617866609917312 seconds
Avg batch train. time: 0.1154466652479328 seconds
Avg sample train. time: 0.002263660102900643 seconds
Epoch 62 Training Summary: epoch: 62.000000 | loss: 0.069820 | 
Epoch runtime: 0.0 hours, 0.0 minutes, 0.46185922622680664 seconds

Avg epoch train. time: 0.0 hours, 0.0 minutes, 0.46178783139874857 seconds
Avg batch train. time: 0.11544695784968714 seconds
Avg sample train. time: 0.002263665840189944 seconds
Evaluating on validation set ...
Validation runtime: 0.0 hours, 0.0 minutes, 0.21680831909179688 seconds

Avg val. time: 0.0 hours, 0.0 minutes, 0.21398375251076437 seconds
Avg batch val. time: 0.053495938127691094 seconds
Avg sample val. time: 0.0010438231829793384 seconds
Epoch 62 Validation Summary: epoch: 62.000000 | loss: 1.119211 | accuracy: 0.721951 | precision: 0.704030 | AUROC: 0.609768 | AUPRC: 0.414803 | 
Epoch 63 Training Summary: epoch: 63.000000 | loss: 0.055897 | 
Epoch runtime: 0.0 hours, 0.0 minutes, 0.4842336177825928 seconds

Avg epoch train. time: 0.0 hours, 0.0 minutes, 0.4621441137223017 seconds
Avg batch train. time: 0.11553602843057542 seconds
Avg sample train. time: 0.0022654123221681455 seconds
Epoch 64 Training Summary: epoch: 64.000000 | loss: 0.028913 | 
Epoch runtime: 0.0 hours, 0.0 minutes, 0.46531152725219727 seconds

Avg epoch train. time: 0.0 hours, 0.0 minutes, 0.4621936045587063 seconds
Avg batch train. time: 0.11554840113967657 seconds
Avg sample train. time: 0.002265654924307384 seconds
Evaluating on validation set ...
Validation runtime: 0.0 hours, 0.0 minutes, 0.22658205032348633 seconds

Avg val. time: 0.0 hours, 0.0 minutes, 0.2143542906817268 seconds
Avg batch val. time: 0.0535885726704317 seconds
Avg sample val. time: 0.0010456306862523259 seconds
Epoch 64 Validation Summary: epoch: 64.000000 | loss: 1.071864 | accuracy: 0.648780 | precision: 0.660097 | AUROC: 0.633950 | AUPRC: 0.435302 | 
Epoch 65 Training Summary: epoch: 65.000000 | loss: 0.032234 | 
Epoch runtime: 0.0 hours, 0.0 minutes, 0.4615926742553711 seconds

Avg epoch train. time: 0.0 hours, 0.0 minutes, 0.4621843594771165 seconds
Avg batch train. time: 0.11554608986927913 seconds
Avg sample train. time: 0.002265609605279983 seconds
Epoch 66 Training Summary: epoch: 66.000000 | loss: 0.035918 | 
Epoch runtime: 0.0 hours, 0.0 minutes, 0.48192667961120605 seconds

Avg epoch train. time: 0.0 hours, 0.0 minutes, 0.4624834855397542 seconds
Avg batch train. time: 0.11562087138493855 seconds
Avg sample train. time: 0.002267075909508599 seconds
Evaluating on validation set ...
Validation runtime: 0.0 hours, 0.0 minutes, 0.22381162643432617 seconds

Avg val. time: 0.0 hours, 0.0 minutes, 0.2146245002746582 seconds
Avg batch val. time: 0.05365612506866455 seconds
Avg sample val. time: 0.001046948781827601 seconds
Epoch 66 Validation Summary: epoch: 66.000000 | loss: 1.106487 | accuracy: 0.639024 | precision: 0.666057 | AUROC: 0.654694 | AUPRC: 0.450156 | 
Epoch 67 Training Summary: epoch: 67.000000 | loss: 0.034279 | 
Epoch runtime: 0.0 hours, 0.0 minutes, 0.4618709087371826 seconds

Avg epoch train. time: 0.0 hours, 0.0 minutes, 0.46247434260240244 seconds
Avg batch train. time: 0.11561858565060061 seconds
Avg sample train. time: 0.002267031091188247 seconds
Epoch 68 Training Summary: epoch: 68.000000 | loss: 0.025171 | 
Epoch runtime: 0.0 hours, 0.0 minutes, 0.4985213279724121 seconds

Avg epoch train. time: 0.0 hours, 0.0 minutes, 0.463004445328432 seconds
Avg batch train. time: 0.115751111332108 seconds
Avg sample train. time: 0.0022696296339629017 seconds
Evaluating on validation set ...
Validation runtime: 0.0 hours, 0.0 minutes, 0.19996953010559082 seconds

Avg val. time: 0.0 hours, 0.0 minutes, 0.2142174177699619 seconds
Avg batch val. time: 0.05355435444249047 seconds
Avg sample val. time: 0.0010449630135120093 seconds
Epoch 68 Validation Summary: epoch: 68.000000 | loss: 1.100664 | accuracy: 0.658537 | precision: 0.665900 | AUROC: 0.647700 | AUPRC: 0.436828 | 
Epoch 69 Training Summary: epoch: 69.000000 | loss: 0.030531 | 
Epoch runtime: 0.0 hours, 0.0 minutes, 0.4832024574279785 seconds

Avg epoch train. time: 0.0 hours, 0.0 minutes, 0.4632971701414689 seconds
Avg batch train. time: 0.11582429253536722 seconds
Avg sample train. time: 0.002271064559517004 seconds
Epoch 70 Training Summary: epoch: 70.000000 | loss: 0.025471 | 
Epoch runtime: 0.0 hours, 0.0 minutes, 0.4589667320251465 seconds

Avg epoch train. time: 0.0 hours, 0.0 minutes, 0.4632353067398071 seconds
Avg batch train. time: 0.11580882668495178 seconds
Avg sample train. time: 0.0022707613075480743 seconds
Evaluating on validation set ...
Validation runtime: 0.0 hours, 0.0 minutes, 0.21616864204406738 seconds

Avg val. time: 0.0 hours, 0.0 minutes, 0.21427015356115392 seconds
Avg batch val. time: 0.05356753839028848 seconds
Avg sample val. time: 0.0010452202612739215 seconds
Epoch 70 Validation Summary: epoch: 70.000000 | loss: 1.109953 | accuracy: 0.609756 | precision: 0.658478 | AUROC: 0.630749 | AUPRC: 0.428236 | 
Epoch 71 Training Summary: epoch: 71.000000 | loss: 0.025836 | 
Epoch runtime: 0.0 hours, 0.0 minutes, 0.4782145023345947 seconds

Avg epoch train. time: 0.0 hours, 0.0 minutes, 0.4634462813256492 seconds
Avg batch train. time: 0.1158615703314123 seconds
Avg sample train. time: 0.002271795496694359 seconds
Epoch 72 Training Summary: epoch: 72.000000 | loss: 0.033113 | 
Epoch runtime: 0.0 hours, 0.0 minutes, 0.46272993087768555 seconds

Avg epoch train. time: 0.0 hours, 0.0 minutes, 0.4634363320138719 seconds
Avg batch train. time: 0.11585908300346798 seconds
Avg sample train. time: 0.002271746725558196 seconds
Evaluating on validation set ...
Validation runtime: 0.0 hours, 0.0 minutes, 0.22423911094665527 seconds

Avg val. time: 0.0 hours, 0.0 minutes, 0.2145324945449829 seconds
Avg batch val. time: 0.05363312363624573 seconds
Avg sample val. time: 0.0010464999733901606 seconds
Epoch 72 Validation Summary: epoch: 72.000000 | loss: 1.191872 | accuracy: 0.658537 | precision: 0.673310 | AUROC: 0.676980 | AUPRC: 0.468652 | 
Epoch 73 Training Summary: epoch: 73.000000 | loss: 0.015676 | 
Epoch runtime: 0.0 hours, 0.0 minutes, 0.4618949890136719 seconds

Avg epoch train. time: 0.0 hours, 0.0 minutes, 0.463415217726198 seconds
Avg batch train. time: 0.1158538044315495 seconds
Avg sample train. time: 0.0022716432241480294 seconds
Epoch 74 Training Summary: epoch: 74.000000 | loss: 0.015177 | 
Epoch runtime: 0.0 hours, 0.0 minutes, 0.4955589771270752 seconds

Avg epoch train. time: 0.0 hours, 0.0 minutes, 0.46384959285323685 seconds
Avg batch train. time: 0.11596239821330921 seconds
Avg sample train. time: 0.0022737725139864553 seconds
Evaluating on validation set ...
Validation runtime: 0.0 hours, 0.0 minutes, 0.22652196884155273 seconds

Avg val. time: 0.0 hours, 0.0 minutes, 0.21483991696284369 seconds
Avg batch val. time: 0.05370997924071092 seconds
Avg sample val. time: 0.0010479995949407009 seconds
Epoch 74 Validation Summary: epoch: 74.000000 | loss: 1.111345 | accuracy: 0.663415 | precision: 0.679882 | AUROC: 0.662873 | AUPRC: 0.452680 | 
Epoch 75 Training Summary: epoch: 75.000000 | loss: 0.013293 | 
Epoch runtime: 0.0 hours, 0.0 minutes, 0.47925567626953125 seconds

Avg epoch train. time: 0.0 hours, 0.0 minutes, 0.46405500729878746 seconds
Avg batch train. time: 0.11601375182469686 seconds
Avg sample train. time: 0.0022747794475430757 seconds
Epoch 76 Training Summary: epoch: 76.000000 | loss: 0.012362 | 
Epoch runtime: 0.0 hours, 0.0 minutes, 0.5014088153839111 seconds

Avg epoch train. time: 0.0 hours, 0.0 minutes, 0.4645465047735917 seconds
Avg batch train. time: 0.11613662619339793 seconds
Avg sample train. time: 0.0022771887488901555 seconds
Evaluating on validation set ...
Validation runtime: 0.0 hours, 0.0 minutes, 0.2114403247833252 seconds

Avg val. time: 0.0 hours, 0.0 minutes, 0.2147549271583557 seconds
Avg batch val. time: 0.053688731789588925 seconds
Avg sample val. time: 0.0010475850105285643 seconds
Epoch 76 Validation Summary: epoch: 76.000000 | loss: 1.103662 | accuracy: 0.624390 | precision: 0.654083 | AUROC: 0.643551 | AUPRC: 0.438134 | 
Epoch 77 Training Summary: epoch: 77.000000 | loss: 0.013522 | 
Epoch runtime: 0.0 hours, 0.0 minutes, 0.48242616653442383 seconds

Avg epoch train. time: 0.0 hours, 0.0 minutes, 0.46477870817308303 seconds
Avg batch train. time: 0.11619467704327076 seconds
Avg sample train. time: 0.0022783270008484464 seconds
Epoch 78 Training Summary: epoch: 78.000000 | loss: 0.015478 | 
Epoch runtime: 0.0 hours, 0.0 minutes, 0.4493367671966553 seconds

Avg epoch train. time: 0.0 hours, 0.0 minutes, 0.4645807345708211 seconds
Avg batch train. time: 0.11614518364270528 seconds
Avg sample train. time: 0.002277356542013829 seconds
Evaluating on validation set ...
Validation runtime: 0.0 hours, 0.0 minutes, 0.21501517295837402 seconds

Avg val. time: 0.0 hours, 0.0 minutes, 0.21476127461689273 seconds
Avg batch val. time: 0.05369031865422318 seconds
Avg sample val. time: 0.00104761597374094 seconds
Epoch 78 Validation Summary: epoch: 78.000000 | loss: 1.134129 | accuracy: 0.648780 | precision: 0.667673 | AUROC: 0.651257 | AUPRC: 0.455070 | 
Epoch 79 Training Summary: epoch: 79.000000 | loss: 0.010594 | 
Epoch runtime: 0.0 hours, 0.0 minutes, 0.5068678855895996 seconds

Avg epoch train. time: 0.0 hours, 0.0 minutes, 0.4651160149634639 seconds
Avg batch train. time: 0.11627900374086597 seconds
Avg sample train. time: 0.002279980465507176 seconds
Epoch 80 Training Summary: epoch: 80.000000 | loss: 0.010132 | 
Epoch runtime: 0.0 hours, 0.0 minutes, 0.4770090579986572 seconds

Avg epoch train. time: 0.0 hours, 0.0 minutes, 0.4652646780014038 seconds
Avg batch train. time: 0.11631616950035095 seconds
Avg sample train. time: 0.002280709205889234 seconds
Evaluating on validation set ...
Validation runtime: 0.0 hours, 0.0 minutes, 0.21986842155456543 seconds

Avg val. time: 0.0 hours, 0.0 minutes, 0.214882873353504 seconds
Avg batch val. time: 0.053720718338376 seconds
Avg sample val. time: 0.0010482091383097756 seconds
Epoch 80 Validation Summary: epoch: 80.000000 | loss: 1.157332 | accuracy: 0.658537 | precision: 0.673310 | AUROC: 0.658487 | AUPRC: 0.465414 | 
Epoch 81 Training Summary: epoch: 81.000000 | loss: 0.006785 | 
Epoch runtime: 0.0 hours, 0.0 minutes, 0.47834300994873047 seconds

Avg epoch train. time: 0.0 hours, 0.0 minutes, 0.4654261388896424 seconds
Avg batch train. time: 0.1163565347224106 seconds
Avg sample train. time: 0.0022815006808315805 seconds
Epoch 82 Training Summary: epoch: 82.000000 | loss: 0.012243 | 
Epoch runtime: 0.0 hours, 0.0 minutes, 0.4805126190185547 seconds

Avg epoch train. time: 0.0 hours, 0.0 minutes, 0.4656101203546291 seconds
Avg batch train. time: 0.11640253008865728 seconds
Avg sample train. time: 0.002282402550757986 seconds
Evaluating on validation set ...
Validation runtime: 0.0 hours, 0.0 minutes, 0.2222585678100586 seconds

Avg val. time: 0.0 hours, 0.0 minutes, 0.2150544011315634 seconds
Avg batch val. time: 0.05376360028289085 seconds
Avg sample val. time: 0.001049045859178358 seconds
Epoch 82 Validation Summary: epoch: 82.000000 | loss: 1.301411 | accuracy: 0.624390 | precision: 0.666158 | AUROC: 0.642840 | AUPRC: 0.423243 | 
Epoch 83 Training Summary: epoch: 83.000000 | loss: 0.020646 | 
Epoch runtime: 0.0 hours, 0.0 minutes, 0.4892292022705078 seconds

Avg epoch train. time: 0.0 hours, 0.0 minutes, 0.46589468760662767 seconds
Avg batch train. time: 0.11647367190165692 seconds
Avg sample train. time: 0.0022837974882677827 seconds
Epoch 84 Training Summary: epoch: 84.000000 | loss: 0.007874 | 
Epoch runtime: 0.0 hours, 0.0 minutes, 0.4988691806793213 seconds

Avg epoch train. time: 0.0 hours, 0.0 minutes, 0.46628724109558833 seconds
Avg batch train. time: 0.11657181027389708 seconds
Avg sample train. time: 0.0022857217700764133 seconds
Evaluating on validation set ...
Validation runtime: 0.0 hours, 0.0 minutes, 0.2045612335205078 seconds

Avg val. time: 0.0 hours, 0.0 minutes, 0.21481592004949396 seconds
Avg batch val. time: 0.05370398001237349 seconds
Avg sample val. time: 0.0010478825368267998 seconds
Epoch 84 Validation Summary: epoch: 84.000000 | loss: 1.199054 | accuracy: 0.634146 | precision: 0.663373 | AUROC: 0.673898 | AUPRC: 0.469621 | 
Epoch 85 Training Summary: epoch: 85.000000 | loss: 0.015009 | 
Epoch runtime: 0.0 hours, 0.0 minutes, 0.501147985458374 seconds

Avg epoch train. time: 0.0 hours, 0.0 minutes, 0.4666973674998564 seconds
Avg batch train. time: 0.1166743418749641 seconds
Avg sample train. time: 0.0022877321936267472 seconds
Epoch 86 Training Summary: epoch: 86.000000 | loss: 0.041464 | 
Epoch runtime: 0.0 hours, 0.0 minutes, 0.46517062187194824 seconds

Avg epoch train. time: 0.0 hours, 0.0 minutes, 0.46667961464371793 seconds
Avg batch train. time: 0.11666990366092948 seconds
Avg sample train. time: 0.002287645169822147 seconds
Evaluating on validation set ...
Validation runtime: 0.0 hours, 0.0 minutes, 0.23433256149291992 seconds

Avg val. time: 0.0 hours, 0.0 minutes, 0.2152496231926812 seconds
Avg batch val. time: 0.0538124057981703 seconds
Avg sample val. time: 0.001049998161915518 seconds
Epoch 86 Validation Summary: epoch: 86.000000 | loss: 1.286620 | accuracy: 0.609756 | precision: 0.658478 | AUROC: 0.632409 | AUPRC: 0.430347 | 
Epoch 87 Training Summary: epoch: 87.000000 | loss: 0.018554 | 
Epoch runtime: 0.0 hours, 0.0 minutes, 0.4961273670196533 seconds

Avg epoch train. time: 0.0 hours, 0.0 minutes, 0.467018094556085 seconds
Avg batch train. time: 0.11675452363902125 seconds
Avg sample train. time: 0.002289304385078848 seconds
Epoch 88 Training Summary: epoch: 88.000000 | loss: 0.007269 | 
Epoch runtime: 0.0 hours, 0.0 minutes, 0.4839198589324951 seconds

Avg epoch train. time: 0.0 hours, 0.0 minutes, 0.46721016006036237 seconds
Avg batch train. time: 0.11680254001509059 seconds
Avg sample train. time: 0.0022902458826488353 seconds
Evaluating on validation set ...
Validation runtime: 0.0 hours, 0.0 minutes, 0.22810101509094238 seconds

Avg val. time: 0.0 hours, 0.0 minutes, 0.21552900127742602 seconds
Avg batch val. time: 0.053882250319356506 seconds
Avg sample val. time: 0.0010513609818411027 seconds
Epoch 88 Validation Summary: epoch: 88.000000 | loss: 1.328120 | accuracy: 0.658537 | precision: 0.665900 | AUROC: 0.639877 | AUPRC: 0.418812 | 
Epoch 89 Training Summary: epoch: 89.000000 | loss: 0.006213 | 
Epoch runtime: 0.0 hours, 0.0 minutes, 0.4783287048339844 seconds

Avg epoch train. time: 0.0 hours, 0.0 minutes, 0.4673350875297289 seconds
Avg batch train. time: 0.11683377188243223 seconds
Avg sample train. time: 0.0022908582722045534 seconds
Epoch 90 Training Summary: epoch: 90.000000 | loss: 0.013595 | 
Epoch runtime: 0.0 hours, 0.0 minutes, 0.5055322647094727 seconds

Avg epoch train. time: 0.0 hours, 0.0 minutes, 0.46775950060950383 seconds
Avg batch train. time: 0.11693987515237596 seconds
Avg sample train. time: 0.00229293872847796 seconds
Evaluating on validation set ...
Validation runtime: 0.0 hours, 0.0 minutes, 0.22601795196533203 seconds

Avg val. time: 0.0 hours, 0.0 minutes, 0.21575217044099848 seconds
Avg batch val. time: 0.05393804261024962 seconds
Avg sample val. time: 0.0010524496119073098 seconds
Epoch 90 Validation Summary: epoch: 90.000000 | loss: 1.371053 | accuracy: 0.712195 | precision: 0.701709 | AUROC: 0.654576 | AUPRC: 0.446291 | 
Epoch 91 Training Summary: epoch: 91.000000 | loss: 0.016444 | 
Epoch runtime: 0.0 hours, 0.0 minutes, 0.4974792003631592 seconds

Avg epoch train. time: 0.0 hours, 0.0 minutes, 0.4680860907166869 seconds
Avg batch train. time: 0.11702152267917172 seconds
Avg sample train. time: 0.0022945396603759162 seconds
Epoch 92 Training Summary: epoch: 92.000000 | loss: 0.009022 | 
Epoch runtime: 0.0 hours, 0.0 minutes, 0.47678279876708984 seconds

Avg epoch train. time: 0.0 hours, 0.0 minutes, 0.46818062015201733 seconds
Avg batch train. time: 0.11704515503800433 seconds
Avg sample train. time: 0.002295003039960869 seconds
Evaluating on validation set ...
Validation runtime: 0.0 hours, 0.0 minutes, 0.2238762378692627 seconds

Avg val. time: 0.0 hours, 0.0 minutes, 0.215921421845754 seconds
Avg batch val. time: 0.0539803554614385 seconds
Avg sample val. time: 0.0010532752285158731 seconds
Epoch 92 Validation Summary: epoch: 92.000000 | loss: 1.311095 | accuracy: 0.600000 | precision: 0.653407 | AUROC: 0.615102 | AUPRC: 0.409074 | 
Epoch 93 Training Summary: epoch: 93.000000 | loss: 0.009608 | 
Epoch runtime: 0.0 hours, 0.0 minutes, 0.5119664669036865 seconds

Avg epoch train. time: 0.0 hours, 0.0 minutes, 0.4686514357084869 seconds
Avg batch train. time: 0.11716285892712172 seconds
Avg sample train. time: 0.0022973109593553277 seconds
Epoch 94 Training Summary: epoch: 94.000000 | loss: 0.006375 | 
Epoch runtime: 0.0 hours, 0.0 minutes, 0.4869649410247803 seconds

Avg epoch train. time: 0.0 hours, 0.0 minutes, 0.4688462602331283 seconds
Avg batch train. time: 0.11721156505828208 seconds
Avg sample train. time: 0.0022982659815349426 seconds
Evaluating on validation set ...
Validation runtime: 0.0 hours, 0.0 minutes, 0.23413872718811035 seconds

Avg val. time: 0.0 hours, 0.0 minutes, 0.21629320358743473 seconds
Avg batch val. time: 0.05407330089685868 seconds
Avg sample val. time: 0.0010550887979874865 seconds
Epoch 94 Validation Summary: epoch: 94.000000 | loss: 1.345500 | accuracy: 0.629268 | precision: 0.668744 | AUROC: 0.631579 | AUPRC: 0.416076 | 
Epoch 95 Training Summary: epoch: 95.000000 | loss: 0.005869 | 
Epoch runtime: 0.0 hours, 0.0 minutes, 0.4922332763671875 seconds

Avg epoch train. time: 0.0 hours, 0.0 minutes, 0.46909243935032896 seconds
Avg batch train. time: 0.11727310983758224 seconds
Avg sample train. time: 0.0022994727419133774 seconds
Epoch 96 Training Summary: epoch: 96.000000 | loss: 0.004112 | 
Epoch runtime: 0.0 hours, 0.0 minutes, 0.5049691200256348 seconds

Avg epoch train. time: 0.0 hours, 0.0 minutes, 0.46946615477403003 seconds
Avg batch train. time: 0.11736653869350751 seconds
Avg sample train. time: 0.0023013046802648532 seconds
Evaluating on validation set ...
Validation runtime: 0.0 hours, 0.0 minutes, 0.22754621505737305 seconds

Avg val. time: 0.0 hours, 0.0 minutes, 0.2165182638168335 seconds
Avg batch val. time: 0.054129565954208377 seconds
Avg sample val. time: 0.0010561866527650414 seconds
Epoch 96 Validation Summary: epoch: 96.000000 | loss: 1.333476 | accuracy: 0.663415 | precision: 0.679882 | AUROC: 0.654339 | AUPRC: 0.436863 | 
Epoch 97 Training Summary: epoch: 97.000000 | loss: 0.003665 | 
Epoch runtime: 0.0 hours, 0.0 minutes, 0.5008718967437744 seconds

Avg epoch train. time: 0.0 hours, 0.0 minutes, 0.4697899253098006 seconds
Avg batch train. time: 0.11744748132745016 seconds
Avg sample train. time: 0.0023028917907343166 seconds
Epoch 98 Training Summary: epoch: 98.000000 | loss: 0.004052 | 
Epoch runtime: 0.0 hours, 0.0 minutes, 0.505882740020752 seconds

Avg epoch train. time: 0.0 hours, 0.0 minutes, 0.4701582193374634 seconds
Avg batch train. time: 0.11753955483436584 seconds
Avg sample train. time: 0.0023046971536150166 seconds
Evaluating on validation set ...
Validation runtime: 0.0 hours, 0.0 minutes, 0.21464157104492188 seconds

Avg val. time: 0.0 hours, 0.0 minutes, 0.21648146591934503 seconds
Avg batch val. time: 0.05412036647983626 seconds
Avg sample val. time: 0.0010560071508260733 seconds
Epoch 98 Validation Summary: epoch: 98.000000 | loss: 1.297002 | accuracy: 0.663415 | precision: 0.687405 | AUROC: 0.655524 | AUPRC: 0.427938 | 
Epoch 99 Training Summary: epoch: 99.000000 | loss: 0.004368 | 
Epoch runtime: 0.0 hours, 0.0 minutes, 0.474323034286499 seconds

Avg epoch train. time: 0.0 hours, 0.0 minutes, 0.47020028817533244 seconds
Avg batch train. time: 0.11755007204383311 seconds
Avg sample train. time: 0.002304903373408492 seconds
Epoch 100 Training Summary: epoch: 100.000000 | loss: 0.003078 | 
Epoch runtime: 0.0 hours, 0.0 minutes, 0.6495792865753174 seconds

Avg epoch train. time: 0.0 hours, 0.0 minutes, 0.47199407815933225 seconds
Avg batch train. time: 0.11799851953983306 seconds
Avg sample train. time: 0.002313696461565354 seconds
Evaluating on validation set ...
Validation runtime: 0.0 hours, 0.0 minutes, 0.27338576316833496 seconds

Avg val. time: 0.0 hours, 0.0 minutes, 0.21757577932797945 seconds
Avg batch val. time: 0.05439394483199486 seconds
Avg sample val. time: 0.001061345265014534 seconds
Epoch 100 Validation Summary: epoch: 100.000000 | loss: 1.325492 | accuracy: 0.629268 | precision: 0.664705 | AUROC: 0.645211 | AUPRC: 0.411645 | 
Epoch 101 Training Summary: epoch: 101.000000 | loss: 0.002323 | 
Epoch runtime: 0.0 hours, 0.0 minutes, 0.552056074142456 seconds

Avg epoch train. time: 0.0 hours, 0.0 minutes, 0.47278677118886814 seconds
Avg batch train. time: 0.11819669279721703 seconds
Avg sample train. time: 0.002317582211710138 seconds
Epoch 102 Training Summary: epoch: 102.000000 | loss: 0.004442 | 
Epoch runtime: 0.0 hours, 0.0 minutes, 0.4958031177520752 seconds

Avg epoch train. time: 0.0 hours, 0.0 minutes, 0.47301242164537016 seconds
Avg batch train. time: 0.11825310541134254 seconds
Avg sample train. time: 0.0023186883413988733 seconds
Evaluating on validation set ...
Validation runtime: 0.0 hours, 0.0 minutes, 0.23062849044799805 seconds

Avg val. time: 0.0 hours, 0.0 minutes, 0.2178220568962817 seconds
Avg batch val. time: 0.054455514224070425 seconds
Avg sample val. time: 0.0010625466190062522 seconds
Epoch 102 Validation Summary: epoch: 102.000000 | loss: 1.410864 | accuracy: 0.634146 | precision: 0.671346 | AUROC: 0.647345 | AUPRC: 0.407279 | 
Epoch 103 Training Summary: epoch: 103.000000 | loss: 0.002920 | 
Epoch runtime: 0.0 hours, 0.0 minutes, 0.40733814239501953 seconds

Avg epoch train. time: 0.0 hours, 0.0 minutes, 0.4723748072837163 seconds
Avg batch train. time: 0.11809370182092907 seconds
Avg sample train. time: 0.002315562780802531 seconds
Epoch 104 Training Summary: epoch: 104.000000 | loss: 0.004756 | 
Epoch runtime: 0.0 hours, 0.0 minutes, 0.3684346675872803 seconds

Avg epoch train. time: 0.0 hours, 0.0 minutes, 0.47137538286355823 seconds
Avg batch train. time: 0.11784384571588956 seconds
Avg sample train. time: 0.0023106636414880304 seconds
Evaluating on validation set ...
Validation runtime: 0.0 hours, 0.0 minutes, 0.17396807670593262 seconds

Avg val. time: 0.0 hours, 0.0 minutes, 0.21700994615201596 seconds
Avg batch val. time: 0.05425248653800399 seconds
Avg sample val. time: 0.0010585851031805658 seconds
Epoch 104 Validation Summary: epoch: 104.000000 | loss: 1.416976 | accuracy: 0.624390 | precision: 0.666158 | AUROC: 0.647819 | AUPRC: 0.414158 | 
Epoch 105 Training Summary: epoch: 105.000000 | loss: 0.001664 | 
Epoch runtime: 0.0 hours, 0.0 minutes, 0.3860459327697754 seconds

Avg epoch train. time: 0.0 hours, 0.0 minutes, 0.47056272143409367 seconds
Avg batch train. time: 0.11764068035852342 seconds
Avg sample train. time: 0.002306680007029871 seconds
Epoch 106 Training Summary: epoch: 106.000000 | loss: 0.003204 | 
Epoch runtime: 0.0 hours, 0.0 minutes, 0.42828965187072754 seconds

Avg epoch train. time: 0.0 hours, 0.0 minutes, 0.47016391889104303 seconds
Avg batch train. time: 0.11754097972276076 seconds
Avg sample train. time: 0.0023047250926031522 seconds
Evaluating on validation set ...
Validation runtime: 0.0 hours, 0.0 minutes, 0.19223928451538086 seconds

Avg val. time: 0.0 hours, 0.0 minutes, 0.21655957048589533 seconds
Avg batch val. time: 0.05413989262147383 seconds
Avg sample val. time: 0.0010563881487116846 seconds
Epoch 106 Validation Summary: epoch: 106.000000 | loss: 1.407736 | accuracy: 0.687805 | precision: 0.687805 | AUROC: 0.657658 | AUPRC: 0.442050 | 
Epoch 107 Training Summary: epoch: 107.000000 | loss: 0.004113 | 
Epoch runtime: 0.0 hours, 0.0 minutes, 0.42731142044067383 seconds

Avg epoch train. time: 0.0 hours, 0.0 minutes, 0.46976342825131995 seconds
Avg batch train. time: 0.11744085706282999 seconds
Avg sample train. time: 0.002302761903192745 seconds
Epoch 108 Training Summary: epoch: 108.000000 | loss: 0.002582 | 
Epoch runtime: 0.0 hours, 0.0 minutes, 0.4509153366088867 seconds

Avg epoch train. time: 0.0 hours, 0.0 minutes, 0.4695889088842604 seconds
Avg batch train. time: 0.1173972272210651 seconds
Avg sample train. time: 0.002301906416099316 seconds
Evaluating on validation set ...
Validation runtime: 0.0 hours, 0.0 minutes, 0.21149110794067383 seconds

Avg val. time: 0.0 hours, 0.0 minutes, 0.21646906222615922 seconds
Avg batch val. time: 0.054117265556539805 seconds
Avg sample val. time: 0.0010559466450056547 seconds
Epoch 108 Validation Summary: epoch: 108.000000 | loss: 1.454297 | accuracy: 0.673171 | precision: 0.682045 | AUROC: 0.663110 | AUPRC: 0.447953 | 
Epoch 109 Training Summary: epoch: 109.000000 | loss: 0.002990 | 
Epoch runtime: 0.0 hours, 0.0 minutes, 0.5574450492858887 seconds

Avg epoch train. time: 0.0 hours, 0.0 minutes, 0.4703949285209726 seconds
Avg batch train. time: 0.11759873213024315 seconds
Avg sample train. time: 0.0023058574927498658 seconds
Epoch 110 Training Summary: epoch: 110.000000 | loss: 0.002237 | 
Epoch runtime: 0.0 hours, 0.0 minutes, 0.46604228019714355 seconds

Avg epoch train. time: 0.0 hours, 0.0 minutes, 0.4703553589907559 seconds
Avg batch train. time: 0.11758883974768898 seconds
Avg sample train. time: 0.00230566352446449 seconds
Evaluating on validation set ...
Validation runtime: 0.0 hours, 0.0 minutes, 0.1911616325378418 seconds

Avg val. time: 0.0 hours, 0.0 minutes, 0.21602507223162734 seconds
Avg batch val. time: 0.054006268057906835 seconds
Avg sample val. time: 0.0010537808401542797 seconds
Epoch 110 Validation Summary: epoch: 110.000000 | loss: 1.506192 | accuracy: 0.648780 | precision: 0.675361 | AUROC: 0.659317 | AUPRC: 0.432697 | 
Epoch 111 Training Summary: epoch: 111.000000 | loss: 0.001345 | 
Epoch runtime: 0.0 hours, 0.0 minutes, 0.5196897983551025 seconds

Avg epoch train. time: 0.0 hours, 0.0 minutes, 0.47079981339944377 seconds
Avg batch train. time: 0.11769995334986094 seconds
Avg sample train. time: 0.002307842222546293 seconds
Epoch 112 Training Summary: epoch: 112.000000 | loss: 0.001452 | 
Epoch runtime: 0.0 hours, 0.0 minutes, 0.5080015659332275 seconds

Avg epoch train. time: 0.0 hours, 0.0 minutes, 0.4711319719042097 seconds
Avg batch train. time: 0.11778299297605242 seconds
Avg sample train. time: 0.002309470450510832 seconds
Evaluating on validation set ...
Validation runtime: 0.0 hours, 0.0 minutes, 0.20914363861083984 seconds

Avg val. time: 0.0 hours, 0.0 minutes, 0.2159064268243724 seconds
Avg batch val. time: 0.0539766067060931 seconds
Avg sample val. time: 0.0010532020820701092 seconds
Epoch 112 Validation Summary: epoch: 112.000000 | loss: 1.546458 | accuracy: 0.643902 | precision: 0.680601 | AUROC: 0.654457 | AUPRC: 0.422409 | 
Epoch 113 Training Summary: epoch: 113.000000 | loss: 0.003140 | 
Epoch runtime: 0.0 hours, 0.0 minutes, 0.4822349548339844 seconds

Avg epoch train. time: 0.0 hours, 0.0 minutes, 0.47123022839031387 seconds
Avg batch train. time: 0.11780755709757847 seconds
Avg sample train. time: 0.002309952099952519 seconds
Epoch 114 Training Summary: epoch: 114.000000 | loss: 0.001807 | 
Epoch runtime: 0.0 hours, 0.0 minutes, 0.43853092193603516 seconds

Avg epoch train. time: 0.0 hours, 0.0 minutes, 0.47094339236878513 seconds
Avg batch train. time: 0.11773584809219628 seconds
Avg sample train. time: 0.0023085460410234566 seconds
Evaluating on validation set ...
Validation runtime: 0.0 hours, 0.0 minutes, 0.2347557544708252 seconds

Avg val. time: 0.0 hours, 0.0 minutes, 0.21622590695397328 seconds
Avg batch val. time: 0.05405647673849332 seconds
Avg sample val. time: 0.001054760521726699 seconds
Epoch 114 Validation Summary: epoch: 114.000000 | loss: 1.498390 | accuracy: 0.629268 | precision: 0.668744 | AUROC: 0.656591 | AUPRC: 0.426230 | 
Epoch 115 Training Summary: epoch: 115.000000 | loss: 0.008598 | 
Epoch runtime: 0.0 hours, 0.0 minutes, 0.4746894836425781 seconds

Avg epoch train. time: 0.0 hours, 0.0 minutes, 0.47097596707551376 seconds
Avg batch train. time: 0.11774399176887844 seconds
Avg sample train. time: 0.002308705720958401 seconds
Epoch 116 Training Summary: epoch: 116.000000 | loss: 0.001832 | 
Epoch runtime: 0.0 hours, 0.0 minutes, 0.4365861415863037 seconds

Avg epoch train. time: 0.0 hours, 0.0 minutes, 0.47067950306267575 seconds
Avg batch train. time: 0.11766987576566894 seconds
Avg sample train. time: 0.0023072524659935086 seconds
Evaluating on validation set ...
Validation runtime: 0.0 hours, 0.0 minutes, 0.21116089820861816 seconds

Avg val. time: 0.0 hours, 0.0 minutes, 0.2161414901415507 seconds
Avg batch val. time: 0.05403537253538768 seconds
Avg sample val. time: 0.0010543487323978083 seconds
Epoch 116 Validation Summary: epoch: 116.000000 | loss: 1.515511 | accuracy: 0.653659 | precision: 0.678085 | AUROC: 0.673720 | AUPRC: 0.447521 | 
Epoch 117 Training Summary: epoch: 117.000000 | loss: 0.002956 | 
Epoch runtime: 0.0 hours, 0.0 minutes, 0.4917628765106201 seconds

Avg epoch train. time: 0.0 hours, 0.0 minutes, 0.4708597028357351 seconds
Avg batch train. time: 0.11771492570893377 seconds
Avg sample train. time: 0.0023081357982143876 seconds
Epoch 118 Training Summary: epoch: 118.000000 | loss: 0.012442 | 
Epoch runtime: 0.0 hours, 0.0 minutes, 0.5037586688995361 seconds

Avg epoch train. time: 0.0 hours, 0.0 minutes, 0.47113850763288595 seconds
Avg batch train. time: 0.11778462690822149 seconds
Avg sample train. time: 0.0023095024883964996 seconds
Evaluating on validation set ...
Validation runtime: 0.0 hours, 0.0 minutes, 0.26590847969055176 seconds

Avg val. time: 0.0 hours, 0.0 minutes, 0.21695734242923925 seconds
Avg batch val. time: 0.05423933560730981 seconds
Avg sample val. time: 0.0010583284996548256 seconds
Epoch 118 Validation Summary: epoch: 118.000000 | loss: 1.441612 | accuracy: 0.648780 | precision: 0.679268 | AUROC: 0.674372 | AUPRC: 0.439334 | 
Epoch 119 Training Summary: epoch: 119.000000 | loss: 0.002915 | 
Epoch runtime: 0.0 hours, 0.0 minutes, 0.5092709064483643 seconds

Avg epoch train. time: 0.0 hours, 0.0 minutes, 0.47145894795906645 seconds
Avg batch train. time: 0.11786473698976661 seconds
Avg sample train. time: 0.0023110732743091495 seconds
Epoch 120 Training Summary: epoch: 120.000000 | loss: 0.002805 | 
Epoch runtime: 0.0 hours, 0.0 minutes, 0.4598562717437744 seconds

Avg epoch train. time: 0.0 hours, 0.0 minutes, 0.4713622589906057 seconds
Avg batch train. time: 0.11784056474765142 seconds
Avg sample train. time: 0.002310599308777479 seconds
Evaluating on validation set ...
Validation runtime: 0.0 hours, 0.0 minutes, 0.289914608001709 seconds

Avg val. time: 0.0 hours, 0.0 minutes, 0.2181340725191178 seconds
Avg batch val. time: 0.05453351812977945 seconds
Avg sample val. time: 0.001064068646434721 seconds
Epoch 120 Validation Summary: epoch: 120.000000 | loss: 1.432257 | accuracy: 0.634146 | precision: 0.659445 | AUROC: 0.639047 | AUPRC: 0.396182 | 
Epoch 121 Training Summary: epoch: 121.000000 | loss: 0.006160 | 
Epoch runtime: 0.0 hours, 0.0 minutes, 0.4464757442474365 seconds

Avg epoch train. time: 0.0 hours, 0.0 minutes, 0.4711565853150423 seconds
Avg batch train. time: 0.11778914632876057 seconds
Avg sample train. time: 0.0023095911044855016 seconds
Epoch 122 Training Summary: epoch: 122.000000 | loss: 0.001762 | 
Epoch runtime: 0.0 hours, 0.0 minutes, 0.4970688819885254 seconds

Avg epoch train. time: 0.0 hours, 0.0 minutes, 0.4713689811894151 seconds
Avg batch train. time: 0.11784224529735378 seconds
Avg sample train. time: 0.002310632260732427 seconds
Evaluating on validation set ...
Validation runtime: 0.0 hours, 0.0 minutes, 0.3422532081604004 seconds

Avg val. time: 0.0 hours, 0.0 minutes, 0.22010421752929688 seconds
Avg batch val. time: 0.05502605438232422 seconds
Avg sample val. time: 0.001073679109899009 seconds
Epoch 122 Validation Summary: epoch: 122.000000 | loss: 1.458043 | accuracy: 0.687805 | precision: 0.698088 | AUROC: 0.673186 | AUPRC: 0.437285 | 
Epoch 123 Training Summary: epoch: 123.000000 | loss: 0.001259 | 
Epoch runtime: 0.0 hours, 0.0 minutes, 0.5342445373535156 seconds

Avg epoch train. time: 0.0 hours, 0.0 minutes, 0.4718801645728631 seconds
Avg batch train. time: 0.11797004114321577 seconds
Avg sample train. time: 0.0023131380616316817 seconds
Epoch 124 Training Summary: epoch: 124.000000 | loss: 0.001960 | 
Epoch runtime: 0.0 hours, 0.0 minutes, 0.4396371841430664 seconds

Avg epoch train. time: 0.0 hours, 0.0 minutes, 0.4716201405371389 seconds
Avg batch train. time: 0.11790503513428473 seconds
Avg sample train. time: 0.0023118634340055827 seconds
Evaluating on validation set ...
Validation runtime: 0.0 hours, 0.0 minutes, 0.21750116348266602 seconds

Avg val. time: 0.0 hours, 0.0 minutes, 0.22006354480981827 seconds
Avg batch val. time: 0.05501588620245457 seconds
Avg sample val. time: 0.0010734807063893573 seconds
Epoch 124 Validation Summary: epoch: 124.000000 | loss: 1.437986 | accuracy: 0.707317 | precision: 0.713759 | AUROC: 0.673186 | AUPRC: 0.459936 | 
Epoch 125 Training Summary: epoch: 125.000000 | loss: 0.001695 | 
Epoch runtime: 0.0 hours, 0.0 minutes, 0.4311027526855469 seconds

Avg epoch train. time: 0.0 hours, 0.0 minutes, 0.47129600143432615 seconds
Avg batch train. time: 0.11782400035858154 seconds
Avg sample train. time: 0.0023102745168349322 seconds
Epoch 126 Training Summary: epoch: 126.000000 | loss: 0.008090 | 
Epoch runtime: 0.0 hours, 0.0 minutes, 0.36515092849731445 seconds

Avg epoch train. time: 0.0 hours, 0.0 minutes, 0.47045358022054035 seconds
Avg batch train. time: 0.11761339505513509 seconds
Avg sample train. time: 0.00230614500108108 seconds
Evaluating on validation set ...
Validation runtime: 0.0 hours, 0.0 minutes, 0.20863962173461914 seconds

Avg val. time: 0.0 hours, 0.0 minutes, 0.2198877921471229 seconds
Avg batch val. time: 0.054971948036780724 seconds
Avg sample val. time: 0.0010726233763274288 seconds
Epoch 126 Validation Summary: epoch: 126.000000 | loss: 1.358527 | accuracy: 0.678049 | precision: 0.695818 | AUROC: 0.668563 | AUPRC: 0.439340 | 
Epoch 127 Training Summary: epoch: 127.000000 | loss: 0.001789 | 
Epoch runtime: 0.0 hours, 0.0 minutes, 0.4672887325286865 seconds

Avg epoch train. time: 0.0 hours, 0.0 minutes, 0.4704286601599746 seconds
Avg batch train. time: 0.11760716503999365 seconds
Avg sample train. time: 0.002306022843921444 seconds
Epoch 128 Training Summary: epoch: 128.000000 | loss: 0.002161 | 
Epoch runtime: 0.0 hours, 0.0 minutes, 0.4880557060241699 seconds

Avg epoch train. time: 0.0 hours, 0.0 minutes, 0.4705663714557886 seconds
Avg batch train. time: 0.11764159286394715 seconds
Avg sample train. time: 0.0023066978992930813 seconds
Evaluating on validation set ...
Validation runtime: 0.0 hours, 0.0 minutes, 0.21741175651550293 seconds

Avg val. time: 0.0 hours, 0.0 minutes, 0.2198502764557347 seconds
Avg batch val. time: 0.05496256911393368 seconds
Avg sample val. time: 0.0010724403729548036 seconds
Epoch 128 Validation Summary: epoch: 128.000000 | loss: 1.363229 | accuracy: 0.663415 | precision: 0.676182 | AUROC: 0.662162 | AUPRC: 0.440515 | 
Epoch 129 Training Summary: epoch: 129.000000 | loss: 0.005982 | 
Epoch runtime: 0.0 hours, 0.0 minutes, 0.4919016361236572 seconds

Avg epoch train. time: 0.0 hours, 0.0 minutes, 0.47073176110437676 seconds
Avg batch train. time: 0.11768294027609419 seconds
Avg sample train. time: 0.002307508632864592 seconds
Epoch 130 Training Summary: epoch: 130.000000 | loss: 0.001445 | 
Epoch runtime: 0.0 hours, 0.0 minutes, 0.5214724540710449 seconds

Avg epoch train. time: 0.0 hours, 0.0 minutes, 0.47112207412719725 seconds
Avg batch train. time: 0.11778051853179931 seconds
Avg sample train. time: 0.002309421931996065 seconds
Evaluating on validation set ...
Validation runtime: 0.0 hours, 0.0 minutes, 0.22125720977783203 seconds

Avg val. time: 0.0 hours, 0.0 minutes, 0.21987127546054214 seconds
Avg batch val. time: 0.054967818865135534 seconds
Avg sample val. time: 0.0010725428071245958 seconds
Epoch 130 Validation Summary: epoch: 130.000000 | loss: 1.473350 | accuracy: 0.653659 | precision: 0.674261 | AUROC: 0.665718 | AUPRC: 0.423814 | 
Epoch 131 Training Summary: epoch: 131.000000 | loss: 0.001148 | 
Epoch runtime: 0.0 hours, 0.0 minutes, 0.5150346755981445 seconds

Avg epoch train. time: 0.0 hours, 0.0 minutes, 0.4714572848254488 seconds
Avg batch train. time: 0.1178643212063622 seconds
Avg sample train. time: 0.0023110651216933765 seconds
Epoch 132 Training Summary: epoch: 132.000000 | loss: 0.001196 | 
Epoch runtime: 0.0 hours, 0.0 minutes, 0.49710917472839355 seconds

Avg epoch train. time: 0.0 hours, 0.0 minutes, 0.4716516173247135 seconds
Avg batch train. time: 0.11791290433117838 seconds
Avg sample train. time: 0.0023120177319838897 seconds
Evaluating on validation set ...
Validation runtime: 0.0 hours, 0.0 minutes, 0.23324203491210938 seconds

Avg val. time: 0.0 hours, 0.0 minutes, 0.22006790427600637 seconds
Avg batch val. time: 0.05501697606900159 seconds
Avg sample val. time: 0.0010735019720780798 seconds
Epoch 132 Validation Summary: epoch: 132.000000 | loss: 1.479847 | accuracy: 0.634146 | precision: 0.671346 | AUROC: 0.659673 | AUPRC: 0.431196 | 
Epoch 133 Training Summary: epoch: 133.000000 | loss: 0.001200 | 
Epoch runtime: 0.0 hours, 0.0 minutes, 0.5324766635894775 seconds

Avg epoch train. time: 0.0 hours, 0.0 minutes, 0.4721089484996365 seconds
Avg batch train. time: 0.11802723712490913 seconds
Avg sample train. time: 0.0023142595514688063 seconds
Epoch 134 Training Summary: epoch: 134.000000 | loss: 0.002223 | 
Epoch runtime: 0.0 hours, 0.0 minutes, 0.5186946392059326 seconds

Avg epoch train. time: 0.0 hours, 0.0 minutes, 0.4724566029078925 seconds
Avg batch train. time: 0.11811415072697312 seconds
Avg sample train. time: 0.002315963739744571 seconds
Evaluating on validation set ...
Validation runtime: 0.0 hours, 0.0 minutes, 0.23944449424743652 seconds

Avg val. time: 0.0 hours, 0.0 minutes, 0.22034872442051984 seconds
Avg batch val. time: 0.05508718110512996 seconds
Avg sample val. time: 0.0010748718264415602 seconds
Epoch 134 Validation Summary: epoch: 134.000000 | loss: 1.472526 | accuracy: 0.673171 | precision: 0.685646 | AUROC: 0.662162 | AUPRC: 0.443930 | 
Epoch 135 Training Summary: epoch: 135.000000 | loss: 0.001014 | 
Epoch runtime: 0.0 hours, 0.0 minutes, 0.5633878707885742 seconds

Avg epoch train. time: 0.0 hours, 0.0 minutes, 0.47313016785515677 seconds
Avg batch train. time: 0.11828254196378919 seconds
Avg sample train. time: 0.0023192655287017487 seconds
Epoch 136 Training Summary: epoch: 136.000000 | loss: 0.001121 | 
Epoch runtime: 0.0 hours, 0.0 minutes, 0.5444228649139404 seconds

Avg epoch train. time: 0.0 hours, 0.0 minutes, 0.473654378862942 seconds
Avg batch train. time: 0.1184135947157355 seconds
Avg sample train. time: 0.0023218351905046177 seconds
Evaluating on validation set ...
Validation runtime: 0.0 hours, 0.0 minutes, 0.23349213600158691 seconds

Avg val. time: 0.0 hours, 0.0 minutes, 0.22053648744310653 seconds
Avg batch val. time: 0.05513412186077663 seconds
Avg sample val. time: 0.0010757877436249098 seconds
Epoch 136 Validation Summary: epoch: 136.000000 | loss: 1.512066 | accuracy: 0.663415 | precision: 0.679882 | AUROC: 0.668445 | AUPRC: 0.445567 | 
Epoch 137 Training Summary: epoch: 137.000000 | loss: 0.002099 | 
Epoch runtime: 0.0 hours, 0.0 minutes, 0.5357310771942139 seconds

Avg epoch train. time: 0.0 hours, 0.0 minutes, 0.47410749344930164 seconds
Avg batch train. time: 0.11852687336232541 seconds
Avg sample train. time: 0.002324056340437753 seconds
Epoch 138 Training Summary: epoch: 138.000000 | loss: 0.000807 | 
Epoch runtime: 0.0 hours, 0.0 minutes, 0.523385763168335 seconds

Avg epoch train. time: 0.0 hours, 0.0 minutes, 0.4744645823603091 seconds
Avg batch train. time: 0.11861614559007727 seconds
Avg sample train. time: 0.002325806776276025 seconds
Evaluating on validation set ...
Validation runtime: 0.0 hours, 0.0 minutes, 0.2431621551513672 seconds

Avg val. time: 0.0 hours, 0.0 minutes, 0.2208551588192792 seconds
Avg batch val. time: 0.0552137897048198 seconds
Avg sample val. time: 0.0010773422381428254 seconds
Epoch 138 Validation Summary: epoch: 138.000000 | loss: 1.520811 | accuracy: 0.643902 | precision: 0.676606 | AUROC: 0.665955 | AUPRC: 0.426504 | 
Epoch 139 Training Summary: epoch: 139.000000 | loss: 0.000815 | 
Epoch runtime: 0.0 hours, 0.0 minutes, 0.5386104583740234 seconds

Avg epoch train. time: 0.0 hours, 0.0 minutes, 0.47492606348270994 seconds
Avg batch train. time: 0.11873151587067748 seconds
Avg sample train. time: 0.002328068938640735 seconds
Epoch 140 Training Summary: epoch: 140.000000 | loss: 0.001058 | 
Epoch runtime: 0.0 hours, 0.0 minutes, 0.5433297157287598 seconds

Avg epoch train. time: 0.0 hours, 0.0 minutes, 0.4754146609987531 seconds
Avg batch train. time: 0.11885366524968828 seconds
Avg sample train. time: 0.0023304640245036916 seconds
Evaluating on validation set ...
Validation runtime: 0.0 hours, 0.0 minutes, 0.22232866287231445 seconds

Avg val. time: 0.0 hours, 0.0 minutes, 0.22087562415334913 seconds
Avg batch val. time: 0.05521890603833728 seconds
Avg sample val. time: 0.0010774420690407274 seconds
Epoch 140 Validation Summary: epoch: 140.000000 | loss: 1.531736 | accuracy: 0.643902 | precision: 0.680601 | AUROC: 0.664651 | AUPRC: 0.423878 | 
Epoch 141 Training Summary: epoch: 141.000000 | loss: 0.000927 | 
Epoch runtime: 0.0 hours, 0.0 minutes, 0.5459177494049072 seconds

Avg epoch train. time: 0.0 hours, 0.0 minutes, 0.4759146829023429 seconds
Avg batch train. time: 0.11897867072558573 seconds
Avg sample train. time: 0.002332915112266387 seconds
Epoch 142 Training Summary: epoch: 142.000000 | loss: 0.004751 | 
Epoch runtime: 0.0 hours, 0.0 minutes, 0.5181646347045898 seconds

Avg epoch train. time: 0.0 hours, 0.0 minutes, 0.4762122177741897 seconds
Avg batch train. time: 0.11905305444354743 seconds
Avg sample train. time: 0.0023343736165401456 seconds
Evaluating on validation set ...
Validation runtime: 0.0 hours, 0.0 minutes, 0.23474597930908203 seconds

Avg val. time: 0.0 hours, 0.0 minutes, 0.22106562901849616 seconds
Avg batch val. time: 0.05526640725462404 seconds
Avg sample val. time: 0.0010783689220414446 seconds
Epoch 142 Validation Summary: epoch: 142.000000 | loss: 1.499453 | accuracy: 0.634146 | precision: 0.679529 | AUROC: 0.655761 | AUPRC: 0.414349 | 
Epoch 143 Training Summary: epoch: 143.000000 | loss: 0.003910 | 
Epoch runtime: 0.0 hours, 0.0 minutes, 0.5262293815612793 seconds

Avg epoch train. time: 0.0 hours, 0.0 minutes, 0.4765619881503232 seconds
Avg batch train. time: 0.1191404970375808 seconds
Avg sample train. time: 0.0023360881772074666 seconds
Epoch 144 Training Summary: epoch: 144.000000 | loss: 0.007398 | 
Epoch runtime: 0.0 hours, 0.0 minutes, 0.5274941921234131 seconds

Avg epoch train. time: 0.0 hours, 0.0 minutes, 0.4769156840112474 seconds
Avg batch train. time: 0.11922892100281185 seconds
Avg sample train. time: 0.002337821980447291 seconds
Evaluating on validation set ...
Validation runtime: 0.0 hours, 0.0 minutes, 0.2345583438873291 seconds

Avg val. time: 0.0 hours, 0.0 minutes, 0.22124796300321012 seconds
Avg batch val. time: 0.05531199075080253 seconds
Avg sample val. time: 0.0010792583561132201 seconds
Epoch 144 Validation Summary: epoch: 144.000000 | loss: 1.642046 | accuracy: 0.609756 | precision: 0.666934 | AUROC: 0.631223 | AUPRC: 0.389892 | 
Epoch 145 Training Summary: epoch: 145.000000 | loss: 0.002035 | 
Epoch runtime: 0.0 hours, 0.0 minutes, 0.5242311954498291 seconds

Avg epoch train. time: 0.0 hours, 0.0 minutes, 0.4772419978832376 seconds
Avg batch train. time: 0.1193104994708094 seconds
Avg sample train. time: 0.002339421558251165 seconds
Epoch 146 Training Summary: epoch: 146.000000 | loss: 0.003732 | 
Epoch runtime: 0.0 hours, 0.0 minutes, 0.5313746929168701 seconds

Avg epoch train. time: 0.0 hours, 0.0 minutes, 0.47761276976702965 seconds
Avg batch train. time: 0.11940319244175741 seconds
Avg sample train. time: 0.0023412390674854393 seconds
Evaluating on validation set ...
Validation runtime: 0.0 hours, 0.0 minutes, 0.22373390197753906 seconds

Avg val. time: 0.0 hours, 0.0 minutes, 0.22128110885620117 seconds
Avg batch val. time: 0.05532027721405029 seconds
Avg sample val. time: 0.0010794200432009814 seconds
Epoch 146 Validation Summary: epoch: 146.000000 | loss: 1.547346 | accuracy: 0.673171 | precision: 0.678478 | AUROC: 0.652738 | AUPRC: 0.433715 | 
Epoch 147 Training Summary: epoch: 147.000000 | loss: 0.010311 | 
Epoch runtime: 0.0 hours, 0.0 minutes, 0.5197494029998779 seconds

Avg epoch train. time: 0.0 hours, 0.0 minutes, 0.4778994135305184 seconds
Avg batch train. time: 0.1194748533826296 seconds
Avg sample train. time: 0.0023426441839731293 seconds
Epoch 148 Training Summary: epoch: 148.000000 | loss: 0.002993 | 
Epoch runtime: 0.0 hours, 0.0 minutes, 0.5076000690460205 seconds

Avg epoch train. time: 0.0 hours, 0.0 minutes, 0.4781000936353529 seconds
Avg batch train. time: 0.11952502340883822 seconds
Avg sample train. time: 0.00234362790997722 seconds
Evaluating on validation set ...
Validation runtime: 0.0 hours, 0.0 minutes, 0.24657750129699707 seconds

Avg val. time: 0.0 hours, 0.0 minutes, 0.22161395612515902 seconds
Avg batch val. time: 0.055403489031289756 seconds
Avg sample val. time: 0.0010810436884154098 seconds
Epoch 148 Validation Summary: epoch: 148.000000 | loss: 1.556522 | accuracy: 0.639024 | precision: 0.673966 | AUROC: 0.649419 | AUPRC: 0.434886 | 
Epoch 149 Training Summary: epoch: 149.000000 | loss: 0.000973 | 
Epoch runtime: 0.0 hours, 0.0 minutes, 0.5149924755096436 seconds

Avg epoch train. time: 0.0 hours, 0.0 minutes, 0.4783476935137038 seconds
Avg batch train. time: 0.11958692337842595 seconds
Avg sample train. time: 0.002344841634871097 seconds
Epoch 150 Training Summary: epoch: 150.000000 | loss: 0.001654 | 
Epoch runtime: 0.0 hours, 0.0 minutes, 0.5470232963562012 seconds

Avg epoch train. time: 0.0 hours, 0.0 minutes, 0.47880553086598715 seconds
Avg batch train. time: 0.11970138271649679 seconds
Avg sample train. time: 0.002347085935617584 seconds
Evaluating on validation set ...
Validation runtime: 0.0 hours, 0.0 minutes, 0.23353123664855957 seconds

Avg val. time: 0.0 hours, 0.0 minutes, 0.2217687260020863 seconds
Avg batch val. time: 0.055442181500521576 seconds
Avg sample val. time: 0.0010817986634248113 seconds
Epoch 150 Validation Summary: epoch: 150.000000 | loss: 1.636919 | accuracy: 0.614634 | precision: 0.665199 | AUROC: 0.651019 | AUPRC: 0.432314 | 
Epoch 151 Training Summary: epoch: 151.000000 | loss: 0.000860 | 
Epoch runtime: 0.0 hours, 0.0 minutes, 0.519263505935669 seconds

Avg epoch train. time: 0.0 hours, 0.0 minutes, 0.47907346447572013 seconds
Avg batch train. time: 0.11976836611893003 seconds
Avg sample train. time: 0.0023483993356652948 seconds
Epoch 152 Training Summary: epoch: 152.000000 | loss: 0.000878 | 
Epoch runtime: 0.0 hours, 0.0 minutes, 0.5308473110198975 seconds

Avg epoch train. time: 0.0 hours, 0.0 minutes, 0.479414081887195 seconds
Avg batch train. time: 0.11985352047179874 seconds
Avg sample train. time: 0.002350069028858799 seconds
Evaluating on validation set ...
Validation runtime: 0.0 hours, 0.0 minutes, 0.2395024299621582 seconds

Avg val. time: 0.0 hours, 0.0 minutes, 0.22199608118106157 seconds
Avg batch val. time: 0.05549902029526539 seconds
Avg sample val. time: 0.0010829077130783491 seconds
Epoch 152 Validation Summary: epoch: 152.000000 | loss: 1.680422 | accuracy: 0.604878 | precision: 0.668797 | AUROC: 0.657598 | AUPRC: 0.434563 | 
Epoch 153 Training Summary: epoch: 153.000000 | loss: 0.001046 | 
Epoch runtime: 0.0 hours, 0.0 minutes, 0.5541379451751709 seconds

Avg epoch train. time: 0.0 hours, 0.0 minutes, 0.4799024731505151 seconds
Avg batch train. time: 0.11997561828762877 seconds
Avg sample train. time: 0.0023524631036789955 seconds
Epoch 154 Training Summary: epoch: 154.000000 | loss: 0.001085 | 
Epoch runtime: 0.0 hours, 0.0 minutes, 0.544867992401123 seconds

Avg epoch train. time: 0.0 hours, 0.0 minutes, 0.48032432717162293 seconds
Avg batch train. time: 0.12008108179290573 seconds
Avg sample train. time: 0.002354531015547171 seconds
Evaluating on validation set ...
Validation runtime: 0.0 hours, 0.0 minutes, 0.21304583549499512 seconds

Avg val. time: 0.0 hours, 0.0 minutes, 0.22188278693187086 seconds
Avg batch val. time: 0.055470696732967714 seconds
Avg sample val. time: 0.0010823550582042482 seconds
Epoch 154 Validation Summary: epoch: 154.000000 | loss: 1.644348 | accuracy: 0.619512 | precision: 0.667733 | AUROC: 0.661095 | AUPRC: 0.440997 | 
Epoch 155 Training Summary: epoch: 155.000000 | loss: 0.000550 | 
Epoch runtime: 0.0 hours, 0.0 minutes, 0.5194616317749023 seconds

Avg epoch train. time: 0.0 hours, 0.0 minutes, 0.48057682591099893 seconds
Avg batch train. time: 0.12014420647774973 seconds
Avg sample train. time: 0.002355768754465681 seconds
Epoch 156 Training Summary: epoch: 156.000000 | loss: 0.000531 | 
Epoch runtime: 0.0 hours, 0.0 minutes, 0.5559542179107666 seconds

Avg epoch train. time: 0.0 hours, 0.0 minutes, 0.48106001432125384 seconds
Avg batch train. time: 0.12026500358031346 seconds
Avg sample train. time: 0.0023581373251041855 seconds
Evaluating on validation set ...
Validation runtime: 0.0 hours, 0.0 minutes, 0.21919584274291992 seconds

Avg val. time: 0.0 hours, 0.0 minutes, 0.22184920012950898 seconds
Avg batch val. time: 0.055462300032377246 seconds
Avg sample val. time: 0.0010821912201439462 seconds
Epoch 156 Validation Summary: epoch: 156.000000 | loss: 1.583562 | accuracy: 0.624390 | precision: 0.674460 | AUROC: 0.654457 | AUPRC: 0.439208 | 
Epoch 157 Training Summary: epoch: 157.000000 | loss: 0.000896 | 
Epoch runtime: 0.0 hours, 0.0 minutes, 0.5600261688232422 seconds

Avg epoch train. time: 0.0 hours, 0.0 minutes, 0.4815629834582092 seconds
Avg batch train. time: 0.1203907458645523 seconds
Avg sample train. time: 0.002360602860089261 seconds
Epoch 158 Training Summary: epoch: 158.000000 | loss: 0.000389 | 
Epoch runtime: 0.0 hours, 0.0 minutes, 0.5201206207275391 seconds

Avg epoch train. time: 0.0 hours, 0.0 minutes, 0.481807019137129 seconds
Avg batch train. time: 0.12045175478428224 seconds
Avg sample train. time: 0.002361799113417299 seconds
Evaluating on validation set ...
Validation runtime: 0.0 hours, 0.0 minutes, 0.23246359825134277 seconds

Avg val. time: 0.0 hours, 0.0 minutes, 0.22198024208163036 seconds
Avg batch val. time: 0.05549506052040759 seconds
Avg sample val. time: 0.0010828304491786846 seconds
Epoch 158 Validation Summary: epoch: 158.000000 | loss: 1.649604 | accuracy: 0.624390 | precision: 0.666158 | AUROC: 0.654576 | AUPRC: 0.433370 | 
Epoch 159 Training Summary: epoch: 159.000000 | loss: 0.000493 | 
Epoch runtime: 0.0 hours, 0.0 minutes, 0.5342209339141846 seconds

Avg epoch train. time: 0.0 hours, 0.0 minutes, 0.4821366663998778 seconds
Avg batch train. time: 0.12053416659996945 seconds
Avg sample train. time: 0.00236341503137195 seconds
Epoch 160 Training Summary: epoch: 160.000000 | loss: 0.000482 | 
Epoch runtime: 0.0 hours, 0.0 minutes, 0.5437262058258057 seconds

Avg epoch train. time: 0.0 hours, 0.0 minutes, 0.4825216010212898 seconds
Avg batch train. time: 0.12063040025532246 seconds
Avg sample train. time: 0.0023653019657906365 seconds
Evaluating on validation set ...
Validation runtime: 0.0 hours, 0.0 minutes, 0.22571110725402832 seconds

Avg val. time: 0.0 hours, 0.0 minutes, 0.22202574043739132 seconds
Avg batch val. time: 0.05550643510934783 seconds
Avg sample val. time: 0.0010830523923775186 seconds
Epoch 160 Validation Summary: epoch: 160.000000 | loss: 1.627979 | accuracy: 0.619512 | precision: 0.667733 | AUROC: 0.650071 | AUPRC: 0.433991 | 
Epoch 161 Training Summary: epoch: 161.000000 | loss: 0.000496 | 
Epoch runtime: 0.0 hours, 0.0 minutes, 0.5169568061828613 seconds

Avg epoch train. time: 0.0 hours, 0.0 minutes, 0.48273548428316293 seconds
Avg batch train. time: 0.12068387107079073 seconds
Avg sample train. time: 0.0023663504131527595 seconds
Epoch 162 Training Summary: epoch: 162.000000 | loss: 0.000602 | 
Epoch runtime: 0.0 hours, 0.0 minutes, 0.531517744064331 seconds

Avg epoch train. time: 0.0 hours, 0.0 minutes, 0.48303660934354054 seconds
Avg batch train. time: 0.12075915233588513 seconds
Avg sample train. time: 0.0023678265163899048 seconds
Evaluating on validation set ...
Validation runtime: 0.0 hours, 0.0 minutes, 0.23046469688415527 seconds

Avg val. time: 0.0 hours, 0.0 minutes, 0.22212741461144872 seconds
Avg batch val. time: 0.05553185365286218 seconds
Avg sample val. time: 0.0010835483639582864 seconds
Epoch 162 Validation Summary: epoch: 162.000000 | loss: 1.592199 | accuracy: 0.629268 | precision: 0.664705 | AUROC: 0.655761 | AUPRC: 0.432982 | 
Epoch 163 Training Summary: epoch: 163.000000 | loss: 0.000649 | 
Epoch runtime: 0.0 hours, 0.0 minutes, 0.5245158672332764 seconds

Avg epoch train. time: 0.0 hours, 0.0 minutes, 0.48329108331832416 seconds
Avg batch train. time: 0.12082277082958104 seconds
Avg sample train. time: 0.0023690739378349223 seconds
Epoch 164 Training Summary: epoch: 164.000000 | loss: 0.000263 | 
Epoch runtime: 0.0 hours, 0.0 minutes, 0.514563798904419 seconds

Avg epoch train. time: 0.0 hours, 0.0 minutes, 0.4834817706084833 seconds
Avg batch train. time: 0.12087044265212082 seconds
Avg sample train. time: 0.0023700086794533493 seconds
Evaluating on validation set ...
Validation runtime: 0.0 hours, 0.0 minutes, 0.23214197158813477 seconds

Avg val. time: 0.0 hours, 0.0 minutes, 0.22224663552783785 seconds
Avg batch val. time: 0.055561658881959464 seconds
Avg sample val. time: 0.0010841299294040872 seconds
Epoch 164 Validation Summary: epoch: 164.000000 | loss: 1.544863 | accuracy: 0.619512 | precision: 0.663586 | AUROC: 0.652323 | AUPRC: 0.436831 | 
Epoch 165 Training Summary: epoch: 165.000000 | loss: 0.000231 | 
Epoch runtime: 0.0 hours, 0.0 minutes, 0.5202512741088867 seconds

Avg epoch train. time: 0.0 hours, 0.0 minutes, 0.4837046160842433 seconds
Avg batch train. time: 0.12092615402106083 seconds
Avg sample train. time: 0.002371101059236487 seconds
Epoch 166 Training Summary: epoch: 166.000000 | loss: 0.000470 | 
Epoch runtime: 0.0 hours, 0.0 minutes, 0.5263774394989014 seconds

Avg epoch train. time: 0.0 hours, 0.0 minutes, 0.48396168128553646 seconds
Avg batch train. time: 0.12099042032138412 seconds
Avg sample train. time: 0.0023723611827722374 seconds
Evaluating on validation set ...
Validation runtime: 0.0 hours, 0.0 minutes, 0.2276458740234375 seconds

Avg val. time: 0.0 hours, 0.0 minutes, 0.22231015598072726 seconds
Avg batch val. time: 0.055577538995181815 seconds
Avg sample val. time: 0.0010844397852718404 seconds
Epoch 166 Validation Summary: epoch: 166.000000 | loss: 1.476682 | accuracy: 0.624390 | precision: 0.670278 | AUROC: 0.654457 | AUPRC: 0.443595 | 
Epoch 167 Training Summary: epoch: 167.000000 | loss: 0.000240 | 
Epoch runtime: 0.0 hours, 0.0 minutes, 0.5348708629608154 seconds

Avg epoch train. time: 0.0 hours, 0.0 minutes, 0.4842665266847896 seconds
Avg batch train. time: 0.1210666316711974 seconds
Avg sample train. time: 0.002373855522964655 seconds
Epoch 168 Training Summary: epoch: 168.000000 | loss: 0.000340 | 
Epoch runtime: 0.0 hours, 0.0 minutes, 0.5261790752410889 seconds

Avg epoch train. time: 0.0 hours, 0.0 minutes, 0.48451600614048185 seconds
Avg batch train. time: 0.12112900153512046 seconds
Avg sample train. time: 0.00237507846147295 seconds
Evaluating on validation set ...
Validation runtime: 0.0 hours, 0.0 minutes, 0.2432718276977539 seconds

Avg val. time: 0.0 hours, 0.0 minutes, 0.22255389634952988 seconds
Avg batch val. time: 0.05563847408738247 seconds
Avg sample val. time: 0.0010856287626806336 seconds
Epoch 168 Validation Summary: epoch: 168.000000 | loss: 1.558701 | accuracy: 0.629268 | precision: 0.664705 | AUROC: 0.666607 | AUPRC: 0.449487 | 
Epoch 169 Training Summary: epoch: 169.000000 | loss: 0.000334 | 
Epoch runtime: 0.0 hours, 0.0 minutes, 0.5432045459747314 seconds

Avg epoch train. time: 0.0 hours, 0.0 minutes, 0.4848632756069567 seconds
Avg batch train. time: 0.12121581890173917 seconds
Avg sample train. time: 0.0023767807627791994 seconds
Epoch 170 Training Summary: epoch: 170.000000 | loss: 0.000297 | 
Epoch runtime: 0.0 hours, 0.0 minutes, 0.5487499237060547 seconds

Avg epoch train. time: 0.0 hours, 0.0 minutes, 0.48523907941930433 seconds
Avg batch train. time: 0.12130976985482608 seconds
Avg sample train. time: 0.0023786229383299233 seconds
Evaluating on validation set ...
Validation runtime: 0.0 hours, 0.0 minutes, 0.2460174560546875 seconds

Avg val. time: 0.0 hours, 0.0 minutes, 0.2228235924380949 seconds
Avg batch val. time: 0.05570589810952373 seconds
Avg sample val. time: 0.0010869443533565604 seconds
Epoch 170 Validation Summary: epoch: 170.000000 | loss: 1.612834 | accuracy: 0.634146 | precision: 0.663373 | AUROC: 0.669156 | AUPRC: 0.446688 | 
Epoch 171 Training Summary: epoch: 171.000000 | loss: 0.000192 | 
Epoch runtime: 0.0 hours, 0.0 minutes, 0.5331745147705078 seconds

Avg epoch train. time: 0.0 hours, 0.0 minutes, 0.48551940360264473 seconds
Avg batch train. time: 0.12137985090066118 seconds
Avg sample train. time: 0.0023799970764835526 seconds
Epoch 172 Training Summary: epoch: 172.000000 | loss: 0.000476 | 
Epoch runtime: 0.0 hours, 0.0 minutes, 0.5387918949127197 seconds

Avg epoch train. time: 0.0 hours, 0.0 minutes, 0.4858291273893312 seconds
Avg batch train. time: 0.1214572818473328 seconds
Avg sample train. time: 0.002381515330339859 seconds
Evaluating on validation set ...
Validation runtime: 0.0 hours, 0.0 minutes, 0.2357337474822998 seconds

Avg val. time: 0.0 hours, 0.0 minutes, 0.22297029874541544 seconds
Avg batch val. time: 0.05574257468635386 seconds
Avg sample val. time: 0.0010876599938800754 seconds
Epoch 172 Validation Summary: epoch: 172.000000 | loss: 1.624528 | accuracy: 0.639024 | precision: 0.666057 | AUROC: 0.666726 | AUPRC: 0.450733 | 
Epoch 173 Training Summary: epoch: 173.000000 | loss: 0.000519 | 
Epoch runtime: 0.0 hours, 0.0 minutes, 0.5586330890655518 seconds

Avg epoch train. time: 0.0 hours, 0.0 minutes, 0.48624995953774863 seconds
Avg batch train. time: 0.12156248988443716 seconds
Avg sample train. time: 0.0023835782330281796 seconds
Epoch 174 Training Summary: epoch: 174.000000 | loss: 0.002456 | 
Epoch runtime: 0.0 hours, 0.0 minutes, 0.5346519947052002 seconds

Avg epoch train. time: 0.0 hours, 0.0 minutes, 0.48652813215365354 seconds
Avg batch train. time: 0.12163203303841338 seconds
Avg sample train. time: 0.0023849418242826155 seconds
Evaluating on validation set ...
Validation runtime: 0.0 hours, 0.0 minutes, 0.24785947799682617 seconds

Avg val. time: 0.0 hours, 0.0 minutes, 0.22324995244486948 seconds
Avg batch val. time: 0.05581248811121737 seconds
Avg sample val. time: 0.001089024158267656 seconds
Epoch 174 Validation Summary: epoch: 174.000000 | loss: 1.611459 | accuracy: 0.614634 | precision: 0.661027 | AUROC: 0.654931 | AUPRC: 0.442746 | 
Epoch 175 Training Summary: epoch: 175.000000 | loss: 0.005874 | 
Epoch runtime: 0.0 hours, 0.0 minutes, 0.5269448757171631 seconds

Avg epoch train. time: 0.0 hours, 0.0 minutes, 0.4867590849740165 seconds
Avg batch train. time: 0.12168977124350412 seconds
Avg sample train. time: 0.0023860739459510612 seconds
Epoch 176 Training Summary: epoch: 176.000000 | loss: 0.001187 | 
Epoch runtime: 0.0 hours, 0.0 minutes, 0.5510883331298828 seconds

Avg epoch train. time: 0.0 hours, 0.0 minutes, 0.48712459206581116 seconds
Avg batch train. time: 0.12178114801645279 seconds
Avg sample train. time: 0.0023878656473814274 seconds
Evaluating on validation set ...
Validation runtime: 0.0 hours, 0.0 minutes, 0.22189116477966309 seconds

Avg val. time: 0.0 hours, 0.0 minutes, 0.22323485480414496 seconds
Avg batch val. time: 0.05580871370103624 seconds
Avg sample val. time: 0.0010889505112397315 seconds
Epoch 176 Validation Summary: epoch: 176.000000 | loss: 1.640081 | accuracy: 0.595122 | precision: 0.655141 | AUROC: 0.620318 | AUPRC: 0.424923 | 
Epoch 177 Training Summary: epoch: 177.000000 | loss: 0.001194 | 
Epoch runtime: 0.0 hours, 0.0 minutes, 0.5505330562591553 seconds

Avg epoch train. time: 0.0 hours, 0.0 minutes, 0.487482831976508 seconds
Avg batch train. time: 0.121870707994127 seconds
Avg sample train. time: 0.0023896217253750393 seconds
Epoch 178 Training Summary: epoch: 178.000000 | loss: 0.001885 | 
Epoch runtime: 0.0 hours, 0.0 minutes, 0.530867338180542 seconds

Avg epoch train. time: 0.0 hours, 0.0 minutes, 0.48772656515742957 seconds
Avg batch train. time: 0.12193164128935739 seconds
Avg sample train. time: 0.002390816495869753 seconds
Evaluating on validation set ...
Validation runtime: 0.0 hours, 0.0 minutes, 0.24500012397766113 seconds

Avg val. time: 0.0 hours, 0.0 minutes, 0.22347403358627152 seconds
Avg batch val. time: 0.05586850839656788 seconds
Avg sample val. time: 0.0010901172370062025 seconds
Epoch 178 Validation Summary: epoch: 178.000000 | loss: 1.508103 | accuracy: 0.648780 | precision: 0.663876 | AUROC: 0.633179 | AUPRC: 0.450726 | 
Epoch 179 Training Summary: epoch: 179.000000 | loss: 0.001855 | 
Epoch runtime: 0.0 hours, 0.0 minutes, 0.5336337089538574 seconds

Avg epoch train. time: 0.0 hours, 0.0 minutes, 0.4879830296479124 seconds
Avg batch train. time: 0.1219957574119781 seconds
Avg sample train. time: 0.0023920736747446688 seconds
Epoch 180 Training Summary: epoch: 180.000000 | loss: 0.000844 | 
Epoch runtime: 0.0 hours, 0.0 minutes, 0.5503613948822021 seconds

Avg epoch train. time: 0.0 hours, 0.0 minutes, 0.48832957612143624 seconds
Avg batch train. time: 0.12208239403035906 seconds
Avg sample train. time: 0.0023937724319678245 seconds
Evaluating on validation set ...
Validation runtime: 0.0 hours, 0.0 minutes, 0.23673295974731445 seconds

Avg val. time: 0.0 hours, 0.0 minutes, 0.22361815234889154 seconds
Avg batch val. time: 0.055904538087222885 seconds
Avg sample val. time: 0.0010908202553604465 seconds
Epoch 180 Validation Summary: epoch: 180.000000 | loss: 1.514086 | accuracy: 0.648780 | precision: 0.660097 | AUROC: 0.643966 | AUPRC: 0.456880 | 
Epoch 181 Training Summary: epoch: 181.000000 | loss: 0.000543 | 
Epoch runtime: 0.0 hours, 0.0 minutes, 0.543236255645752 seconds

Avg epoch train. time: 0.0 hours, 0.0 minutes, 0.4886329279420126 seconds
Avg batch train. time: 0.12215823198550314 seconds
Avg sample train. time: 0.00239525945069614 seconds
Epoch 182 Training Summary: epoch: 182.000000 | loss: 0.001118 | 
Epoch runtime: 0.0 hours, 0.0 minutes, 0.5233151912689209 seconds

Avg epoch train. time: 0.0 hours, 0.0 minutes, 0.48882348982842416 seconds
Avg batch train. time: 0.12220587245710604 seconds
Avg sample train. time: 0.0023961935775903146 seconds
Evaluating on validation set ...
Validation runtime: 0.0 hours, 0.0 minutes, 0.24336910247802734 seconds

Avg val. time: 0.0 hours, 0.0 minutes, 0.2238305281567317 seconds
Avg batch val. time: 0.05595763203918293 seconds
Avg sample val. time: 0.0010918562349108863 seconds
Epoch 182 Validation Summary: epoch: 182.000000 | loss: 1.623546 | accuracy: 0.658537 | precision: 0.673310 | AUROC: 0.659495 | AUPRC: 0.485149 | 
Epoch 183 Training Summary: epoch: 183.000000 | loss: 0.002133 | 
Epoch runtime: 0.0 hours, 0.0 minutes, 0.5454878807067871 seconds

Avg epoch train. time: 0.0 hours, 0.0 minutes, 0.4891331313086338 seconds
Avg batch train. time: 0.12228328282715845 seconds
Avg sample train. time: 0.0023977114279834988 seconds
Epoch 184 Training Summary: epoch: 184.000000 | loss: 0.000704 | 
Epoch runtime: 0.0 hours, 0.0 minutes, 0.5415158271789551 seconds

Avg epoch train. time: 0.0 hours, 0.0 minutes, 0.48941781987314636 seconds
Avg batch train. time: 0.12235445496828659 seconds
Avg sample train. time: 0.0023991069601624823 seconds
Evaluating on validation set ...
Validation runtime: 0.0 hours, 0.0 minutes, 0.24523591995239258 seconds

Avg val. time: 0.0 hours, 0.0 minutes, 0.2240582450907281 seconds
Avg batch val. time: 0.05601456127268203 seconds
Avg sample val. time: 0.001092967049223064 seconds
Epoch 184 Validation Summary: epoch: 184.000000 | loss: 1.615809 | accuracy: 0.639024 | precision: 0.662161 | AUROC: 0.659495 | AUPRC: 0.483479 | 
Epoch 185 Training Summary: epoch: 185.000000 | loss: 0.000695 | 
Epoch runtime: 0.0 hours, 0.0 minutes, 0.5240957736968994 seconds

Avg epoch train. time: 0.0 hours, 0.0 minutes, 0.4896052682721937 seconds
Avg batch train. time: 0.12240131706804842 seconds
Avg sample train. time: 0.002400025824863695 seconds
Epoch 186 Training Summary: epoch: 186.000000 | loss: 0.000425 | 
Epoch runtime: 0.0 hours, 0.0 minutes, 0.5434622764587402 seconds

Avg epoch train. time: 0.0 hours, 0.0 minutes, 0.48989482207964824 seconds
Avg batch train. time: 0.12247370551991206 seconds
Avg sample train. time: 0.0024014452062727856 seconds
Evaluating on validation set ...
Validation runtime: 0.0 hours, 0.0 minutes, 0.23055267333984375 seconds

Avg val. time: 0.0 hours, 0.0 minutes, 0.2241266074933504 seconds
Avg batch val. time: 0.0560316518733376 seconds
Avg sample val. time: 0.0010933005243578067 seconds
Epoch 186 Validation Summary: epoch: 186.000000 | loss: 1.737551 | accuracy: 0.648780 | precision: 0.675361 | AUROC: 0.654516 | AUPRC: 0.475641 | 
Epoch 187 Training Summary: epoch: 187.000000 | loss: 0.001197 | 
Epoch runtime: 0.0 hours, 0.0 minutes, 0.5480344295501709 seconds

Avg epoch train. time: 0.0 hours, 0.0 minutes, 0.49020572907146925 seconds
Avg batch train. time: 0.12255143226786731 seconds
Avg sample train. time: 0.002402969260154261 seconds
Epoch 188 Training Summary: epoch: 188.000000 | loss: 0.000349 | 
Epoch runtime: 0.0 hours, 0.0 minutes, 0.5220715999603271 seconds

Avg epoch train. time: 0.0 hours, 0.0 minutes, 0.4903752283847078 seconds
Avg batch train. time: 0.12259380709617695 seconds
Avg sample train. time: 0.0024038001391407248 seconds
Evaluating on validation set ...
Validation runtime: 0.0 hours, 0.0 minutes, 0.24093890190124512 seconds

Avg val. time: 0.0 hours, 0.0 minutes, 0.22430173556009927 seconds
Avg batch val. time: 0.05607543389002482 seconds
Avg sample val. time: 0.0010941548076102404 seconds
Epoch 188 Validation Summary: epoch: 188.000000 | loss: 1.731556 | accuracy: 0.653659 | precision: 0.689856 | AUROC: 0.657598 | AUPRC: 0.475910 | 
Epoch 189 Training Summary: epoch: 189.000000 | loss: 0.000921 | 
Epoch runtime: 0.0 hours, 0.0 minutes, 0.5277194976806641 seconds

Avg epoch train. time: 0.0 hours, 0.0 minutes, 0.4905728171111415 seconds
Avg batch train. time: 0.12264320427778537 seconds
Avg sample train. time: 0.0024047687113291248 seconds
Epoch 190 Training Summary: epoch: 190.000000 | loss: 0.000652 | 
Epoch runtime: 0.0 hours, 0.0 minutes, 0.5374867916107178 seconds

Avg epoch train. time: 0.0 hours, 0.0 minutes, 0.4908197327664024 seconds
Avg batch train. time: 0.1227049331916006 seconds
Avg sample train. time: 0.002405979082188247 seconds
Evaluating on validation set ...
Validation runtime: 0.0 hours, 0.0 minutes, 0.2353687286376953 seconds

Avg val. time: 0.0 hours, 0.0 minutes, 0.22441582827223944 seconds
Avg batch val. time: 0.05610395706805986 seconds
Avg sample val. time: 0.0010947113574255583 seconds
Epoch 190 Validation Summary: epoch: 190.000000 | loss: 1.754792 | accuracy: 0.648780 | precision: 0.667673 | AUROC: 0.666015 | AUPRC: 0.482252 | 
Epoch 191 Training Summary: epoch: 191.000000 | loss: 0.000754 | 
Epoch runtime: 0.0 hours, 0.0 minutes, 0.544992208480835 seconds

Avg epoch train. time: 0.0 hours, 0.0 minutes, 0.4911033582937031 seconds
Avg batch train. time: 0.12277583957342578 seconds
Avg sample train. time: 0.0024073694034005056 seconds
Epoch 192 Training Summary: epoch: 192.000000 | loss: 0.000730 | 
Epoch runtime: 0.0 hours, 0.0 minutes, 0.5287632942199707 seconds

Avg epoch train. time: 0.0 hours, 0.0 minutes, 0.49129950379331905 seconds
Avg batch train. time: 0.12282487594832976 seconds
Avg sample train. time: 0.002408330900947642 seconds
Evaluating on validation set ...
Validation runtime: 0.0 hours, 0.0 minutes, 0.23830103874206543 seconds

Avg val. time: 0.0 hours, 0.0 minutes, 0.2245575140933601 seconds
Avg batch val. time: 0.05613937852334003 seconds
Avg sample val. time: 0.0010954025077724884 seconds
Epoch 192 Validation Summary: epoch: 192.000000 | loss: 1.699873 | accuracy: 0.643902 | precision: 0.672663 | AUROC: 0.659614 | AUPRC: 0.475928 | 
Epoch 193 Training Summary: epoch: 193.000000 | loss: 0.000252 | 
Epoch runtime: 0.0 hours, 0.0 minutes, 0.537489652633667 seconds

Avg epoch train. time: 0.0 hours, 0.0 minutes, 0.49153883098938306 seconds
Avg batch train. time: 0.12288470774734576 seconds
Avg sample train. time: 0.002409504073477368 seconds
Epoch 194 Training Summary: epoch: 194.000000 | loss: 0.001156 | 
Epoch runtime: 0.0 hours, 0.0 minutes, 0.5509192943572998 seconds

Avg epoch train. time: 0.0 hours, 0.0 minutes, 0.49184491585210427 seconds
Avg batch train. time: 0.12296122896302607 seconds
Avg sample train. time: 0.0024110044894710995 seconds
Evaluating on validation set ...
Validation runtime: 0.0 hours, 0.0 minutes, 0.24404239654541016 seconds

Avg val. time: 0.0 hours, 0.0 minutes, 0.22475433108782528 seconds
Avg batch val. time: 0.05618858277195632 seconds
Avg sample val. time: 0.0010963625906723184 seconds
Epoch 194 Validation Summary: epoch: 194.000000 | loss: 1.767860 | accuracy: 0.629268 | precision: 0.672836 | AUROC: 0.658665 | AUPRC: 0.474298 | 
Epoch 195 Training Summary: epoch: 195.000000 | loss: 0.000413 | 
Epoch runtime: 0.0 hours, 0.0 minutes, 0.5293068885803223 seconds

Avg epoch train. time: 0.0 hours, 0.0 minutes, 0.49203702853276177 seconds
Avg batch train. time: 0.12300925713319044 seconds
Avg sample train. time: 0.002411946218297852 seconds
Epoch 196 Training Summary: epoch: 196.000000 | loss: 0.000303 | 
Epoch runtime: 0.0 hours, 0.0 minutes, 0.5375204086303711 seconds

Avg epoch train. time: 0.0 hours, 0.0 minutes, 0.4922690865944843 seconds
Avg batch train. time: 0.12306727164862108 seconds
Avg sample train. time: 0.0024130837578160997 seconds
Evaluating on validation set ...
Validation runtime: 0.0 hours, 0.0 minutes, 0.23610520362854004 seconds

Avg val. time: 0.0 hours, 0.0 minutes, 0.2248678398132324 seconds
Avg batch val. time: 0.0562169599533081 seconds
Avg sample val. time: 0.0010969162917718654 seconds
Epoch 196 Validation Summary: epoch: 196.000000 | loss: 1.816642 | accuracy: 0.653659 | precision: 0.685875 | AUROC: 0.653035 | AUPRC: 0.471543 | 
Epoch 197 Training Summary: epoch: 197.000000 | loss: 0.000850 | 
Epoch runtime: 0.0 hours, 0.0 minutes, 0.5528149604797363 seconds

Avg epoch train. time: 0.0 hours, 0.0 minutes, 0.49257642605583074 seconds
Avg batch train. time: 0.12314410651395769 seconds
Avg sample train. time: 0.002414590323803092 seconds
Epoch 198 Training Summary: epoch: 198.000000 | loss: 0.001791 | 
Epoch runtime: 0.0 hours, 0.0 minutes, 0.5291621685028076 seconds

Avg epoch train. time: 0.0 hours, 0.0 minutes, 0.4927612025328357 seconds
Avg batch train. time: 0.12319030063320892 seconds
Avg sample train. time: 0.002415496090847234 seconds
Evaluating on validation set ...
Validation runtime: 0.0 hours, 0.0 minutes, 0.24610042572021484 seconds

Avg val. time: 0.0 hours, 0.0 minutes, 0.22507806343607384 seconds
Avg batch val. time: 0.05626951585901846 seconds
Avg sample val. time: 0.0010979417728588967 seconds
Epoch 198 Validation Summary: epoch: 198.000000 | loss: 1.791871 | accuracy: 0.668293 | precision: 0.693969 | AUROC: 0.657658 | AUPRC: 0.467458 | 
Epoch 199 Training Summary: epoch: 199.000000 | loss: 0.000416 | 
Epoch runtime: 0.0 hours, 0.0 minutes, 0.5264692306518555 seconds

Avg epoch train. time: 0.0 hours, 0.0 minutes, 0.49293058960881064 seconds
Avg batch train. time: 0.12323264740220266 seconds
Avg sample train. time: 0.0024163264196510326 seconds
Epoch 200 Training Summary: epoch: 200.000000 | loss: 0.001866 | 
Epoch runtime: 0.0 hours, 0.0 minutes, 0.5546460151672363 seconds

Avg epoch train. time: 0.0 hours, 0.0 minutes, 0.4932391667366028 seconds
Avg batch train. time: 0.1233097916841507 seconds
Avg sample train. time: 0.002417839052630406 seconds
Evaluating on validation set ...
Validation runtime: 0.0 hours, 0.0 minutes, 0.23070287704467773 seconds

Avg val. time: 0.0 hours, 0.0 minutes, 0.22513320866753073 seconds
Avg batch val. time: 0.05628330216688268 seconds
Avg sample val. time: 0.0010982107739879547 seconds
Epoch 200 Validation Summary: epoch: 200.000000 | loss: 1.720337 | accuracy: 0.697561 | precision: 0.691121 | AUROC: 0.662044 | AUPRC: 0.451389 | 
Epoch 201 Training Summary: epoch: 201.000000 | loss: 0.001449 | 
Epoch runtime: 0.0 hours, 0.0 minutes, 0.5485339164733887 seconds

Avg epoch train. time: 0.0 hours, 0.0 minutes, 0.49351426499399975 seconds
Avg batch train. time: 0.12337856624849994 seconds
Avg sample train. time: 0.002419187573499999 seconds
Epoch 202 Training Summary: epoch: 202.000000 | loss: 0.001441 | 
Epoch runtime: 0.0 hours, 0.0 minutes, 0.53122878074646 seconds

Avg epoch train. time: 0.0 hours, 0.0 minutes, 0.49370097051752676 seconds
Avg batch train. time: 0.12342524262938169 seconds
Avg sample train. time: 0.002420102796654543 seconds
Evaluating on validation set ...
Validation runtime: 0.0 hours, 0.0 minutes, 0.24657630920410156 seconds

Avg val. time: 0.0 hours, 0.0 minutes, 0.22534139410963336 seconds
Avg batch val. time: 0.05633534852740834 seconds
Avg sample val. time: 0.0010992263127299188 seconds
Epoch 202 Validation Summary: epoch: 202.000000 | loss: 1.691632 | accuracy: 0.668293 | precision: 0.679092 | AUROC: 0.657539 | AUPRC: 0.443584 | 
Epoch 203 Training Summary: epoch: 203.000000 | loss: 0.000211 | 
Epoch runtime: 0.0 hours, 0.0 minutes, 0.531606912612915 seconds

Avg epoch train. time: 0.0 hours, 0.0 minutes, 0.49388769929632176 seconds
Avg batch train. time: 0.12347192482408044 seconds
Avg sample train. time: 0.002421018133805499 seconds
Epoch 204 Training Summary: epoch: 204.000000 | loss: 0.000365 | 
Epoch runtime: 0.0 hours, 0.0 minutes, 0.5541872978210449 seconds

Avg epoch train. time: 0.0 hours, 0.0 minutes, 0.4941832855635998 seconds
Avg batch train. time: 0.12354582139089995 seconds
Avg sample train. time: 0.0024224670860960775 seconds
Evaluating on validation set ...
Validation runtime: 0.0 hours, 0.0 minutes, 0.23543357849121094 seconds

Avg val. time: 0.0 hours, 0.0 minutes, 0.2254384343440716 seconds
Avg batch val. time: 0.0563596085860179 seconds
Avg sample val. time: 0.0010996996797271786 seconds
Epoch 204 Validation Summary: epoch: 204.000000 | loss: 1.733445 | accuracy: 0.673171 | precision: 0.689288 | AUROC: 0.666311 | AUPRC: 0.478731 | 
Epoch 205 Training Summary: epoch: 205.000000 | loss: 0.000215 | 
Epoch runtime: 0.0 hours, 0.0 minutes, 0.5439553260803223 seconds

Avg epoch train. time: 0.0 hours, 0.0 minutes, 0.4944260760051448 seconds
Avg batch train. time: 0.1236065190012862 seconds
Avg sample train. time: 0.0024236572353193374 seconds
Epoch 206 Training Summary: epoch: 206.000000 | loss: 0.000398 | 
Epoch runtime: 0.0 hours, 0.0 minutes, 0.5321967601776123 seconds

Avg epoch train. time: 0.0 hours, 0.0 minutes, 0.4946094288409335 seconds
Avg batch train. time: 0.12365235721023338 seconds
Avg sample train. time: 0.002424556023730066 seconds
Evaluating on validation set ...
Validation runtime: 0.0 hours, 0.0 minutes, 0.2413341999053955 seconds

Avg val. time: 0.0 hours, 0.0 minutes, 0.22558982258751278 seconds
Avg batch val. time: 0.056397455646878196 seconds
Avg sample val. time: 0.001100438158963477 seconds
Epoch 206 Validation Summary: epoch: 206.000000 | loss: 1.718126 | accuracy: 0.678049 | precision: 0.699513 | AUROC: 0.669927 | AUPRC: 0.489971 | 
Epoch 207 Training Summary: epoch: 207.000000 | loss: 0.000518 | 
Epoch runtime: 0.0 hours, 0.0 minutes, 0.5440442562103271 seconds

Avg epoch train. time: 0.0 hours, 0.0 minutes, 0.49484824443208997 seconds
Avg batch train. time: 0.12371206110802249 seconds
Avg sample train. time: 0.0024257266883925977 seconds
Epoch 208 Training Summary: epoch: 208.000000 | loss: 0.000257 | 
Epoch runtime: 0.0 hours, 0.0 minutes, 0.5431830883026123 seconds

Avg epoch train. time: 0.0 hours, 0.0 minutes, 0.4950806234891598 seconds
Avg batch train. time: 0.12377015587228996 seconds
Avg sample train. time: 0.00242686580141745 seconds
Evaluating on validation set ...
Validation runtime: 0.0 hours, 0.0 minutes, 0.24734020233154297 seconds

Avg val. time: 0.0 hours, 0.0 minutes, 0.2257950148492489 seconds
Avg batch val. time: 0.05644875371231223 seconds
Avg sample val. time: 0.0011014390968256045 seconds
Epoch 208 Validation Summary: epoch: 208.000000 | loss: 1.717230 | accuracy: 0.687805 | precision: 0.705199 | AUROC: 0.664296 | AUPRC: 0.491657 | 
Epoch 209 Training Summary: epoch: 209.000000 | loss: 0.000256 | 
Epoch runtime: 0.0 hours, 0.0 minutes, 0.5254602432250977 seconds

Avg epoch train. time: 0.0 hours, 0.0 minutes, 0.49522598052138916 seconds
Avg batch train. time: 0.12380649513034729 seconds
Avg sample train. time: 0.0024275783358891625 seconds
Epoch 210 Training Summary: epoch: 210.000000 | loss: 0.000251 | 
Epoch runtime: 0.0 hours, 0.0 minutes, 0.5426211357116699 seconds

Avg epoch train. time: 0.0 hours, 0.0 minutes, 0.495451671736581 seconds
Avg batch train. time: 0.12386291793414525 seconds
Avg sample train. time: 0.002428684665375397 seconds
Evaluating on validation set ...
Validation runtime: 0.0 hours, 0.0 minutes, 0.2304847240447998 seconds

Avg val. time: 0.0 hours, 0.0 minutes, 0.22583884390715125 seconds
Avg batch val. time: 0.056459710976787814 seconds
Avg sample val. time: 0.001101652897108055 seconds
Epoch 210 Validation Summary: epoch: 210.000000 | loss: 1.713798 | accuracy: 0.682927 | precision: 0.702337 | AUROC: 0.664948 | AUPRC: 0.486845 | 
Epoch 211 Training Summary: epoch: 211.000000 | loss: 0.000152 | 
Epoch runtime: 0.0 hours, 0.0 minutes, 0.552593469619751 seconds

Avg epoch train. time: 0.0 hours, 0.0 minutes, 0.4957224859445581 seconds
Avg batch train. time: 0.12393062148613952 seconds
Avg sample train. time: 0.002430012186002736 seconds
Epoch 212 Training Summary: epoch: 212.000000 | loss: 0.000289 | 
Epoch runtime: 0.0 hours, 0.0 minutes, 0.5271909236907959 seconds

Avg epoch train. time: 0.0 hours, 0.0 minutes, 0.495870921971663 seconds
Avg batch train. time: 0.12396773049291575 seconds
Avg sample train. time: 0.0024307398135865834 seconds
Evaluating on validation set ...
Validation runtime: 0.0 hours, 0.0 minutes, 0.24628186225891113 seconds

Avg val. time: 0.0 hours, 0.0 minutes, 0.22602813111411202 seconds
Avg batch val. time: 0.056507032778528005 seconds
Avg sample val. time: 0.0011025762493371317 seconds
Epoch 212 Validation Summary: epoch: 212.000000 | loss: 1.746814 | accuracy: 0.687805 | precision: 0.705199 | AUROC: 0.667615 | AUPRC: 0.493543 | 
Epoch 213 Training Summary: epoch: 213.000000 | loss: 0.000343 | 
Epoch runtime: 0.0 hours, 0.0 minutes, 0.5250883102416992 seconds

Avg epoch train. time: 0.0 hours, 0.0 minutes, 0.4960080928086115 seconds
Avg batch train. time: 0.12400202320215288 seconds
Avg sample train. time: 0.0024314122196500564 seconds
Epoch 214 Training Summary: epoch: 214.000000 | loss: 0.000239 | 
Epoch runtime: 0.0 hours, 0.0 minutes, 0.5492165088653564 seconds

Avg epoch train. time: 0.0 hours, 0.0 minutes, 0.4962567302668206 seconds
Avg batch train. time: 0.12406418256670515 seconds
Avg sample train. time: 0.0024326310307197087 seconds
Evaluating on validation set ...
Validation runtime: 0.0 hours, 0.0 minutes, 0.22588801383972168 seconds

Avg val. time: 0.0 hours, 0.0 minutes, 0.22602684563453043 seconds
Avg batch val. time: 0.05650671140863261 seconds
Avg sample val. time: 0.0011025699787050266 seconds
Epoch 214 Validation Summary: epoch: 214.000000 | loss: 1.774660 | accuracy: 0.678049 | precision: 0.692179 | AUROC: 0.679232 | AUPRC: 0.504370 | 
Epoch 215 Training Summary: epoch: 215.000000 | loss: 0.000496 | 
Epoch runtime: 0.0 hours, 0.0 minutes, 0.5450284481048584 seconds

Avg epoch train. time: 0.0 hours, 0.0 minutes, 0.4964835754660673 seconds
Avg batch train. time: 0.12412089386651683 seconds
Avg sample train. time: 0.002433743016990526 seconds
Epoch 216 Training Summary: epoch: 216.000000 | loss: 0.000138 | 
Epoch runtime: 0.0 hours, 0.0 minutes, 0.5283217430114746 seconds

Avg epoch train. time: 0.0 hours, 0.0 minutes, 0.4966309743898886 seconds
Avg batch train. time: 0.12415774359747216 seconds
Avg sample train. time: 0.0024344655607347484 seconds
Evaluating on validation set ...
Validation runtime: 0.0 hours, 0.0 minutes, 0.24376416206359863 seconds

Avg val. time: 0.0 hours, 0.0 minutes, 0.2261880939657038 seconds
Avg batch val. time: 0.05654702349142595 seconds
Avg sample val. time: 0.0011033565559302625 seconds
Epoch 216 Validation Summary: epoch: 216.000000 | loss: 1.752975 | accuracy: 0.682927 | precision: 0.702337 | AUROC: 0.678165 | AUPRC: 0.495065 | 
Epoch 217 Training Summary: epoch: 217.000000 | loss: 0.000307 | 
Epoch runtime: 0.0 hours, 0.0 minutes, 0.5363073348999023 seconds

Avg epoch train. time: 0.0 hours, 0.0 minutes, 0.49681381476090253 seconds
Avg batch train. time: 0.12420345369022563 seconds
Avg sample train. time: 0.0024353618370632477 seconds
Epoch 218 Training Summary: epoch: 218.000000 | loss: 0.000375 | 
Epoch runtime: 0.0 hours, 0.0 minutes, 0.5494732856750488 seconds

Avg epoch train. time: 0.0 hours, 0.0 minutes, 0.4970553719669307 seconds
Avg batch train. time: 0.12426384299173268 seconds
Avg sample train. time: 0.0024365459410143663 seconds
Evaluating on validation set ...
Validation runtime: 0.0 hours, 0.0 minutes, 0.24199366569519043 seconds

Avg val. time: 0.0 hours, 0.0 minutes, 0.22633048650380727 seconds
Avg batch val. time: 0.05658262162595182 seconds
Avg sample val. time: 0.0011040511536771086 seconds
Epoch 218 Validation Summary: epoch: 218.000000 | loss: 1.746722 | accuracy: 0.663415 | precision: 0.691243 | AUROC: 0.672771 | AUPRC: 0.482471 | 
Epoch 219 Training Summary: epoch: 219.000000 | loss: 0.000128 | 
Epoch runtime: 0.0 hours, 0.0 minutes, 0.5340571403503418 seconds

Avg epoch train. time: 0.0 hours, 0.0 minutes, 0.4972243298134303 seconds
Avg batch train. time: 0.12430608245335757 seconds
Avg sample train. time: 0.002437374165752109 seconds
Epoch 220 Training Summary: epoch: 220.000000 | loss: 0.000109 | 
Epoch runtime: 0.0 hours, 0.0 minutes, 0.5364015102386475 seconds

Avg epoch train. time: 0.0 hours, 0.0 minutes, 0.4974024079062722 seconds
Avg batch train. time: 0.12435060197656805 seconds
Avg sample train. time: 0.0024382470975797656 seconds
Evaluating on validation set ...
Validation runtime: 0.0 hours, 0.0 minutes, 0.23311495780944824 seconds

Avg val. time: 0.0 hours, 0.0 minutes, 0.22639106214046478 seconds
Avg batch val. time: 0.056597765535116196 seconds
Avg sample val. time: 0.001104346644587633 seconds
Epoch 220 Validation Summary: epoch: 220.000000 | loss: 1.775484 | accuracy: 0.682927 | precision: 0.702337 | AUROC: 0.671764 | AUPRC: 0.472940 | 
Epoch 221 Training Summary: epoch: 221.000000 | loss: 0.000242 | 
Epoch runtime: 0.0 hours, 0.0 minutes, 0.5891568660736084 seconds

Avg epoch train. time: 0.0 hours, 0.0 minutes, 0.4978175864500158 seconds
Avg batch train. time: 0.12445439661250395 seconds
Avg sample train. time: 0.0024402822865196854 seconds
Epoch 222 Training Summary: epoch: 222.000000 | loss: 0.000291 | 
Epoch runtime: 0.0 hours, 0.0 minutes, 0.49649882316589355 seconds

Avg epoch train. time: 0.0 hours, 0.0 minutes, 0.4978116460748621 seconds
Avg batch train. time: 0.12445291151871553 seconds
Avg sample train. time: 0.0024402531670336377 seconds
Evaluating on validation set ...
Validation runtime: 0.0 hours, 0.0 minutes, 0.21929073333740234 seconds

Avg val. time: 0.0 hours, 0.0 minutes, 0.22632822737229608 seconds
Avg batch val. time: 0.05658205684307402 seconds
Avg sample val. time: 0.0011040401335233954 seconds
Epoch 222 Validation Summary: epoch: 222.000000 | loss: 1.675998 | accuracy: 0.663415 | precision: 0.691243 | AUROC: 0.667911 | AUPRC: 0.456592 | 
Epoch 223 Training Summary: epoch: 223.000000 | loss: 0.000150 | 
Epoch runtime: 0.0 hours, 0.0 minutes, 0.41140031814575195 seconds

Avg epoch train. time: 0.0 hours, 0.0 minutes, 0.4974241513307854 seconds
Avg batch train. time: 0.12435603783269635 seconds
Avg sample train. time: 0.002438353682994046 seconds
Epoch 224 Training Summary: epoch: 224.000000 | loss: 0.000252 | 
Epoch runtime: 0.0 hours, 0.0 minutes, 0.4261486530303955 seconds

Avg epoch train. time: 0.0 hours, 0.0 minutes, 0.49710595714194433 seconds
Avg batch train. time: 0.12427648928548608 seconds
Avg sample train. time: 0.0024367939075585505 seconds
Evaluating on validation set ...
Validation runtime: 0.0 hours, 0.0 minutes, 0.2017836570739746 seconds

Avg val. time: 0.0 hours, 0.0 minutes, 0.2261129241240652 seconds
Avg batch val. time: 0.0565282310310163 seconds
Avg sample val. time: 0.0011029898737759279 seconds
Epoch 224 Validation Summary: epoch: 224.000000 | loss: 1.718651 | accuracy: 0.692683 | precision: 0.704576 | AUROC: 0.665303 | AUPRC: 0.465961 | 
Epoch 225 Training Summary: epoch: 225.000000 | loss: 0.000113 | 
Epoch runtime: 0.0 hours, 0.0 minutes, 0.419964075088501 seconds

Avg epoch train. time: 0.0 hours, 0.0 minutes, 0.49676310433281795 seconds
Avg batch train. time: 0.12419077608320449 seconds
Avg sample train. time: 0.0024351132565334213 seconds
Epoch 226 Training Summary: epoch: 226.000000 | loss: 0.000134 | 
Epoch runtime: 0.0 hours, 0.0 minutes, 0.49422645568847656 seconds

Avg epoch train. time: 0.0 hours, 0.0 minutes, 0.49675188022377215 seconds
Avg batch train. time: 0.12418797005594304 seconds
Avg sample train. time: 0.00243505823639104 seconds
Evaluating on validation set ...
Validation runtime: 0.0 hours, 0.0 minutes, 0.21620416641235352 seconds

Avg val. time: 0.0 hours, 0.0 minutes, 0.2260267610135286 seconds
Avg batch val. time: 0.05650669025338215 seconds
Avg sample val. time: 0.0011025695659196517 seconds
Epoch 226 Validation Summary: epoch: 226.000000 | loss: 1.710110 | accuracy: 0.663415 | precision: 0.687405 | AUROC: 0.656887 | AUPRC: 0.463161 | 
Epoch 227 Training Summary: epoch: 227.000000 | loss: 0.000224 | 
Epoch runtime: 0.0 hours, 0.0 minutes, 0.510378360748291 seconds

Avg epoch train. time: 0.0 hours, 0.0 minutes, 0.49681190877233833 seconds
Avg batch train. time: 0.12420297719308458 seconds
Avg sample train. time: 0.0024353524939820506 seconds
Epoch 228 Training Summary: epoch: 228.000000 | loss: 0.000245 | 
Epoch runtime: 0.0 hours, 0.0 minutes, 0.4958219528198242 seconds

Avg epoch train. time: 0.0 hours, 0.0 minutes, 0.4968075668602659 seconds
Avg batch train. time: 0.12420189171506647 seconds
Avg sample train. time: 0.0024353312100993427 seconds
Evaluating on validation set ...
Validation runtime: 0.0 hours, 0.0 minutes, 0.24227118492126465 seconds

Avg val. time: 0.0 hours, 0.0 minutes, 0.22616679915066423 seconds
Avg batch val. time: 0.05654169978766606 seconds
Avg sample val. time: 0.0011032526787837279 seconds
Epoch 228 Validation Summary: epoch: 228.000000 | loss: 1.701528 | accuracy: 0.663415 | precision: 0.683620 | AUROC: 0.659614 | AUPRC: 0.464251 | 
Epoch 229 Training Summary: epoch: 229.000000 | loss: 0.000143 | 
Epoch runtime: 0.0 hours, 0.0 minutes, 0.5188875198364258 seconds

Avg epoch train. time: 0.0 hours, 0.0 minutes, 0.4969039858688954 seconds
Avg batch train. time: 0.12422599646722385 seconds
Avg sample train. time: 0.002435803852298507 seconds
Epoch 230 Training Summary: epoch: 230.000000 | loss: 0.000124 | 
Epoch runtime: 0.0 hours, 0.0 minutes, 0.5346024036407471 seconds

Avg epoch train. time: 0.0 hours, 0.0 minutes, 0.49706789203312085 seconds
Avg batch train. time: 0.12426697300828021 seconds
Avg sample train. time: 0.0024366073138878475 seconds
Evaluating on validation set ...
Validation runtime: 0.0 hours, 0.0 minutes, 0.24157142639160156 seconds

Avg val. time: 0.0 hours, 0.0 minutes, 0.226298462631356 seconds
Avg batch val. time: 0.056574615657839 seconds
Avg sample val. time: 0.0011038949396651513 seconds
Epoch 230 Validation Summary: epoch: 230.000000 | loss: 1.750999 | accuracy: 0.658537 | precision: 0.684665 | AUROC: 0.663229 | AUPRC: 0.459882 | 
Epoch 231 Training Summary: epoch: 231.000000 | loss: 0.000166 | 
Epoch runtime: 0.0 hours, 0.0 minutes, 0.524777889251709 seconds

Avg epoch train. time: 0.0 hours, 0.0 minutes, 0.49718784873103683 seconds
Avg batch train. time: 0.12429696218275921 seconds
Avg sample train. time: 0.0024371953369168474 seconds
Epoch 232 Training Summary: epoch: 232.000000 | loss: 0.000225 | 
Epoch runtime: 0.0 hours, 0.0 minutes, 0.5297362804412842 seconds

Avg epoch train. time: 0.0 hours, 0.0 minutes, 0.49732814369530515 seconds
Avg batch train. time: 0.12433203592382629 seconds
Avg sample train. time: 0.0024378830573299273 seconds
Evaluating on validation set ...
Validation runtime: 0.0 hours, 0.0 minutes, 0.23607659339904785 seconds

Avg val. time: 0.0 hours, 0.0 minutes, 0.22638132814633644 seconds
Avg batch val. time: 0.05659533203658411 seconds
Avg sample val. time: 0.0011042991616894461 seconds
Epoch 232 Validation Summary: epoch: 232.000000 | loss: 1.775107 | accuracy: 0.639024 | precision: 0.673966 | AUROC: 0.662755 | AUPRC: 0.466668 | 
Epoch 233 Training Summary: epoch: 233.000000 | loss: 0.000091 | 
Epoch runtime: 0.0 hours, 0.0 minutes, 0.5498816967010498 seconds

Avg epoch train. time: 0.0 hours, 0.0 minutes, 0.49755369542494354 seconds
Avg batch train. time: 0.12438842385623589 seconds
Avg sample train. time: 0.0024389887030634486 seconds
Epoch 234 Training Summary: epoch: 234.000000 | loss: 0.000358 | 
Epoch runtime: 0.0 hours, 0.0 minutes, 0.526618242263794 seconds

Avg epoch train. time: 0.0 hours, 0.0 minutes, 0.4976779028900668 seconds
Avg batch train. time: 0.1244194757225167 seconds
Avg sample train. time: 0.002439597563186602 seconds
Evaluating on validation set ...
Validation runtime: 0.0 hours, 0.0 minutes, 0.2432565689086914 seconds

Avg val. time: 0.0 hours, 0.0 minutes, 0.22652313689223857 seconds
Avg batch val. time: 0.056630784223059644 seconds
Avg sample val. time: 0.0011049909116694564 seconds
Epoch 234 Validation Summary: epoch: 234.000000 | loss: 1.787527 | accuracy: 0.673171 | precision: 0.692979 | AUROC: 0.669867 | AUPRC: 0.473100 | 
Epoch 235 Training Summary: epoch: 235.000000 | loss: 0.000080 | 
Epoch runtime: 0.0 hours, 0.0 minutes, 0.528148889541626 seconds

Avg epoch train. time: 0.0 hours, 0.0 minutes, 0.49780756666305215 seconds
Avg batch train. time: 0.12445189166576304 seconds
Avg sample train. time: 0.002440233169916922 seconds
Epoch 236 Training Summary: epoch: 236.000000 | loss: 0.000070 | 
Epoch runtime: 0.0 hours, 0.0 minutes, 0.5478956699371338 seconds

Avg epoch train. time: 0.0 hours, 0.0 minutes, 0.4980198043887898 seconds
Avg batch train. time: 0.12450495109719745 seconds
Avg sample train. time: 0.00244127355092544 seconds
Evaluating on validation set ...
Validation runtime: 0.0 hours, 0.0 minutes, 0.2272202968597412 seconds

Avg val. time: 0.0 hours, 0.0 minutes, 0.22652894655863445 seconds
Avg batch val. time: 0.05663223663965861 seconds
Avg sample val. time: 0.001105019251505534 seconds
Epoch 236 Validation Summary: epoch: 236.000000 | loss: 1.755983 | accuracy: 0.648780 | precision: 0.679268 | AUROC: 0.667378 | AUPRC: 0.477029 | 
Epoch 237 Training Summary: epoch: 237.000000 | loss: 0.000137 | 
Epoch runtime: 0.0 hours, 0.0 minutes, 0.5534920692443848 seconds

Avg epoch train. time: 0.0 hours, 0.0 minutes, 0.49825386457805393 seconds
Avg batch train. time: 0.12456346614451348 seconds
Avg sample train. time: 0.002442420904794382 seconds
Epoch 238 Training Summary: epoch: 238.000000 | loss: 0.000105 | 
Epoch runtime: 0.0 hours, 0.0 minutes, 0.5271172523498535 seconds

Avg epoch train. time: 0.0 hours, 0.0 minutes, 0.4983751393165909 seconds
Avg batch train. time: 0.12459378482914772 seconds
Avg sample train. time: 0.002443015388806818 seconds
Evaluating on validation set ...
Validation runtime: 0.0 hours, 0.0 minutes, 0.24599099159240723 seconds

Avg val. time: 0.0 hours, 0.0 minutes, 0.22668978990602098 seconds
Avg batch val. time: 0.056672447476505246 seconds
Avg sample val. time: 0.0011058038532001024 seconds
Epoch 238 Validation Summary: epoch: 238.000000 | loss: 1.700241 | accuracy: 0.658537 | precision: 0.688546 | AUROC: 0.672475 | AUPRC: 0.479897 | 
Epoch 239 Training Summary: epoch: 239.000000 | loss: 0.000063 | 
Epoch runtime: 0.0 hours, 0.0 minutes, 0.5394361019134521 seconds

Avg epoch train. time: 0.0 hours, 0.0 minutes, 0.49854694250737275 seconds
Avg batch train. time: 0.12463673562684319 seconds
Avg sample train. time: 0.0024438575613106505 seconds
Epoch 240 Training Summary: epoch: 240.000000 | loss: 0.000078 | 
Epoch runtime: 0.0 hours, 0.0 minutes, 0.5580689907073975 seconds

Avg epoch train. time: 0.0 hours, 0.0 minutes, 0.49879495104153954 seconds
Avg batch train. time: 0.12469873776038488 seconds
Avg sample train. time: 0.0024450732894193113 seconds
Evaluating on validation set ...
Validation runtime: 0.0 hours, 0.0 minutes, 0.24077081680297852 seconds

Avg val. time: 0.0 hours, 0.0 minutes, 0.22680520815927474 seconds
Avg batch val. time: 0.056701302039818685 seconds
Avg sample val. time: 0.0011063668690696328 seconds
Epoch 240 Validation Summary: epoch: 240.000000 | loss: 1.729408 | accuracy: 0.663415 | precision: 0.691243 | AUROC: 0.675913 | AUPRC: 0.481356 | 
Epoch 241 Training Summary: epoch: 241.000000 | loss: 0.000058 | 
Epoch runtime: 0.0 hours, 0.0 minutes, 0.5471010208129883 seconds

Avg epoch train. time: 0.0 hours, 0.0 minutes, 0.49899539116507247 seconds
Avg batch train. time: 0.12474884779126812 seconds
Avg sample train. time: 0.0024460558390444727 seconds
Epoch 242 Training Summary: epoch: 242.000000 | loss: 0.000116 | 
Epoch runtime: 0.0 hours, 0.0 minutes, 0.5362684726715088 seconds

Avg epoch train. time: 0.0 hours, 0.0 minutes, 0.499149412163033 seconds
Avg batch train. time: 0.12478735304075825 seconds
Avg sample train. time: 0.002446810843936436 seconds
Evaluating on validation set ...
Validation runtime: 0.0 hours, 0.0 minutes, 0.24568533897399902 seconds

Avg val. time: 0.0 hours, 0.0 minutes, 0.22695870515776845 seconds
Avg batch val. time: 0.05673967628944211 seconds
Avg sample val. time: 0.0011071156349159437 seconds
Epoch 242 Validation Summary: epoch: 242.000000 | loss: 1.715616 | accuracy: 0.673171 | precision: 0.696725 | AUROC: 0.677098 | AUPRC: 0.480429 | 
Epoch 243 Training Summary: epoch: 243.000000 | loss: 0.000173 | 
Epoch runtime: 0.0 hours, 0.0 minutes, 0.5589601993560791 seconds

Avg epoch train. time: 0.0 hours, 0.0 minutes, 0.4993955470897533 seconds
Avg batch train. time: 0.12484888677243833 seconds
Avg sample train. time: 0.002448017387694869 seconds
Epoch 244 Training Summary: epoch: 244.000000 | loss: 0.000087 | 
Epoch runtime: 0.0 hours, 0.0 minutes, 0.5588877201080322 seconds

Avg epoch train. time: 0.0 hours, 0.0 minutes, 0.49963936747097576 seconds
Avg batch train. time: 0.12490984186774394 seconds
Avg sample train. time: 0.002449212585642038 seconds
Evaluating on validation set ...
Validation runtime: 0.0 hours, 0.0 minutes, 0.2471475601196289 seconds

Avg val. time: 0.0 hours, 0.0 minutes, 0.22712151850423506 seconds
Avg batch val. time: 0.056780379626058766 seconds
Avg sample val. time: 0.0011079098463621223 seconds
Epoch 244 Validation Summary: epoch: 244.000000 | loss: 1.786704 | accuracy: 0.668293 | precision: 0.693969 | AUROC: 0.676505 | AUPRC: 0.478571 | 
Epoch 245 Training Summary: epoch: 245.000000 | loss: 0.000069 | 
Epoch runtime: 0.0 hours, 0.0 minutes, 0.5400500297546387 seconds

Avg epoch train. time: 0.0 hours, 0.0 minutes, 0.4998043089496846 seconds
Avg batch train. time: 0.12495107723742115 seconds
Avg sample train. time: 0.0024500211223023754 seconds
Epoch 246 Training Summary: epoch: 246.000000 | loss: 0.000121 | 
Epoch runtime: 0.0 hours, 0.0 minutes, 0.5697250366210938 seconds

Avg epoch train. time: 0.0 hours, 0.0 minutes, 0.5000885395499749 seconds
Avg batch train. time: 0.12502213488749372 seconds
Avg sample train. time: 0.0024514144095587006 seconds
Evaluating on validation set ...
Validation runtime: 0.0 hours, 0.0 minutes, 0.25072669982910156 seconds

Avg val. time: 0.0 hours, 0.0 minutes, 0.22731035995483398 seconds
Avg batch val. time: 0.056827589988708495 seconds
Avg sample val. time: 0.001108831024169922 seconds
Epoch 246 Validation Summary: epoch: 246.000000 | loss: 1.803802 | accuracy: 0.668293 | precision: 0.693969 | AUROC: 0.677454 | AUPRC: 0.481416 | 
Epoch 247 Training Summary: epoch: 247.000000 | loss: 0.000199 | 
Epoch runtime: 0.0 hours, 0.0 minutes, 0.5664477348327637 seconds

Avg epoch train. time: 0.0 hours, 0.0 minutes, 0.5003572002596218 seconds
Avg batch train. time: 0.12508930006490546 seconds
Avg sample train. time: 0.0024527313738216755 seconds
Epoch 248 Training Summary: epoch: 248.000000 | loss: 0.000158 | 
Epoch runtime: 0.0 hours, 0.0 minutes, 0.5459845066070557 seconds

Avg epoch train. time: 0.0 hours, 0.0 minutes, 0.5005411813336034 seconds
Avg batch train. time: 0.12513529533340084 seconds
Avg sample train. time: 0.002453633241831389 seconds
Evaluating on validation set ...
Validation runtime: 0.0 hours, 0.0 minutes, 0.2469174861907959 seconds

Avg val. time: 0.0 hours, 0.0 minutes, 0.2274659720678178 seconds
Avg batch val. time: 0.05686649301695445 seconds
Avg sample val. time: 0.0011095901076478916 seconds
Epoch 248 Validation Summary: epoch: 248.000000 | loss: 1.792328 | accuracy: 0.668293 | precision: 0.693969 | AUROC: 0.673305 | AUPRC: 0.483885 | 
Epoch 249 Training Summary: epoch: 249.000000 | loss: 0.000135 | 
Epoch runtime: 0.0 hours, 0.0 minutes, 0.5315234661102295 seconds

Avg epoch train. time: 0.0 hours, 0.0 minutes, 0.5006656081800959 seconds
Avg batch train. time: 0.12516640204502397 seconds
Avg sample train. time: 0.002454243177353411 seconds
Epoch 250 Training Summary: epoch: 250.000000 | loss: 0.000042 | 
Epoch runtime: 0.0 hours, 0.0 minutes, 0.5763194561004639 seconds

Avg epoch train. time: 0.0 hours, 0.0 minutes, 0.5009682235717774 seconds
Avg batch train. time: 0.12524205589294435 seconds
Avg sample train. time: 0.0024557265861361636 seconds
Evaluating on validation set ...
Validation runtime: 0.0 hours, 0.0 minutes, 0.24104046821594238 seconds

Avg val. time: 0.0 hours, 0.0 minutes, 0.22757285786425974 seconds
Avg batch val. time: 0.056893214466064934 seconds
Avg sample val. time: 0.0011101115017768768 seconds
Epoch 250 Validation Summary: epoch: 250.000000 | loss: 1.865567 | accuracy: 0.668293 | precision: 0.693969 | AUROC: 0.675320 | AUPRC: 0.489358 | 
Epoch 251 Training Summary: epoch: 251.000000 | loss: 0.000054 | 
Epoch runtime: 0.0 hours, 0.0 minutes, 0.5644118785858154 seconds

Avg epoch train. time: 0.0 hours, 0.0 minutes, 0.5012209871375704 seconds
Avg batch train. time: 0.1253052467843926 seconds
Avg sample train. time: 0.002456965623223384 seconds
Epoch 252 Training Summary: epoch: 252.000000 | loss: 0.000076 | 
Epoch runtime: 0.0 hours, 0.0 minutes, 0.5395102500915527 seconds

Avg epoch train. time: 0.0 hours, 0.0 minutes, 0.5013729286572289 seconds
Avg batch train. time: 0.12534323216430723 seconds
Avg sample train. time: 0.0024577104345942596 seconds
Evaluating on validation set ...
Validation runtime: 0.0 hours, 0.0 minutes, 0.2563953399658203 seconds

Avg val. time: 0.0 hours, 0.0 minutes, 0.22779803350567818 seconds
Avg batch val. time: 0.056949508376419544 seconds
Avg sample val. time: 0.0011112099195398936 seconds
Epoch 252 Validation Summary: epoch: 252.000000 | loss: 1.899434 | accuracy: 0.648780 | precision: 0.687247 | AUROC: 0.674609 | AUPRC: 0.486220 | 
Epoch 253 Training Summary: epoch: 253.000000 | loss: 0.000089 | 
Epoch runtime: 0.0 hours, 0.0 minutes, 0.5529477596282959 seconds

Avg epoch train. time: 0.0 hours, 0.0 minutes, 0.5015767817440712 seconds
Avg batch train. time: 0.1253941954360178 seconds
Avg sample train. time: 0.0024587097144317216 seconds
Epoch 254 Training Summary: epoch: 254.000000 | loss: 0.000107 | 
Epoch runtime: 0.0 hours, 0.0 minutes, 0.5740547180175781 seconds

Avg epoch train. time: 0.0 hours, 0.0 minutes, 0.5018621279498724 seconds
Avg batch train. time: 0.1254655319874681 seconds
Avg sample train. time: 0.002460108470342512 seconds
Evaluating on validation set ...
Validation runtime: 0.0 hours, 0.0 minutes, 0.23272132873535156 seconds

Avg val. time: 0.0 hours, 0.0 minutes, 0.22783619858497797 seconds
Avg batch val. time: 0.05695904964624449 seconds
Avg sample val. time: 0.001111396090658429 seconds
Epoch 254 Validation Summary: epoch: 254.000000 | loss: 1.869599 | accuracy: 0.648780 | precision: 0.691334 | AUROC: 0.673898 | AUPRC: 0.488256 | 
Epoch 255 Training Summary: epoch: 255.000000 | loss: 0.000070 | 
Epoch runtime: 0.0 hours, 0.0 minutes, 0.5757334232330322 seconds

Avg epoch train. time: 0.0 hours, 0.0 minutes, 0.5021518193039239 seconds
Avg batch train. time: 0.12553795482598099 seconds
Avg sample train. time: 0.0024615285259996273 seconds
Epoch 256 Training Summary: epoch: 256.000000 | loss: 0.000061 | 
Epoch runtime: 0.0 hours, 0.0 minutes, 0.5402164459228516 seconds

Avg epoch train. time: 0.0 hours, 0.0 minutes, 0.5023005092516541 seconds
Avg batch train. time: 0.12557512731291354 seconds
Avg sample train. time: 0.0024622573982924223 seconds
Evaluating on validation set ...
Validation runtime: 0.0 hours, 0.0 minutes, 0.24646830558776855 seconds

Avg val. time: 0.0 hours, 0.0 minutes, 0.22797952248499945 seconds
Avg batch val. time: 0.05699488062124986 seconds
Avg sample val. time: 0.0011120952316341437 seconds
Epoch 256 Validation Summary: epoch: 256.000000 | loss: 1.844114 | accuracy: 0.678049 | precision: 0.703273 | AUROC: 0.673305 | AUPRC: 0.486887 | 
Epoch 257 Training Summary: epoch: 257.000000 | loss: 0.000103 | 
Epoch runtime: 0.0 hours, 0.0 minutes, 0.5381655693054199 seconds

Avg epoch train. time: 0.0 hours, 0.0 minutes, 0.5024400620145093 seconds
Avg batch train. time: 0.12561001550362733 seconds
Avg sample train. time: 0.002462941480463281 seconds
Epoch 258 Training Summary: epoch: 258.000000 | loss: 0.000074 | 
Epoch runtime: 0.0 hours, 0.0 minutes, 0.556812047958374 seconds

Avg epoch train. time: 0.0 hours, 0.0 minutes, 0.5026508061460746 seconds
Avg batch train. time: 0.12566270153651865 seconds
Avg sample train. time: 0.002463974539931738 seconds
Evaluating on validation set ...
Validation runtime: 0.0 hours, 0.0 minutes, 0.23824024200439453 seconds

Avg val. time: 0.0 hours, 0.0 minutes, 0.2280578485882009 seconds
Avg batch val. time: 0.05701446214705023 seconds
Avg sample val. time: 0.001112477310186346 seconds
Epoch 258 Validation Summary: epoch: 258.000000 | loss: 1.753155 | accuracy: 0.678049 | precision: 0.703273 | AUROC: 0.673068 | AUPRC: 0.485076 | 
Epoch 259 Training Summary: epoch: 259.000000 | loss: 0.000145 | 
Epoch runtime: 0.0 hours, 0.0 minutes, 0.5762724876403809 seconds

Avg epoch train. time: 0.0 hours, 0.0 minutes, 0.5029350597425778 seconds
Avg batch train. time: 0.12573376493564445 seconds
Avg sample train. time: 0.002465367939914597 seconds
Epoch 260 Training Summary: epoch: 260.000000 | loss: 0.000061 | 
Epoch runtime: 0.0 hours, 0.0 minutes, 0.5398111343383789 seconds

Avg epoch train. time: 0.0 hours, 0.0 minutes, 0.5030768907987154 seconds
Avg batch train. time: 0.12576922269967886 seconds
Avg sample train. time: 0.0024660631901897816 seconds
Evaluating on validation set ...
Validation runtime: 0.0 hours, 0.0 minutes, 0.24882030487060547 seconds

Avg val. time: 0.0 hours, 0.0 minutes, 0.22821513992367368 seconds
Avg batch val. time: 0.05705378498091842 seconds
Avg sample val. time: 0.0011132445849935302 seconds
Epoch 260 Validation Summary: epoch: 260.000000 | loss: 1.614322 | accuracy: 0.624390 | precision: 0.674460 | AUROC: 0.666193 | AUPRC: 0.477928 | 
Epoch 261 Training Summary: epoch: 261.000000 | loss: 0.000087 | 
Epoch runtime: 0.0 hours, 0.0 minutes, 0.547964334487915 seconds

Avg epoch train. time: 0.0 hours, 0.0 minutes, 0.503248873341586 seconds
Avg batch train. time: 0.1258122183353965 seconds
Avg sample train. time: 0.0024669062418705193 seconds
Epoch 262 Training Summary: epoch: 262.000000 | loss: 0.000056 | 
Epoch runtime: 0.0 hours, 0.0 minutes, 0.5666236877441406 seconds

Avg epoch train. time: 0.0 hours, 0.0 minutes, 0.5034907619461758 seconds
Avg batch train. time: 0.12587269048654395 seconds
Avg sample train. time: 0.002468091970324391 seconds
Evaluating on validation set ...
Validation runtime: 0.0 hours, 0.0 minutes, 0.24376726150512695 seconds

Avg val. time: 0.0 hours, 0.0 minutes, 0.228332073168647 seconds
Avg batch val. time: 0.05708301829216175 seconds
Avg sample val. time: 0.0011138149910665707 seconds
Epoch 262 Validation Summary: epoch: 262.000000 | loss: 1.844446 | accuracy: 0.619512 | precision: 0.671942 | AUROC: 0.664059 | AUPRC: 0.478127 | 
Epoch 263 Training Summary: epoch: 263.000000 | loss: 0.000073 | 
Epoch runtime: 0.0 hours, 0.0 minutes, 0.5574264526367188 seconds

Avg epoch train. time: 0.0 hours, 0.0 minutes, 0.503695840618003 seconds
Avg batch train. time: 0.12592396015450075 seconds
Avg sample train. time: 0.002469097257931387 seconds
Epoch 264 Training Summary: epoch: 264.000000 | loss: 0.000103 | 
Epoch runtime: 0.0 hours, 0.0 minutes, 0.5493729114532471 seconds

Avg epoch train. time: 0.0 hours, 0.0 minutes, 0.5038688598257123 seconds
Avg batch train. time: 0.12596721495642807 seconds
Avg sample train. time: 0.002469945391302511 seconds
Evaluating on validation set ...
Validation runtime: 0.0 hours, 0.0 minutes, 0.2510716915130615 seconds

Avg val. time: 0.0 hours, 0.0 minutes, 0.22850177181300832 seconds
Avg batch val. time: 0.05712544295325208 seconds
Avg sample val. time: 0.0011146427893317479 seconds
Epoch 264 Validation Summary: epoch: 264.000000 | loss: 1.855527 | accuracy: 0.629268 | precision: 0.676988 | AUROC: 0.667496 | AUPRC: 0.479198 | 
Epoch 265 Training Summary: epoch: 265.000000 | loss: 0.000126 | 
Epoch runtime: 0.0 hours, 0.0 minutes, 0.5591058731079102 seconds

Avg epoch train. time: 0.0 hours, 0.0 minutes, 0.5040773013852677 seconds
Avg batch train. time: 0.12601932534631693 seconds
Avg sample train. time: 0.0024709671636532734 seconds
Epoch 266 Training Summary: epoch: 266.000000 | loss: 0.000101 | 
Epoch runtime: 0.0 hours, 0.0 minutes, 0.5571703910827637 seconds

Avg epoch train. time: 0.0 hours, 0.0 minutes, 0.5042768994668373 seconds
Avg batch train. time: 0.12606922486670932 seconds
Avg sample train. time: 0.0024719455856217513 seconds
Evaluating on validation set ...
Validation runtime: 0.0 hours, 0.0 minutes, 0.24960851669311523 seconds

Avg val. time: 0.0 hours, 0.0 minutes, 0.22865811807137948 seconds
Avg batch val. time: 0.05716452951784487 seconds
Avg sample val. time: 0.0011154054540067292 seconds
Epoch 266 Validation Summary: epoch: 266.000000 | loss: 1.763620 | accuracy: 0.629268 | precision: 0.676988 | AUROC: 0.667378 | AUPRC: 0.483656 | 
Epoch 267 Training Summary: epoch: 267.000000 | loss: 0.000158 | 
Epoch runtime: 0.0 hours, 0.0 minutes, 0.5446019172668457 seconds

Avg epoch train. time: 0.0 hours, 0.0 minutes, 0.5044279294960508 seconds
Avg batch train. time: 0.1261069823740127 seconds
Avg sample train. time: 0.0024726859289022096 seconds
Epoch 268 Training Summary: epoch: 268.000000 | loss: 0.000077 | 
Epoch runtime: 0.0 hours, 0.0 minutes, 0.5417335033416748 seconds

Avg epoch train. time: 0.0 hours, 0.0 minutes, 0.5045671293984598 seconds
Avg batch train. time: 0.12614178234961496 seconds
Avg sample train. time: 0.002473368281364999 seconds
Evaluating on validation set ...
Validation runtime: 0.0 hours, 0.0 minutes, 0.2412395477294922 seconds

Avg val. time: 0.0 hours, 0.0 minutes, 0.22875062858357148 seconds
Avg batch val. time: 0.05718765714589287 seconds
Avg sample val. time: 0.0011158567247979098 seconds
Epoch 268 Validation Summary: epoch: 268.000000 | loss: 1.810212 | accuracy: 0.653659 | precision: 0.689856 | AUROC: 0.670578 | AUPRC: 0.483857 | 
Epoch 269 Training Summary: epoch: 269.000000 | loss: 0.000044 | 
Epoch runtime: 0.0 hours, 0.0 minutes, 0.5655307769775391 seconds

Avg epoch train. time: 0.0 hours, 0.0 minutes, 0.5047937600586051 seconds
Avg batch train. time: 0.12619844001465128 seconds
Avg sample train. time: 0.0024744792159735545 seconds
Epoch 270 Training Summary: epoch: 270.000000 | loss: 0.000065 | 
Epoch runtime: 0.0 hours, 0.0 minutes, 0.5498905181884766 seconds

Avg epoch train. time: 0.0 hours, 0.0 minutes, 0.5049607850887158 seconds
Avg batch train. time: 0.12624019627217895 seconds
Avg sample train. time: 0.0024752979661211557 seconds
Evaluating on validation set ...
Validation runtime: 0.0 hours, 0.0 minutes, 0.24935078620910645 seconds

Avg val. time: 0.0 hours, 0.0 minutes, 0.22890099469762648 seconds
Avg batch val. time: 0.05722524867440662 seconds
Avg sample val. time: 0.0011165902180372024 seconds
Epoch 270 Validation Summary: epoch: 270.000000 | loss: 1.935599 | accuracy: 0.653659 | precision: 0.689856 | AUROC: 0.670104 | AUPRC: 0.477996 | 
Epoch 271 Training Summary: epoch: 271.000000 | loss: 0.000083 | 
Epoch runtime: 0.0 hours, 0.0 minutes, 0.5348668098449707 seconds

Avg epoch train. time: 0.0 hours, 0.0 minutes, 0.5050711394236097 seconds
Avg batch train. time: 0.12626778485590243 seconds
Avg sample train. time: 0.002475838918743185 seconds
Epoch 272 Training Summary: epoch: 272.000000 | loss: 0.000039 | 
Epoch runtime: 0.0 hours, 0.0 minutes, 0.560126781463623 seconds

Avg epoch train. time: 0.0 hours, 0.0 minutes, 0.5052735498722862 seconds
Avg batch train. time: 0.12631838746807156 seconds
Avg sample train. time: 0.0024768311268249326 seconds
Evaluating on validation set ...
Validation runtime: 0.0 hours, 0.0 minutes, 0.2313096523284912 seconds

Avg val. time: 0.0 hours, 0.0 minutes, 0.22891844873842987 seconds
Avg batch val. time: 0.05722961218460747 seconds
Avg sample val. time: 0.001116675359699658 seconds
Epoch 272 Validation Summary: epoch: 272.000000 | loss: 1.852077 | accuracy: 0.629268 | precision: 0.676988 | AUROC: 0.664889 | AUPRC: 0.476299 | 
Epoch 273 Training Summary: epoch: 273.000000 | loss: 0.000059 | 
Epoch runtime: 0.0 hours, 0.0 minutes, 0.569451093673706 seconds

Avg epoch train. time: 0.0 hours, 0.0 minutes, 0.5055086324503134 seconds
Avg batch train. time: 0.12637715811257835 seconds
Avg sample train. time: 0.0024779834924034973 seconds
Epoch 274 Training Summary: epoch: 274.000000 | loss: 0.000097 | 
Epoch runtime: 0.0 hours, 0.0 minutes, 0.5770769119262695 seconds

Avg epoch train. time: 0.0 hours, 0.0 minutes, 0.5057698305505905 seconds
Avg batch train. time: 0.12644245763764764 seconds
Avg sample train. time: 0.002479263875247993 seconds
Evaluating on validation set ...
Validation runtime: 0.0 hours, 0.0 minutes, 0.24675774574279785 seconds

Avg val. time: 0.0 hours, 0.0 minutes, 0.22904678900464834 seconds
Avg batch val. time: 0.057261697251162084 seconds
Avg sample val. time: 0.0011173014097787723 seconds
Epoch 274 Validation Summary: epoch: 274.000000 | loss: 1.844430 | accuracy: 0.663415 | precision: 0.695143 | AUROC: 0.670816 | AUPRC: 0.480049 | 
Epoch 275 Training Summary: epoch: 275.000000 | loss: 0.000035 | 
Epoch runtime: 0.0 hours, 0.0 minutes, 0.5361003875732422 seconds

Avg epoch train. time: 0.0 hours, 0.0 minutes, 0.5058801234852184 seconds
Avg batch train. time: 0.1264700308713046 seconds
Avg sample train. time: 0.0024798045268883255 seconds
Epoch 276 Training Summary: epoch: 276.000000 | loss: 0.000101 | 
Epoch runtime: 0.0 hours, 0.0 minutes, 0.5636899471282959 seconds

Avg epoch train. time: 0.0 hours, 0.0 minutes, 0.5060895793679832 seconds
Avg batch train. time: 0.1265223948419958 seconds
Avg sample train. time: 0.002480831271411682 seconds
Evaluating on validation set ...
Validation runtime: 0.0 hours, 0.0 minutes, 0.22878456115722656 seconds

Avg val. time: 0.0 hours, 0.0 minutes, 0.22904491594859533 seconds
Avg batch val. time: 0.05726122898714883 seconds
Avg sample val. time: 0.0011172922729199772 seconds
Epoch 276 Validation Summary: epoch: 276.000000 | loss: 1.856991 | accuracy: 0.643902 | precision: 0.684657 | AUROC: 0.668563 | AUPRC: 0.478180 | 
Epoch 277 Training Summary: epoch: 277.000000 | loss: 0.000050 | 
Epoch runtime: 0.0 hours, 0.0 minutes, 0.5681521892547607 seconds

Avg epoch train. time: 0.0 hours, 0.0 minutes, 0.5063136321112567 seconds
Avg batch train. time: 0.12657840802781417 seconds
Avg sample train. time: 0.002481929569172827 seconds
Epoch 278 Training Summary: epoch: 278.000000 | loss: 0.000055 | 
Epoch runtime: 0.0 hours, 0.0 minutes, 0.572441577911377 seconds

Avg epoch train. time: 0.0 hours, 0.0 minutes, 0.5065515024198902 seconds
Avg batch train. time: 0.12663787560497256 seconds
Avg sample train. time: 0.002483095600097501 seconds
Evaluating on validation set ...
Validation runtime: 0.0 hours, 0.0 minutes, 0.24960565567016602 seconds

Avg val. time: 0.0 hours, 0.0 minutes, 0.22919073679768448 seconds
Avg batch val. time: 0.05729768419942112 seconds
Avg sample val. time: 0.0011180035941350463 seconds
Epoch 278 Validation Summary: epoch: 278.000000 | loss: 1.822558 | accuracy: 0.643902 | precision: 0.684657 | AUROC: 0.668800 | AUPRC: 0.479722 | 
Epoch 279 Training Summary: epoch: 279.000000 | loss: 0.001274 | 
Epoch runtime: 0.0 hours, 0.0 minutes, 0.5369229316711426 seconds

Avg epoch train. time: 0.0 hours, 0.0 minutes, 0.5066603605892496 seconds
Avg batch train. time: 0.1266650901473124 seconds
Avg sample train. time: 0.0024836292185747527 seconds
Epoch 280 Training Summary: epoch: 280.000000 | loss: 0.001221 | 
Epoch runtime: 0.0 hours, 0.0 minutes, 0.5691304206848145 seconds

Avg epoch train. time: 0.0 hours, 0.0 minutes, 0.5068834679467338 seconds
Avg batch train. time: 0.12672086698668344 seconds
Avg sample train. time: 0.0024847228820918323 seconds
Evaluating on validation set ...
Validation runtime: 0.0 hours, 0.0 minutes, 0.23681330680847168 seconds

Avg val. time: 0.0 hours, 0.0 minutes, 0.22924441686818298 seconds
Avg batch val. time: 0.057311104217045744 seconds
Avg sample val. time: 0.0011182654481374779 seconds
Epoch 280 Validation Summary: epoch: 280.000000 | loss: 2.206595 | accuracy: 0.570732 | precision: 0.656112 | AUROC: 0.619251 | AUPRC: 0.411695 | 
Epoch 281 Training Summary: epoch: 281.000000 | loss: 0.005421 | 
Epoch runtime: 0.0 hours, 0.0 minutes, 0.5591630935668945 seconds

Avg epoch train. time: 0.0 hours, 0.0 minutes, 0.5070695164364852 seconds
Avg batch train. time: 0.1267673791091213 seconds
Avg sample train. time: 0.0024856348844925747 seconds
Epoch 282 Training Summary: epoch: 282.000000 | loss: 0.000620 | 
Epoch runtime: 0.0 hours, 0.0 minutes, 0.5462484359741211 seconds

Avg epoch train. time: 0.0 hours, 0.0 minutes, 0.5072084487752712 seconds
Avg batch train. time: 0.1268021121938178 seconds
Avg sample train. time: 0.002486315925368976 seconds
Evaluating on validation set ...
Validation runtime: 0.0 hours, 0.0 minutes, 0.24877500534057617 seconds

Avg val. time: 0.0 hours, 0.0 minutes, 0.22938099440994797 seconds
Avg batch val. time: 0.05734524860248699 seconds
Avg sample val. time: 0.0011189316800485267 seconds
Epoch 282 Validation Summary: epoch: 282.000000 | loss: 1.909305 | accuracy: 0.682927 | precision: 0.691579 | AUROC: 0.678876 | AUPRC: 0.498249 | 
Epoch 283 Training Summary: epoch: 283.000000 | loss: 0.002087 | 
Epoch runtime: 0.0 hours, 0.0 minutes, 0.543154239654541 seconds

Avg epoch train. time: 0.0 hours, 0.0 minutes, 0.5073354657041732 seconds
Avg batch train. time: 0.1268338664260433 seconds
Avg sample train. time: 0.002486938557373398 seconds
Epoch 284 Training Summary: epoch: 284.000000 | loss: 0.000783 | 
Epoch runtime: 0.0 hours, 0.0 minutes, 0.5738334655761719 seconds

Avg epoch train. time: 0.0 hours, 0.0 minutes, 0.5075696135910464 seconds
Avg batch train. time: 0.1268924033977616 seconds
Avg sample train. time: 0.00248808634113258 seconds
Evaluating on validation set ...
Validation runtime: 0.0 hours, 0.0 minutes, 0.24892163276672363 seconds

Avg val. time: 0.0 hours, 0.0 minutes, 0.22951669328742558 seconds
Avg batch val. time: 0.057379173321856394 seconds
Avg sample val. time: 0.00111959362579232 seconds
Epoch 284 Validation Summary: epoch: 284.000000 | loss: 1.993142 | accuracy: 0.687805 | precision: 0.687805 | AUROC: 0.691797 | AUPRC: 0.515543 | 
Epoch 285 Training Summary: epoch: 285.000000 | loss: 0.010969 | 
Epoch runtime: 0.0 hours, 0.0 minutes, 0.5544240474700928 seconds

Avg epoch train. time: 0.0 hours, 0.0 minutes, 0.507734015113429 seconds
Avg batch train. time: 0.12693350377835724 seconds
Avg sample train. time: 0.002488892230948181 seconds
Epoch 286 Training Summary: epoch: 286.000000 | loss: 0.000105 | 
Epoch runtime: 0.0 hours, 0.0 minutes, 0.5359759330749512 seconds

Avg epoch train. time: 0.0 hours, 0.0 minutes, 0.5078327630783295 seconds
Avg batch train. time: 0.12695819076958237 seconds
Avg sample train. time: 0.0024893762895996543 seconds
Evaluating on validation set ...
Validation runtime: 0.0 hours, 0.0 minutes, 0.2456362247467041 seconds

Avg val. time: 0.0 hours, 0.0 minutes, 0.22962786246990335 seconds
Avg batch val. time: 0.05740696561747584 seconds
Avg sample val. time: 0.0011201359144873335 seconds
Epoch 286 Validation Summary: epoch: 286.000000 | loss: 2.098062 | accuracy: 0.570732 | precision: 0.642627 | AUROC: 0.600759 | AUPRC: 0.373012 | 
Epoch 287 Training Summary: epoch: 287.000000 | loss: 0.008904 | 
Epoch runtime: 0.0 hours, 0.0 minutes, 0.5592713356018066 seconds

Avg epoch train. time: 0.0 hours, 0.0 minutes, 0.508011991554021 seconds
Avg batch train. time: 0.12700299788850525 seconds
Avg sample train. time: 0.0024902548605589265 seconds
Epoch 288 Training Summary: epoch: 288.000000 | loss: 0.001105 | 
Epoch runtime: 0.0 hours, 0.0 minutes, 0.5586471557617188 seconds

Avg epoch train. time: 0.0 hours, 0.0 minutes, 0.5081878080964088 seconds
Avg batch train. time: 0.1270469520241022 seconds
Avg sample train. time: 0.0024911167063549453 seconds
Evaluating on validation set ...
Validation runtime: 0.0 hours, 0.0 minutes, 0.2460799217224121 seconds

Avg val. time: 0.0 hours, 0.0 minutes, 0.2297405478072493 seconds
Avg batch val. time: 0.05743513695181233 seconds
Avg sample val. time: 0.0011206855990597527 seconds
Epoch 288 Validation Summary: epoch: 288.000000 | loss: 1.861425 | accuracy: 0.634146 | precision: 0.659445 | AUROC: 0.619606 | AUPRC: 0.390430 | 
Epoch 289 Training Summary: epoch: 289.000000 | loss: 0.006895 | 
Epoch runtime: 0.0 hours, 0.0 minutes, 0.5461573600769043 seconds

Avg epoch train. time: 0.0 hours, 0.0 minutes, 0.5083191906292134 seconds
Avg batch train. time: 0.12707979765730334 seconds
Avg sample train. time: 0.0024917607383784968 seconds
Epoch 290 Training Summary: epoch: 290.000000 | loss: 0.005478 | 
Epoch runtime: 0.0 hours, 0.0 minutes, 0.5570683479309082 seconds

Avg epoch train. time: 0.0 hours, 0.0 minutes, 0.5084872911716329 seconds
Avg batch train. time: 0.12712182279290823 seconds
Avg sample train. time: 0.0024925847606452594 seconds
Evaluating on validation set ...
Validation runtime: 0.0 hours, 0.0 minutes, 0.24076104164123535 seconds

Avg val. time: 0.0 hours, 0.0 minutes, 0.22981551715305873 seconds
Avg batch val. time: 0.05745387928826468 seconds
Avg sample val. time: 0.0011210513031856524 seconds
Epoch 290 Validation Summary: epoch: 290.000000 | loss: 2.161598 | accuracy: 0.721951 | precision: 0.706596 | AUROC: 0.611546 | AUPRC: 0.434100 | 
Epoch 291 Training Summary: epoch: 291.000000 | loss: 0.015389 | 
Epoch runtime: 0.0 hours, 0.0 minutes, 0.5773286819458008 seconds

Avg epoch train. time: 0.0 hours, 0.0 minutes, 0.5087238595248088 seconds
Avg batch train. time: 0.1271809648812022 seconds
Avg sample train. time: 0.002493744409435337 seconds
Epoch 292 Training Summary: epoch: 292.000000 | loss: 0.011643 | 
Epoch runtime: 0.0 hours, 0.0 minutes, 0.5537223815917969 seconds

Avg epoch train. time: 0.0 hours, 0.0 minutes, 0.5088779640524355 seconds
Avg batch train. time: 0.12721949101310887 seconds
Avg sample train. time: 0.002494499823786448 seconds
Evaluating on validation set ...
Validation runtime: 0.0 hours, 0.0 minutes, 0.24967384338378906 seconds

Avg val. time: 0.0 hours, 0.0 minutes, 0.2299496950329961 seconds
Avg batch val. time: 0.05748742375824902 seconds
Avg sample val. time: 0.0011217058294292492 seconds
Epoch 292 Validation Summary: epoch: 292.000000 | loss: 1.600042 | accuracy: 0.639024 | precision: 0.673966 | AUROC: 0.645092 | AUPRC: 0.420752 | 
Epoch 293 Training Summary: epoch: 293.000000 | loss: 0.030176 | 
Epoch runtime: 0.0 hours, 0.0 minutes, 0.5675044059753418 seconds

Avg epoch train. time: 0.0 hours, 0.0 minutes, 0.5090780542979061 seconds
Avg batch train. time: 0.12726951357447652 seconds
Avg sample train. time: 0.0024954806583230692 seconds
Epoch 294 Training Summary: epoch: 294.000000 | loss: 0.008295 | 
Epoch runtime: 0.0 hours, 0.0 minutes, 0.5525174140930176 seconds

Avg epoch train. time: 0.0 hours, 0.0 minutes, 0.5092258072223793 seconds
Avg batch train. time: 0.12730645180559483 seconds
Avg sample train. time: 0.0024962049373646045 seconds
Evaluating on validation set ...
Validation runtime: 0.0 hours, 0.0 minutes, 0.23315715789794922 seconds

Avg val. time: 0.0 hours, 0.0 minutes, 0.22997122162940517 seconds
Avg batch val. time: 0.05749280540735129 seconds
Avg sample val. time: 0.0011218108372166105 seconds
Epoch 294 Validation Summary: epoch: 294.000000 | loss: 1.913105 | accuracy: 0.658537 | precision: 0.654847 | AUROC: 0.617473 | AUPRC: 0.360014 | 
Epoch 295 Training Summary: epoch: 295.000000 | loss: 0.014168 | 
Epoch runtime: 0.0 hours, 0.0 minutes, 0.5644173622131348 seconds

Avg epoch train. time: 0.0 hours, 0.0 minutes, 0.5094128972392972 seconds
Avg batch train. time: 0.1273532243098243 seconds
Avg sample train. time: 0.0024971220452906723 seconds
Epoch 296 Training Summary: epoch: 296.000000 | loss: 0.002504 | 
Epoch runtime: 0.0 hours, 0.0 minutes, 0.5443782806396484 seconds

Avg epoch train. time: 0.0 hours, 0.0 minutes, 0.5095310235345686 seconds
Avg batch train. time: 0.12738275588364215 seconds
Avg sample train. time: 0.0024977010957576893 seconds
Evaluating on validation set ...
Validation runtime: 0.0 hours, 0.0 minutes, 0.24770212173461914 seconds

Avg val. time: 0.0 hours, 0.0 minutes, 0.23008942763010662 seconds
Avg batch val. time: 0.057522356907526655 seconds
Avg sample val. time: 0.0011223874518541787 seconds
Epoch 296 Validation Summary: epoch: 296.000000 | loss: 1.894558 | accuracy: 0.678049 | precision: 0.664208 | AUROC: 0.653390 | AUPRC: 0.394661 | 
Epoch 297 Training Summary: epoch: 297.000000 | loss: 0.002418 | 
Epoch runtime: 0.0 hours, 0.0 minutes, 0.5648834705352783 seconds

Avg epoch train. time: 0.0 hours, 0.0 minutes, 0.5097173954099918 seconds
Avg batch train. time: 0.12742934885249796 seconds
Avg sample train. time: 0.002498614683382313 seconds
Epoch 298 Training Summary: epoch: 298.000000 | loss: 0.018947 | 
Epoch runtime: 0.0 hours, 0.0 minutes, 0.5699975490570068 seconds

Avg epoch train. time: 0.0 hours, 0.0 minutes, 0.5099196778047805 seconds
Avg batch train. time: 0.12747991945119513 seconds
Avg sample train. time: 0.0024996062637489243 seconds
Evaluating on validation set ...
Validation runtime: 0.0 hours, 0.0 minutes, 0.2308485507965088 seconds

Avg val. time: 0.0 hours, 0.0 minutes, 0.23009445493584438 seconds
Avg batch val. time: 0.057523613733961095 seconds
Avg sample val. time: 0.001122411975296802 seconds
Epoch 298 Validation Summary: epoch: 298.000000 | loss: 1.888805 | accuracy: 0.692683 | precision: 0.684501 | AUROC: 0.671527 | AUPRC: 0.424159 | 
Epoch 299 Training Summary: epoch: 299.000000 | loss: 0.001920 | 
Epoch runtime: 0.0 hours, 0.0 minutes, 0.5600974559783936 seconds

Avg epoch train. time: 0.0 hours, 0.0 minutes, 0.5100874964608795 seconds
Avg batch train. time: 0.12752187411521987 seconds
Avg sample train. time: 0.0025004289042199973 seconds
Epoch 300 Training Summary: epoch: 300.000000 | loss: 0.022723 | 
Epoch runtime: 0.0 hours, 0.0 minutes, 0.5426394939422607 seconds

Avg epoch train. time: 0.0 hours, 0.0 minutes, 0.5101960031191508 seconds
Avg batch train. time: 0.1275490007797877 seconds
Avg sample train. time: 0.0025009607996036806 seconds
Evaluating on validation set ...
Validation runtime: 0.0 hours, 0.0 minutes, 0.24674606323242188 seconds

Avg val. time: 0.0 hours, 0.0 minutes, 0.23020400499042712 seconds
Avg batch val. time: 0.05755100124760678 seconds
Avg sample val. time: 0.0011229463658069616 seconds
Epoch 300 Validation Summary: epoch: 300.000000 | loss: 2.110262 | accuracy: 0.663415 | precision: 0.676182 | AUROC: 0.655228 | AUPRC: 0.435496 | 
Epoch 301 Training Summary: epoch: 301.000000 | loss: 0.002518 | 
Epoch runtime: 0.0 hours, 0.0 minutes, 0.536780595779419 seconds

Avg epoch train. time: 0.0 hours, 0.0 minutes, 0.5102843240249989 seconds
Avg batch train. time: 0.12757108100624973 seconds
Avg sample train. time: 0.002501393745220583 seconds
Epoch 302 Training Summary: epoch: 302.000000 | loss: 0.002133 | 
Epoch runtime: 0.0 hours, 0.0 minutes, 0.5807628631591797 seconds

Avg epoch train. time: 0.0 hours, 0.0 minutes, 0.5105176966711386 seconds
Avg batch train. time: 0.12762942416778464 seconds
Avg sample train. time: 0.002502537728780091 seconds
Evaluating on validation set ...
Validation runtime: 0.0 hours, 0.0 minutes, 0.23992681503295898 seconds

Avg val. time: 0.0 hours, 0.0 minutes, 0.23026755276848287 seconds
Avg batch val. time: 0.05756688819212072 seconds
Avg sample val. time: 0.0011232563549682091 seconds
Epoch 302 Validation Summary: epoch: 302.000000 | loss: 2.114726 | accuracy: 0.629268 | precision: 0.648910 | AUROC: 0.595306 | AUPRC: 0.372547 | 
Epoch 303 Training Summary: epoch: 303.000000 | loss: 0.001845 | 
Epoch runtime: 0.0 hours, 0.0 minutes, 0.5679981708526611 seconds

Avg epoch train. time: 0.0 hours, 0.0 minutes, 0.5107074012063911 seconds
Avg batch train. time: 0.12767685030159778 seconds
Avg sample train. time: 0.0025034676529725056 seconds
Epoch 304 Training Summary: epoch: 304.000000 | loss: 0.001613 | 
Epoch runtime: 0.0 hours, 0.0 minutes, 0.5431308746337891 seconds

Avg epoch train. time: 0.0 hours, 0.0 minutes, 0.5108140573689812 seconds
Avg batch train. time: 0.1277035143422453 seconds
Avg sample train. time: 0.0025039904772989276 seconds
Evaluating on validation set ...
Validation runtime: 0.0 hours, 0.0 minutes, 0.24958539009094238 seconds

Avg val. time: 0.0 hours, 0.0 minutes, 0.23039299327057677 seconds
Avg batch val. time: 0.05759824831764419 seconds
Avg sample val. time: 0.0011238682598564721 seconds
Epoch 304 Validation Summary: epoch: 304.000000 | loss: 2.066137 | accuracy: 0.614634 | precision: 0.661027 | AUROC: 0.593350 | AUPRC: 0.363949 | 
Epoch 305 Training Summary: epoch: 305.000000 | loss: 0.002890 | 
Epoch runtime: 0.0 hours, 0.0 minutes, 0.5806405544281006 seconds

Avg epoch train. time: 0.0 hours, 0.0 minutes, 0.5110429967036013 seconds
Avg batch train. time: 0.12776074917590033 seconds
Avg sample train. time: 0.0025051127289392222 seconds
Epoch 306 Training Summary: epoch: 306.000000 | loss: 0.013865 | 
Epoch runtime: 0.0 hours, 0.0 minutes, 0.5693659782409668 seconds

Avg epoch train. time: 0.0 hours, 0.0 minutes, 0.5112335946824815 seconds
Avg batch train. time: 0.12780839867062038 seconds
Avg sample train. time: 0.0025060470327572626 seconds
Evaluating on validation set ...
Validation runtime: 0.0 hours, 0.0 minutes, 0.23595476150512695 seconds

Avg val. time: 0.0 hours, 0.0 minutes, 0.23042887564628356 seconds
Avg batch val. time: 0.05760721891157089 seconds
Avg sample val. time: 0.0011240432958355296 seconds
Epoch 306 Validation Summary: epoch: 306.000000 | loss: 2.183575 | accuracy: 0.614634 | precision: 0.673741 | AUROC: 0.645330 | AUPRC: 0.406327 | 
Epoch 307 Training Summary: epoch: 307.000000 | loss: 0.035854 | 
Epoch runtime: 0.0 hours, 0.0 minutes, 0.5564796924591064 seconds

Avg epoch train. time: 0.0 hours, 0.0 minutes, 0.511380976108464 seconds
Avg batch train. time: 0.127845244027116 seconds
Avg sample train. time: 0.0025067694907277647 seconds
Epoch 308 Training Summary: epoch: 308.000000 | loss: 0.004899 | 
Epoch runtime: 0.0 hours, 0.0 minutes, 0.5612242221832275 seconds

Avg epoch train. time: 0.0 hours, 0.0 minutes, 0.511542804829486 seconds
Avg batch train. time: 0.1278857012073715 seconds
Avg sample train. time: 0.00250756276877199 seconds
Evaluating on validation set ...
Validation runtime: 0.0 hours, 0.0 minutes, 0.2505619525909424 seconds

Avg val. time: 0.0 hours, 0.0 minutes, 0.23055793383182624 seconds
Avg batch val. time: 0.05763948345795656 seconds
Avg sample val. time: 0.001124672847960128 seconds
Epoch 308 Validation Summary: epoch: 308.000000 | loss: 1.897499 | accuracy: 0.619512 | precision: 0.663586 | AUROC: 0.653153 | AUPRC: 0.403007 | 
Epoch 309 Training Summary: epoch: 309.000000 | loss: 0.004441 | 
Epoch runtime: 0.0 hours, 0.0 minutes, 0.5572535991668701 seconds

Avg epoch train. time: 0.0 hours, 0.0 minutes, 0.5116907362027462 seconds
Avg batch train. time: 0.12792268405068655 seconds
Avg sample train. time: 0.0025082879225624814 seconds
Epoch 310 Training Summary: epoch: 310.000000 | loss: 0.004257 | 
Epoch runtime: 0.0 hours, 0.0 minutes, 0.5720438957214355 seconds

Avg epoch train. time: 0.0 hours, 0.0 minutes, 0.5118854238140967 seconds
Avg batch train. time: 0.12797135595352419 seconds
Avg sample train. time: 0.0025092422735985133 seconds
Evaluating on validation set ...
Validation runtime: 0.0 hours, 0.0 minutes, 0.24379324913024902 seconds

Avg val. time: 0.0 hours, 0.0 minutes, 0.23064223520315377 seconds
Avg batch val. time: 0.05766055880078844 seconds
Avg sample val. time: 0.0011250840741617257 seconds
Epoch 310 Validation Summary: epoch: 310.000000 | loss: 1.956677 | accuracy: 0.624390 | precision: 0.658069 | AUROC: 0.654931 | AUPRC: 0.416997 | 
Epoch 311 Training Summary: epoch: 311.000000 | loss: 0.008808 | 
Epoch runtime: 0.0 hours, 0.0 minutes, 0.5617508888244629 seconds

Avg epoch train. time: 0.0 hours, 0.0 minutes, 0.5120457629298857 seconds
Avg batch train. time: 0.12801144073247142 seconds
Avg sample train. time: 0.0025100282496563022 seconds
Epoch 312 Training Summary: epoch: 312.000000 | loss: 0.002884 | 
Epoch runtime: 0.0 hours, 0.0 minutes, 0.5520105361938477 seconds

Avg epoch train. time: 0.0 hours, 0.0 minutes, 0.5121738551518856 seconds
Avg batch train. time: 0.1280434637879714 seconds
Avg sample train. time: 0.002510656152705322 seconds
Evaluating on validation set ...
Validation runtime: 0.0 hours, 0.0 minutes, 0.25357794761657715 seconds

Avg val. time: 0.0 hours, 0.0 minutes, 0.2307873979399476 seconds
Avg batch val. time: 0.0576968494849869 seconds
Avg sample val. time: 0.0011257921850729151 seconds
Epoch 312 Validation Summary: epoch: 312.000000 | loss: 3.278546 | accuracy: 0.570732 | precision: 0.647038 | AUROC: 0.595187 | AUPRC: 0.393443 | 
Epoch 313 Training Summary: epoch: 313.000000 | loss: 0.016595 | 
Epoch runtime: 0.0 hours, 0.0 minutes, 0.5796065330505371 seconds

Avg epoch train. time: 0.0 hours, 0.0 minutes, 0.5123892950173765 seconds
Avg batch train. time: 0.12809732375434413 seconds
Avg sample train. time: 0.0025117122304773357 seconds
Epoch 314 Training Summary: epoch: 314.000000 | loss: 0.005500 | 
Epoch runtime: 0.0 hours, 0.0 minutes, 0.5663025379180908 seconds

Avg epoch train. time: 0.0 hours, 0.0 minutes, 0.512560993243175 seconds
Avg batch train. time: 0.12814024831079374 seconds
Avg sample train. time: 0.002512553888446936 seconds
Evaluating on validation set ...
Validation runtime: 0.0 hours, 0.0 minutes, 0.242814302444458 seconds

Avg val. time: 0.0 hours, 0.0 minutes, 0.23086303884878098 seconds
Avg batch val. time: 0.057715759712195246 seconds
Avg sample val. time: 0.0011261611651160047 seconds
Epoch 314 Validation Summary: epoch: 314.000000 | loss: 2.544259 | accuracy: 0.658537 | precision: 0.673310 | AUROC: 0.645922 | AUPRC: 0.440974 | 
Epoch 315 Training Summary: epoch: 315.000000 | loss: 0.024830 | 
Epoch runtime: 0.0 hours, 0.0 minutes, 0.552227258682251 seconds

Avg epoch train. time: 0.0 hours, 0.0 minutes, 0.5126869178953625 seconds
Avg batch train. time: 0.12817172947384062 seconds
Avg sample train. time: 0.0025131711661537377 seconds
Epoch 316 Training Summary: epoch: 316.000000 | loss: 0.008397 | 
Epoch runtime: 0.0 hours, 0.0 minutes, 0.5489747524261475 seconds

Avg epoch train. time: 0.0 hours, 0.0 minutes, 0.5128017528147637 seconds
Avg batch train. time: 0.12820043820369093 seconds
Avg sample train. time: 0.0025137340824253123 seconds
Evaluating on validation set ...
Validation runtime: 0.0 hours, 0.0 minutes, 0.2444310188293457 seconds

Avg val. time: 0.0 hours, 0.0 minutes, 0.2309478387236595 seconds
Avg batch val. time: 0.05773695968091488 seconds
Avg sample val. time: 0.0011265748230422415 seconds
Epoch 316 Validation Summary: epoch: 316.000000 | loss: 2.407113 | accuracy: 0.575610 | precision: 0.632328 | AUROC: 0.592639 | AUPRC: 0.375283 | 
Epoch 317 Training Summary: epoch: 317.000000 | loss: 0.005941 | 
Epoch runtime: 0.0 hours, 0.0 minutes, 0.5610990524291992 seconds

Avg epoch train. time: 0.0 hours, 0.0 minutes, 0.5129541102267966 seconds
Avg batch train. time: 0.12823852755669915 seconds
Avg sample train. time: 0.002514480932484297 seconds
Epoch 318 Training Summary: epoch: 318.000000 | loss: 0.001902 | 
Epoch runtime: 0.0 hours, 0.0 minutes, 0.5555734634399414 seconds

Avg epoch train. time: 0.0 hours, 0.0 minutes, 0.5130881333501084 seconds
Avg batch train. time: 0.1282720333375271 seconds
Avg sample train. time: 0.0025151379085789627 seconds
Evaluating on validation set ...
Validation runtime: 0.0 hours, 0.0 minutes, 0.24825048446655273 seconds

Avg val. time: 0.0 hours, 0.0 minutes, 0.23105530857299425 seconds
Avg batch val. time: 0.05776382714324856 seconds
Avg sample val. time: 0.0011270990662097281 seconds
Epoch 318 Validation Summary: epoch: 318.000000 | loss: 2.391804 | accuracy: 0.600000 | precision: 0.624808 | AUROC: 0.591868 | AUPRC: 0.372325 | 
Epoch 319 Training Summary: epoch: 319.000000 | loss: 0.001414 | 
Epoch runtime: 0.0 hours, 0.0 minutes, 0.541487455368042 seconds

Avg epoch train. time: 0.0 hours, 0.0 minutes, 0.513177159437939 seconds
Avg batch train. time: 0.12829428985948474 seconds
Avg sample train. time: 0.002515574310970289 seconds
Epoch 320 Training Summary: epoch: 320.000000 | loss: 0.018506 | 
Epoch runtime: 0.0 hours, 0.0 minutes, 0.5573329925537109 seconds

Avg epoch train. time: 0.0 hours, 0.0 minutes, 0.5133151464164257 seconds
Avg batch train. time: 0.12832878660410643 seconds
Avg sample train. time: 0.0025162507177275773 seconds
Evaluating on validation set ...
Validation runtime: 0.0 hours, 0.0 minutes, 0.24524235725402832 seconds

Avg val. time: 0.0 hours, 0.0 minutes, 0.23114288294756855 seconds
Avg batch val. time: 0.057785720736892136 seconds
Avg sample val. time: 0.001127526258280822 seconds
Epoch 320 Validation Summary: epoch: 320.000000 | loss: 2.723370 | accuracy: 0.585366 | precision: 0.620995 | AUROC: 0.556662 | AUPRC: 0.336393 | 
Epoch 321 Training Summary: epoch: 321.000000 | loss: 0.012092 | 
Epoch runtime: 0.0 hours, 0.0 minutes, 0.5655522346496582 seconds

Avg epoch train. time: 0.0 hours, 0.0 minutes, 0.513477878778523 seconds
Avg batch train. time: 0.12836946969463076 seconds
Avg sample train. time: 0.002517048425384917 seconds
Epoch 322 Training Summary: epoch: 322.000000 | loss: 0.000971 | 
Epoch runtime: 0.0 hours, 0.0 minutes, 0.5760984420776367 seconds

Avg epoch train. time: 0.0 hours, 0.0 minutes, 0.5136723525775886 seconds
Avg batch train. time: 0.12841808814439715 seconds
Avg sample train. time: 0.0025180017283215127 seconds
Evaluating on validation set ...
Validation runtime: 0.0 hours, 0.0 minutes, 0.24846768379211426 seconds

Avg val. time: 0.0 hours, 0.0 minutes, 0.23124917006931422 seconds
Avg batch val. time: 0.057812292517328556 seconds
Avg sample val. time: 0.0011280447320454353 seconds
Epoch 322 Validation Summary: epoch: 322.000000 | loss: 2.459655 | accuracy: 0.639024 | precision: 0.639024 | AUROC: 0.590564 | AUPRC: 0.367162 | 
Epoch 323 Training Summary: epoch: 323.000000 | loss: 0.001389 | 
Epoch runtime: 0.0 hours, 0.0 minutes, 0.5804743766784668 seconds

Avg epoch train. time: 0.0 hours, 0.0 minutes, 0.5138791699896655 seconds
Avg batch train. time: 0.12846979249741639 seconds
Avg sample train. time: 0.002519015539165027 seconds
Epoch 324 Training Summary: epoch: 324.000000 | loss: 0.003379 | 
Epoch runtime: 0.0 hours, 0.0 minutes, 0.5652108192443848 seconds

Avg epoch train. time: 0.0 hours, 0.0 minutes, 0.5140376010058839 seconds
Avg batch train. time: 0.12850940025147098 seconds
Avg sample train. time: 0.0025197921617935485 seconds
Evaluating on validation set ...
Validation runtime: 0.0 hours, 0.0 minutes, 0.23339033126831055 seconds

Avg val. time: 0.0 hours, 0.0 minutes, 0.2312622259302837 seconds
Avg batch val. time: 0.057815556482570925 seconds
Avg sample val. time: 0.0011281084191721157 seconds
Epoch 324 Validation Summary: epoch: 324.000000 | loss: 2.486537 | accuracy: 0.673171 | precision: 0.660834 | AUROC: 0.620970 | AUPRC: 0.389485 | 
Epoch 325 Training Summary: epoch: 325.000000 | loss: 0.004681 | 
Epoch runtime: 0.0 hours, 0.0 minutes, 0.5695359706878662 seconds

Avg epoch train. time: 0.0 hours, 0.0 minutes, 0.51420836522029 seconds
Avg batch train. time: 0.1285520913050725 seconds
Avg sample train. time: 0.0025206292412759315 seconds
Epoch 326 Training Summary: epoch: 326.000000 | loss: 0.000192 | 
Epoch runtime: 0.0 hours, 0.0 minutes, 0.5774848461151123 seconds

Avg epoch train. time: 0.0 hours, 0.0 minutes, 0.5144024648549367 seconds
Avg batch train. time: 0.12860061621373417 seconds
Avg sample train. time: 0.0025215807100732192 seconds
Evaluating on validation set ...
Validation runtime: 0.0 hours, 0.0 minutes, 0.24767637252807617 seconds

Avg val. time: 0.0 hours, 0.0 minutes, 0.23136170560663397 seconds
Avg batch val. time: 0.05784042640165849 seconds
Avg sample val. time: 0.0011285936858860194 seconds
Epoch 326 Validation Summary: epoch: 326.000000 | loss: 2.491937 | accuracy: 0.590244 | precision: 0.623598 | AUROC: 0.580785 | AUPRC: 0.374988 | 
Epoch 327 Training Summary: epoch: 327.000000 | loss: 0.001006 | 
Epoch runtime: 0.0 hours, 0.0 minutes, 0.5436692237854004 seconds

Avg epoch train. time: 0.0 hours, 0.0 minutes, 0.5144919656467729 seconds
Avg batch train. time: 0.12862299141169323 seconds
Avg sample train. time: 0.002522019439444965 seconds
Epoch 328 Training Summary: epoch: 328.000000 | loss: 0.000808 | 
Epoch runtime: 0.0 hours, 0.0 minutes, 0.5624105930328369 seconds

Avg epoch train. time: 0.0 hours, 0.0 minutes, 0.51463805902295 seconds
Avg batch train. time: 0.1286595147557375 seconds
Avg sample train. time: 0.0025227355834458332 seconds
Evaluating on validation set ...
Validation runtime: 0.0 hours, 0.0 minutes, 0.23119235038757324 seconds

Avg val. time: 0.0 hours, 0.0 minutes, 0.23136068539447094 seconds
Avg batch val. time: 0.057840171348617735 seconds
Avg sample val. time: 0.0011285887092413217 seconds
Epoch 328 Validation Summary: epoch: 328.000000 | loss: 2.701081 | accuracy: 0.590244 | precision: 0.631739 | AUROC: 0.585111 | AUPRC: 0.361845 | 
Epoch 329 Training Summary: epoch: 329.000000 | loss: 0.001126 | 
Epoch runtime: 0.0 hours, 0.0 minutes, 0.5672235488891602 seconds

Avg epoch train. time: 0.0 hours, 0.0 minutes, 0.5147978933386528 seconds
Avg batch train. time: 0.1286994733346632 seconds
Avg sample train. time: 0.002523519084993396 seconds
Epoch 330 Training Summary: epoch: 330.000000 | loss: 0.000322 | 
Epoch runtime: 0.0 hours, 0.0 minutes, 0.5517160892486572 seconds

Avg epoch train. time: 0.0 hours, 0.0 minutes, 0.5149097666595921 seconds
Avg batch train. time: 0.12872744166489802 seconds
Avg sample train. time: 0.0025240674836254514 seconds
Evaluating on validation set ...
Validation runtime: 0.0 hours, 0.0 minutes, 0.2531919479370117 seconds

Avg val. time: 0.0 hours, 0.0 minutes, 0.23149141151748018 seconds
Avg batch val. time: 0.057872852879370044 seconds
Avg sample val. time: 0.0011292263976462448 seconds
Epoch 330 Validation Summary: epoch: 330.000000 | loss: 2.599518 | accuracy: 0.590244 | precision: 0.635838 | AUROC: 0.593943 | AUPRC: 0.370143 | 
Epoch 331 Training Summary: epoch: 331.000000 | loss: 0.000388 | 
Epoch runtime: 0.0 hours, 0.0 minutes, 0.5463173389434814 seconds

Avg epoch train. time: 0.0 hours, 0.0 minutes, 0.5150046535849211 seconds
Avg batch train. time: 0.12875116339623027 seconds
Avg sample train. time: 0.0025245326156123583 seconds
Epoch 332 Training Summary: epoch: 332.000000 | loss: 0.008053 | 
Epoch runtime: 0.0 hours, 0.0 minutes, 0.5709817409515381 seconds

Avg epoch train. time: 0.0 hours, 0.0 minutes, 0.5151732592697603 seconds
Avg batch train. time: 0.12879331481744008 seconds
Avg sample train. time: 0.0025253591140674526 seconds
Evaluating on validation set ...
Validation runtime: 0.0 hours, 0.0 minutes, 0.2298908233642578 seconds

Avg val. time: 0.0 hours, 0.0 minutes, 0.23148188420704432 seconds
Avg batch val. time: 0.05787047105176108 seconds
Avg sample val. time: 0.0011291799229611918 seconds
Epoch 332 Validation Summary: epoch: 332.000000 | loss: 2.656211 | accuracy: 0.595122 | precision: 0.634326 | AUROC: 0.591809 | AUPRC: 0.365430 | 
Epoch 333 Training Summary: epoch: 333.000000 | loss: 0.000308 | 
Epoch runtime: 0.0 hours, 0.0 minutes, 0.565544843673706 seconds

Avg epoch train. time: 0.0 hours, 0.0 minutes, 0.5153245252889914 seconds
Avg batch train. time: 0.12883113132224785 seconds
Avg sample train. time: 0.0025261006141617227 seconds
Epoch 334 Training Summary: epoch: 334.000000 | loss: 0.001828 | 
Epoch runtime: 0.0 hours, 0.0 minutes, 0.543665885925293 seconds

Avg epoch train. time: 0.0 hours, 0.0 minutes, 0.5154093796621539 seconds
Avg batch train. time: 0.12885234491553849 seconds
Avg sample train. time: 0.002526516566971343 seconds
Evaluating on validation set ...
Validation runtime: 0.0 hours, 0.0 minutes, 0.2522151470184326 seconds

Avg val. time: 0.0 hours, 0.0 minutes, 0.2316045662355141 seconds
Avg batch val. time: 0.05790114155887852 seconds
Avg sample val. time: 0.0011297783718805566 seconds
Epoch 334 Validation Summary: epoch: 334.000000 | loss: 2.678103 | accuracy: 0.634146 | precision: 0.632167 | AUROC: 0.548720 | AUPRC: 0.333663 | 
Epoch 335 Training Summary: epoch: 335.000000 | loss: 0.006974 | 
Epoch runtime: 0.0 hours, 0.0 minutes, 0.5435166358947754 seconds

Avg epoch train. time: 0.0 hours, 0.0 minutes, 0.5154932819195648 seconds
Avg batch train. time: 0.1288733204798912 seconds
Avg sample train. time: 0.0025269278525468864 seconds
Epoch 336 Training Summary: epoch: 336.000000 | loss: 0.007820 | 
Epoch runtime: 0.0 hours, 0.0 minutes, 0.5688486099243164 seconds

Avg epoch train. time: 0.0 hours, 0.0 minutes, 0.5156520775386265 seconds
Avg batch train. time: 0.12891301938465663 seconds
Avg sample train. time: 0.0025277062624442475 seconds
Evaluating on validation set ...
Validation runtime: 0.0 hours, 0.0 minutes, 0.2381424903869629 seconds

Avg val. time: 0.0 hours, 0.0 minutes, 0.23164302461287556 seconds
Avg batch val. time: 0.05791075615321889 seconds
Avg sample val. time: 0.0011299659737213441 seconds
Epoch 336 Validation Summary: epoch: 336.000000 | loss: 2.820425 | accuracy: 0.663415 | precision: 0.657960 | AUROC: 0.579184 | AUPRC: 0.359431 | 
Epoch 337 Training Summary: epoch: 337.000000 | loss: 0.000880 | 
Epoch runtime: 0.0 hours, 0.0 minutes, 0.558908224105835 seconds

Avg epoch train. time: 0.0 hours, 0.0 minutes, 0.5157804340566301 seconds
Avg batch train. time: 0.12894510851415752 seconds
Avg sample train. time: 0.0025283354610619122 seconds
Epoch 338 Training Summary: epoch: 338.000000 | loss: 0.000553 | 
Epoch runtime: 0.0 hours, 0.0 minutes, 0.5433475971221924 seconds

Avg epoch train. time: 0.0 hours, 0.0 minutes, 0.5158619937106702 seconds
Avg batch train. time: 0.12896549842766755 seconds
Avg sample train. time: 0.002528735263287599 seconds
Evaluating on validation set ...
Validation runtime: 0.0 hours, 0.0 minutes, 0.25113725662231445 seconds

Avg val. time: 0.0 hours, 0.0 minutes, 0.2317570259696559 seconds
Avg batch val. time: 0.05793925649241397 seconds
Avg sample val. time: 0.0011305220779007604 seconds
Epoch 338 Validation Summary: epoch: 338.000000 | loss: 3.067993 | accuracy: 0.629268 | precision: 0.633245 | AUROC: 0.591868 | AUPRC: 0.373721 | 
Epoch 339 Training Summary: epoch: 339.000000 | loss: 0.001738 | 
Epoch runtime: 0.0 hours, 0.0 minutes, 0.5551638603210449 seconds

Avg epoch train. time: 0.0 hours, 0.0 minutes, 0.5159779284204353 seconds
Avg batch train. time: 0.12899448210510883 seconds
Avg sample train. time: 0.0025293035706884085 seconds
Epoch 340 Training Summary: epoch: 340.000000 | loss: 0.000661 | 
Epoch runtime: 0.0 hours, 0.0 minutes, 0.5670013427734375 seconds

Avg epoch train. time: 0.0 hours, 0.0 minutes, 0.5161279972861795 seconds
Avg batch train. time: 0.12903199932154488 seconds
Avg sample train. time: 0.002530039202383233 seconds
Evaluating on validation set ...
Validation runtime: 0.0 hours, 0.0 minutes, 0.24974918365478516 seconds

Avg val. time: 0.0 hours, 0.0 minutes, 0.23186163153759268 seconds
Avg batch val. time: 0.05796540788439817 seconds
Avg sample val. time: 0.0011310323489638666 seconds
Epoch 340 Validation Summary: epoch: 340.000000 | loss: 3.138012 | accuracy: 0.639024 | precision: 0.639024 | AUROC: 0.595187 | AUPRC: 0.374367 | 
Epoch 341 Training Summary: epoch: 341.000000 | loss: 0.000574 | 
Epoch runtime: 0.0 hours, 0.0 minutes, 0.543755054473877 seconds

Avg epoch train. time: 0.0 hours, 0.0 minutes, 0.5162090150491933 seconds
Avg batch train. time: 0.1290522537622983 seconds
Avg sample train. time: 0.002530436348280359 seconds
Epoch 342 Training Summary: epoch: 342.000000 | loss: 0.000210 | 
Epoch runtime: 0.0 hours, 0.0 minutes, 0.5515954494476318 seconds

Avg epoch train. time: 0.0 hours, 0.0 minutes, 0.5163124841556215 seconds
Avg batch train. time: 0.12907812103890537 seconds
Avg sample train. time: 0.002530943549782458 seconds
Evaluating on validation set ...
Validation runtime: 0.0 hours, 0.0 minutes, 0.24891233444213867 seconds

Avg val. time: 0.0 hours, 0.0 minutes, 0.23196019051391956 seconds
Avg batch val. time: 0.05799004762847989 seconds
Avg sample val. time: 0.001131513124458144 seconds
Epoch 342 Validation Summary: epoch: 342.000000 | loss: 3.060478 | accuracy: 0.629268 | precision: 0.633245 | AUROC: 0.596373 | AUPRC: 0.375185 | 
Epoch 343 Training Summary: epoch: 343.000000 | loss: 0.000232 | 
Epoch runtime: 0.0 hours, 0.0 minutes, 0.5697576999664307 seconds

Avg epoch train. time: 0.0 hours, 0.0 minutes, 0.5164683011113381 seconds
Avg batch train. time: 0.12911707527783453 seconds
Avg sample train. time: 0.0025317073583889125 seconds
Epoch 344 Training Summary: epoch: 344.000000 | loss: 0.002862 | 
Epoch runtime: 0.0 hours, 0.0 minutes, 0.5581989288330078 seconds

Avg epoch train. time: 0.0 hours, 0.0 minutes, 0.5165896110756453 seconds
Avg batch train. time: 0.12914740276891132 seconds
Avg sample train. time: 0.0025323020150766927 seconds
Evaluating on validation set ...
Validation runtime: 0.0 hours, 0.0 minutes, 0.25290369987487793 seconds

Avg val. time: 0.0 hours, 0.0 minutes, 0.2320805555102469 seconds
Avg batch val. time: 0.058020138877561724 seconds
Avg sample val. time: 0.0011321002707816922 seconds
Epoch 344 Validation Summary: epoch: 344.000000 | loss: 3.103996 | accuracy: 0.643902 | precision: 0.645820 | AUROC: 0.593883 | AUPRC: 0.374466 | 
Epoch 345 Training Summary: epoch: 345.000000 | loss: 0.000580 | 
Epoch runtime: 0.0 hours, 0.0 minutes, 0.5509119033813477 seconds

Avg epoch train. time: 0.0 hours, 0.0 minutes, 0.5166890959808792 seconds
Avg batch train. time: 0.1291722739952198 seconds
Avg sample train. time: 0.0025327896861807803 seconds
Epoch 346 Training Summary: epoch: 346.000000 | loss: 0.038059 | 
Epoch runtime: 0.0 hours, 0.0 minutes, 0.5676774978637695 seconds

Avg epoch train. time: 0.0 hours, 0.0 minutes, 0.5168364613042401 seconds
Avg batch train. time: 0.12920911532606003 seconds
Avg sample train. time: 0.002533512065216863 seconds
Evaluating on validation set ...
Validation runtime: 0.0 hours, 0.0 minutes, 0.2489309310913086 seconds

Avg val. time: 0.0 hours, 0.0 minutes, 0.2321768433707101 seconds
Avg batch val. time: 0.058044210842677524 seconds
Avg sample val. time: 0.0011325699676620004 seconds
Epoch 346 Validation Summary: epoch: 346.000000 | loss: 2.945281 | accuracy: 0.668293 | precision: 0.664715 | AUROC: 0.621266 | AUPRC: 0.397123 | 
Epoch 347 Training Summary: epoch: 347.000000 | loss: 0.000547 | 
Epoch runtime: 0.0 hours, 0.0 minutes, 0.563218355178833 seconds

Avg epoch train. time: 0.0 hours, 0.0 minutes, 0.5169701267044551 seconds
Avg batch train. time: 0.12924253167611377 seconds
Avg sample train. time: 0.0025341672877669365 seconds
Epoch 348 Training Summary: epoch: 348.000000 | loss: 0.038258 | 
Epoch runtime: 0.0 hours, 0.0 minutes, 0.5660538673400879 seconds

Avg epoch train. time: 0.0 hours, 0.0 minutes, 0.5171111719361667 seconds
Avg batch train. time: 0.12927779298404168 seconds
Avg sample train. time: 0.002534858685961602 seconds
Evaluating on validation set ...
Validation runtime: 0.0 hours, 0.0 minutes, 0.2541313171386719 seconds

Avg val. time: 0.0 hours, 0.0 minutes, 0.23230158469893716 seconds
Avg batch val. time: 0.05807539617473429 seconds
Avg sample val. time: 0.001133178461946035 seconds
Epoch 348 Validation Summary: epoch: 348.000000 | loss: 2.518427 | accuracy: 0.619512 | precision: 0.639529 | AUROC: 0.611486 | AUPRC: 0.363367 | 
Epoch 349 Training Summary: epoch: 349.000000 | loss: 0.002189 | 
Epoch runtime: 0.0 hours, 0.0 minutes, 0.5512182712554932 seconds

Avg epoch train. time: 0.0 hours, 0.0 minutes, 0.5172089000144455 seconds
Avg batch train. time: 0.12930222500361138 seconds
Avg sample train. time: 0.0025353377451688506 seconds
Epoch 350 Training Summary: epoch: 350.000000 | loss: 0.008317 | 
Epoch runtime: 0.0 hours, 0.0 minutes, 0.5666825771331787 seconds

Avg epoch train. time: 0.0 hours, 0.0 minutes, 0.517350253377642 seconds
Avg batch train. time: 0.1293375633444105 seconds
Avg sample train. time: 0.00253603065381197 seconds
Evaluating on validation set ...
Validation runtime: 0.0 hours, 0.0 minutes, 0.24014878273010254 seconds

Avg val. time: 0.0 hours, 0.0 minutes, 0.23234591915109062 seconds
Avg batch val. time: 0.058086479787772656 seconds
Avg sample val. time: 0.0011333947275662956 seconds
Epoch 350 Validation Summary: epoch: 350.000000 | loss: 2.527958 | accuracy: 0.614634 | precision: 0.620799 | AUROC: 0.607575 | AUPRC: 0.352547 | 
Epoch 351 Training Summary: epoch: 351.000000 | loss: 0.036630 | 
Epoch runtime: 0.0 hours, 0.0 minutes, 0.5749948024749756 seconds

Avg epoch train. time: 0.0 hours, 0.0 minutes, 0.5175144828622498 seconds
Avg batch train. time: 0.12937862071556244 seconds
Avg sample train. time: 0.0025368357003051458 seconds
Epoch 352 Training Summary: epoch: 352.000000 | loss: 0.002311 | 
Epoch runtime: 0.0 hours, 0.0 minutes, 0.5525345802307129 seconds

Avg epoch train. time: 0.0 hours, 0.0 minutes, 0.5176139717752283 seconds
Avg batch train. time: 0.12940349294380707 seconds
Avg sample train. time: 0.0025373233910550405 seconds
Evaluating on validation set ...
Validation runtime: 0.0 hours, 0.0 minutes, 0.25309324264526367 seconds

Avg val. time: 0.0 hours, 0.0 minutes, 0.2324624771482489 seconds
Avg batch val. time: 0.05811561928706223 seconds
Avg sample val. time: 0.0011339633031621898 seconds
Epoch 352 Validation Summary: epoch: 352.000000 | loss: 3.097024 | accuracy: 0.560976 | precision: 0.616337 | AUROC: 0.576339 | AUPRC: 0.365594 | 
Epoch 353 Training Summary: epoch: 353.000000 | loss: 0.020198 | 
Epoch runtime: 0.0 hours, 0.0 minutes, 0.5490639209747314 seconds

Avg epoch train. time: 0.0 hours, 0.0 minutes, 0.5177030651157368 seconds
Avg batch train. time: 0.1294257662789342 seconds
Avg sample train. time: 0.002537760123116357 seconds
Epoch 354 Training Summary: epoch: 354.000000 | loss: 0.002377 | 
Epoch runtime: 0.0 hours, 0.0 minutes, 0.576399564743042 seconds

Avg epoch train. time: 0.0 hours, 0.0 minutes, 0.5178688744367179 seconds
Avg batch train. time: 0.12946721860917948 seconds
Avg sample train. time: 0.00253857291390548 seconds
Evaluating on validation set ...
Validation runtime: 0.0 hours, 0.0 minutes, 0.2448441982269287 seconds

Avg val. time: 0.0 hours, 0.0 minutes, 0.23253164877438678 seconds
Avg batch val. time: 0.058132912193596696 seconds
Avg sample val. time: 0.001134300725728716 seconds
Epoch 354 Validation Summary: epoch: 354.000000 | loss: 3.024582 | accuracy: 0.565854 | precision: 0.618897 | AUROC: 0.566560 | AUPRC: 0.367217 | 
Epoch 355 Training Summary: epoch: 355.000000 | loss: 0.000403 | 
Epoch runtime: 0.0 hours, 0.0 minutes, 0.5765836238861084 seconds

Avg epoch train. time: 0.0 hours, 0.0 minutes, 0.5180342680971387 seconds
Avg batch train. time: 0.12950856702428468 seconds
Avg sample train. time: 0.0025393836671428367 seconds
Epoch 356 Training Summary: epoch: 356.000000 | loss: 0.004542 | 
Epoch runtime: 0.0 hours, 0.0 minutes, 0.5537106990814209 seconds

Avg epoch train. time: 0.0 hours, 0.0 minutes, 0.5181344827909148 seconds
Avg batch train. time: 0.1295336206977287 seconds
Avg sample train. time: 0.002539874915641739 seconds
Evaluating on validation set ...
Validation runtime: 0.0 hours, 0.0 minutes, 0.2584507465362549 seconds

Avg val. time: 0.0 hours, 0.0 minutes, 0.2326756437619527 seconds
Avg batch val. time: 0.05816891094048818 seconds
Avg sample val. time: 0.0011350031403022083 seconds
Epoch 356 Validation Summary: epoch: 356.000000 | loss: 2.796020 | accuracy: 0.604878 | precision: 0.615313 | AUROC: 0.562945 | AUPRC: 0.369575 | 
Epoch 357 Training Summary: epoch: 357.000000 | loss: 0.001608 | 
Epoch runtime: 0.0 hours, 0.0 minutes, 0.5546369552612305 seconds

Avg epoch train. time: 0.0 hours, 0.0 minutes, 0.5182367306129605 seconds
Avg batch train. time: 0.12955918265324012 seconds
Avg sample train. time: 0.002540376130455689 seconds
Epoch 358 Training Summary: epoch: 358.000000 | loss: 0.042903 | 
Epoch runtime: 0.0 hours, 0.0 minutes, 0.5801782608032227 seconds

Avg epoch train. time: 0.0 hours, 0.0 minutes, 0.5184097516470115 seconds
Avg batch train. time: 0.12960243791175288 seconds
Avg sample train. time: 0.002541224272779468 seconds
Evaluating on validation set ...
Validation runtime: 0.0 hours, 0.0 minutes, 0.23456430435180664 seconds

Avg val. time: 0.0 hours, 0.0 minutes, 0.23268607835084693 seconds
Avg batch val. time: 0.05817151958771173 seconds
Avg sample val. time: 0.0011350540407358387 seconds
Epoch 358 Validation Summary: epoch: 358.000000 | loss: 3.429447 | accuracy: 0.634146 | precision: 0.640025 | AUROC: 0.565730 | AUPRC: 0.392474 | 
Epoch 359 Training Summary: epoch: 359.000000 | loss: 0.002460 | 
Epoch runtime: 0.0 hours, 0.0 minutes, 0.5804166793823242 seconds

Avg epoch train. time: 0.0 hours, 0.0 minutes, 0.5185824728941851 seconds
Avg batch train. time: 0.12964561822354628 seconds
Avg sample train. time: 0.002542070945559731 seconds
Epoch 360 Training Summary: epoch: 360.000000 | loss: 0.041871 | 
Epoch runtime: 0.0 hours, 0.0 minutes, 0.5528156757354736 seconds

Avg epoch train. time: 0.0 hours, 0.0 minutes, 0.5186775651242997 seconds
Avg batch train. time: 0.12966939128107494 seconds
Avg sample train. time: 0.002542537083942646 seconds
Evaluating on validation set ...
Validation runtime: 0.0 hours, 0.0 minutes, 0.25713443756103516 seconds

Avg val. time: 0.0 hours, 0.0 minutes, 0.23282040999485895 seconds
Avg batch val. time: 0.05820510249871474 seconds
Avg sample val. time: 0.0011357093170480924 seconds
Epoch 360 Validation Summary: epoch: 360.000000 | loss: 3.012404 | accuracy: 0.658537 | precision: 0.654847 | AUROC: 0.597973 | AUPRC: 0.405805 | 
Epoch 361 Training Summary: epoch: 361.000000 | loss: 0.023732 | 
Epoch runtime: 0.0 hours, 0.0 minutes, 0.5536994934082031 seconds

Avg epoch train. time: 0.0 hours, 0.0 minutes, 0.5187745787760557 seconds
Avg batch train. time: 0.12969364469401393 seconds
Avg sample train. time: 0.0025430126410590967 seconds
Epoch 362 Training Summary: epoch: 362.000000 | loss: 0.012780 | 
Epoch runtime: 0.0 hours, 0.0 minutes, 0.5782155990600586 seconds

Avg epoch train. time: 0.0 hours, 0.0 minutes, 0.5189387804895474 seconds
Avg batch train. time: 0.12973469512238686 seconds
Avg sample train. time: 0.00254381755141935 seconds
Evaluating on validation set ...
Validation runtime: 0.0 hours, 0.0 minutes, 0.23447394371032715 seconds

Avg val. time: 0.0 hours, 0.0 minutes, 0.23282944569822217 seconds
Avg batch val. time: 0.05820736142455554 seconds
Avg sample val. time: 0.0011357533936498642 seconds
Epoch 362 Validation Summary: epoch: 362.000000 | loss: 2.774085 | accuracy: 0.590244 | precision: 0.627662 | AUROC: 0.568516 | AUPRC: 0.401056 | 
Epoch 363 Training Summary: epoch: 363.000000 | loss: 0.007063 | 
Epoch runtime: 0.0 hours, 0.0 minutes, 0.5729677677154541 seconds

Avg epoch train. time: 0.0 hours, 0.0 minutes, 0.5190876206747428 seconds
Avg batch train. time: 0.1297719051686857 seconds
Avg sample train. time: 0.002544547160170308 seconds
Epoch 364 Training Summary: epoch: 364.000000 | loss: 0.002035 | 
Epoch runtime: 0.0 hours, 0.0 minutes, 0.5538861751556396 seconds

Avg epoch train. time: 0.0 hours, 0.0 minutes, 0.5191832210991408 seconds
Avg batch train. time: 0.1297958052747852 seconds
Avg sample train. time: 0.0025450157897016707 seconds
Evaluating on validation set ...
Validation runtime: 0.0 hours, 0.0 minutes, 0.2509143352508545 seconds

Avg val. time: 0.0 hours, 0.0 minutes, 0.232927733141443 seconds
Avg batch val. time: 0.05823193328536075 seconds
Avg sample val. time: 0.001136232844592405 seconds
Epoch 364 Validation Summary: epoch: 364.000000 | loss: 3.187454 | accuracy: 0.658537 | precision: 0.665900 | AUROC: 0.626482 | AUPRC: 0.437788 | 
Epoch 365 Training Summary: epoch: 365.000000 | loss: 0.010194 | 
Epoch runtime: 0.0 hours, 0.0 minutes, 0.5538835525512695 seconds

Avg epoch train. time: 0.0 hours, 0.0 minutes, 0.5192782905003795 seconds
Avg batch train. time: 0.1298195726250949 seconds
Avg sample train. time: 0.002545481816178331 seconds
Epoch 366 Training Summary: epoch: 366.000000 | loss: 0.005859 | 
Epoch runtime: 0.0 hours, 0.0 minutes, 0.5843601226806641 seconds

Avg epoch train. time: 0.0 hours, 0.0 minutes, 0.5194561097139869 seconds
Avg batch train. time: 0.12986402742849673 seconds
Avg sample train. time: 0.002546353478990132 seconds
Evaluating on validation set ...
Validation runtime: 0.0 hours, 0.0 minutes, 0.24461913108825684 seconds

Avg val. time: 0.0 hours, 0.0 minutes, 0.23299092988710146 seconds
Avg batch val. time: 0.058247732471775365 seconds
Avg sample val. time: 0.001136541121400495 seconds
Epoch 366 Validation Summary: epoch: 366.000000 | loss: 3.208414 | accuracy: 0.653659 | precision: 0.666717 | AUROC: 0.615398 | AUPRC: 0.432924 | 
Epoch 367 Training Summary: epoch: 367.000000 | loss: 0.001208 | 
Epoch runtime: 0.0 hours, 0.0 minutes, 0.584714412689209 seconds

Avg epoch train. time: 0.0 hours, 0.0 minutes, 0.519633925253429 seconds
Avg batch train. time: 0.12990848131335725 seconds
Avg sample train. time: 0.0025472251237913185 seconds
Epoch 368 Training Summary: epoch: 368.000000 | loss: 0.006300 | 
Epoch runtime: 0.0 hours, 0.0 minutes, 0.5626077651977539 seconds

Avg epoch train. time: 0.0 hours, 0.0 minutes, 0.5197507019924081 seconds
Avg batch train. time: 0.12993767549810203 seconds
Avg sample train. time: 0.0025477975587863146 seconds
Evaluating on validation set ...
Validation runtime: 0.0 hours, 0.0 minutes, 0.2548081874847412 seconds

Avg val. time: 0.0 hours, 0.0 minutes, 0.23310822697095973 seconds
Avg batch val. time: 0.05827705674273993 seconds
Avg sample val. time: 0.0011371133022973646 seconds
Epoch 368 Validation Summary: epoch: 368.000000 | loss: 2.623178 | accuracy: 0.658537 | precision: 0.662217 | AUROC: 0.600759 | AUPRC: 0.397784 | 
Epoch 369 Training Summary: epoch: 369.000000 | loss: 0.001345 | 
Epoch runtime: 0.0 hours, 0.0 minutes, 0.5558955669403076 seconds

Avg epoch train. time: 0.0 hours, 0.0 minutes, 0.5198486555559525 seconds
Avg batch train. time: 0.12996216388898812 seconds
Avg sample train. time: 0.0025482777233134927 seconds
Epoch 370 Training Summary: epoch: 370.000000 | loss: 0.013088 | 
Epoch runtime: 0.0 hours, 0.0 minutes, 0.5827975273132324 seconds

Avg epoch train. time: 0.0 hours, 0.0 minutes, 0.520018787641783 seconds
Avg batch train. time: 0.13000469691044575 seconds
Avg sample train. time: 0.002549111704126387 seconds
Evaluating on validation set ...
Validation runtime: 0.0 hours, 0.0 minutes, 0.2388293743133545 seconds

Avg val. time: 0.0 hours, 0.0 minutes, 0.2331388213417747 seconds
Avg batch val. time: 0.05828470533544367 seconds
Avg sample val. time: 0.0011372625431306082 seconds
Epoch 370 Validation Summary: epoch: 370.000000 | loss: 2.584643 | accuracy: 0.639024 | precision: 0.666057 | AUROC: 0.587186 | AUPRC: 0.376777 | 
Epoch 371 Training Summary: epoch: 371.000000 | loss: 0.000602 | 
Epoch runtime: 0.0 hours, 0.0 minutes, 0.5744810104370117 seconds

Avg epoch train. time: 0.0 hours, 0.0 minutes, 0.520165586085975 seconds
Avg batch train. time: 0.13004139652149374 seconds
Avg sample train. time: 0.0025498313043430146 seconds
Epoch 372 Training Summary: epoch: 372.000000 | loss: 0.002607 | 
Epoch runtime: 0.0 hours, 0.0 minutes, 0.5583798885345459 seconds

Avg epoch train. time: 0.0 hours, 0.0 minutes, 0.5202683127054604 seconds
Avg batch train. time: 0.1300670781763651 seconds
Avg sample train. time: 0.002550334866203237 seconds
Evaluating on validation set ...
Validation runtime: 0.0 hours, 0.0 minutes, 0.2505676746368408 seconds

Avg val. time: 0.0 hours, 0.0 minutes, 0.2332315280082378 seconds
Avg batch val. time: 0.05830788200205945 seconds
Avg sample val. time: 0.0011377147707718916 seconds
Epoch 372 Validation Summary: epoch: 372.000000 | loss: 2.770838 | accuracy: 0.643902 | precision: 0.672663 | AUROC: 0.585882 | AUPRC: 0.387310 | 
Epoch 373 Training Summary: epoch: 373.000000 | loss: 0.000658 | 
Epoch runtime: 0.0 hours, 0.0 minutes, 0.558344841003418 seconds

Avg epoch train. time: 0.0 hours, 0.0 minutes, 0.5203703945507633 seconds
Avg batch train. time: 0.13009259863769082 seconds
Avg sample train. time: 0.002550835267405702 seconds
Epoch 374 Training Summary: epoch: 374.000000 | loss: 0.058916 | 
Epoch runtime: 0.0 hours, 0.0 minutes, 0.5753006935119629 seconds

Avg epoch train. time: 0.0 hours, 0.0 minutes, 0.5205172670078787 seconds
Avg batch train. time: 0.13012931675196968 seconds
Avg sample train. time: 0.002551555230430778 seconds
Evaluating on validation set ...
Validation runtime: 0.0 hours, 0.0 minutes, 0.24182343482971191 seconds

Avg val. time: 0.0 hours, 0.0 minutes, 0.23327698783269005 seconds
Avg batch val. time: 0.05831924695817251 seconds
Avg sample val. time: 0.0011379365260131221 seconds
Epoch 374 Validation Summary: epoch: 374.000000 | loss: 2.697727 | accuracy: 0.643902 | precision: 0.661068 | AUROC: 0.592224 | AUPRC: 0.392871 | 
Epoch 375 Training Summary: epoch: 375.000000 | loss: 0.000483 | 
Epoch runtime: 0.0 hours, 0.0 minutes, 0.5635097026824951 seconds

Avg epoch train. time: 0.0 hours, 0.0 minutes, 0.5206319135030111 seconds
Avg batch train. time: 0.13015797837575277 seconds
Avg sample train. time: 0.002552117223053976 seconds
Epoch 376 Training Summary: epoch: 376.000000 | loss: 0.000765 | 
Epoch runtime: 0.0 hours, 0.0 minutes, 0.5561060905456543 seconds

Avg epoch train. time: 0.0 hours, 0.0 minutes, 0.52072625971855 seconds
Avg batch train. time: 0.1301815649296375 seconds
Avg sample train. time: 0.0025525797045026963 seconds
Evaluating on validation set ...
Validation runtime: 0.0 hours, 0.0 minutes, 0.2585000991821289 seconds

Avg val. time: 0.0 hours, 0.0 minutes, 0.23340974105031867 seconds
Avg batch val. time: 0.05835243526257967 seconds
Avg sample val. time: 0.0011385841026844814 seconds
Epoch 376 Validation Summary: epoch: 376.000000 | loss: 2.660929 | accuracy: 0.648780 | precision: 0.648780 | AUROC: 0.603604 | AUPRC: 0.395190 | 
Epoch 377 Training Summary: epoch: 377.000000 | loss: 0.034019 | 
Epoch runtime: 0.0 hours, 0.0 minutes, 0.5400776863098145 seconds

Avg epoch train. time: 0.0 hours, 0.0 minutes, 0.5207775897625587 seconds
Avg batch train. time: 0.13019439744063968 seconds
Avg sample train. time: 0.002552831322365484 seconds
Epoch 378 Training Summary: epoch: 378.000000 | loss: 0.000117 | 
Epoch runtime: 0.0 hours, 0.0 minutes, 0.585627555847168 seconds

Avg epoch train. time: 0.0 hours, 0.0 minutes, 0.5209491505193963 seconds
Avg batch train. time: 0.13023728762984907 seconds
Avg sample train. time: 0.002553672306467629 seconds
Evaluating on validation set ...
Validation runtime: 0.0 hours, 0.0 minutes, 0.2392427921295166 seconds

Avg val. time: 0.0 hours, 0.0 minutes, 0.23344028058476474 seconds
Avg batch val. time: 0.058360070146191184 seconds
Avg sample val. time: 0.0011387330760232427 seconds
Epoch 378 Validation Summary: epoch: 378.000000 | loss: 2.962545 | accuracy: 0.663415 | precision: 0.665230 | AUROC: 0.605500 | AUPRC: 0.411590 | 
Epoch 379 Training Summary: epoch: 379.000000 | loss: 0.000278 | 
Epoch runtime: 0.0 hours, 0.0 minutes, 0.5383784770965576 seconds

Avg epoch train. time: 0.0 hours, 0.0 minutes, 0.5209951381884653 seconds
Avg batch train. time: 0.13024878454711633 seconds
Avg sample train. time: 0.002553897736217967 seconds
Epoch 380 Training Summary: epoch: 380.000000 | loss: 0.000402 | 
Epoch runtime: 0.0 hours, 0.0 minutes, 0.5430126190185547 seconds

Avg epoch train. time: 0.0 hours, 0.0 minutes, 0.5210530789274919 seconds
Avg batch train. time: 0.13026326973187297 seconds
Avg sample train. time: 0.0025541817594484893 seconds
Evaluating on validation set ...
Validation runtime: 0.0 hours, 0.0 minutes, 0.23791718482971191 seconds

Avg val. time: 0.0 hours, 0.0 minutes, 0.23346359779437384 seconds
Avg batch val. time: 0.05836589944859346 seconds
Avg sample val. time: 0.0011388468185091407 seconds
Epoch 380 Validation Summary: epoch: 380.000000 | loss: 3.271275 | accuracy: 0.673171 | precision: 0.682045 | AUROC: 0.603841 | AUPRC: 0.409737 | 
Epoch 381 Training Summary: epoch: 381.000000 | loss: 0.001177 | 
Epoch runtime: 0.0 hours, 0.0 minutes, 0.5707330703735352 seconds

Avg epoch train. time: 0.0 hours, 0.0 minutes, 0.5211834726058279 seconds
Avg batch train. time: 0.13029586815145697 seconds
Avg sample train. time: 0.002554820944146215 seconds
Epoch 382 Training Summary: epoch: 382.000000 | loss: 0.000295 | 
Epoch runtime: 0.0 hours, 0.0 minutes, 0.5605754852294922 seconds

Avg epoch train. time: 0.0 hours, 0.0 minutes, 0.5212865930577223 seconds
Avg batch train. time: 0.13032164826443057 seconds
Avg sample train. time: 0.002555326436557462 seconds
Evaluating on validation set ...
Validation runtime: 0.0 hours, 0.0 minutes, 0.2525930404663086 seconds

Avg val. time: 0.0 hours, 0.0 minutes, 0.23356271407764811 seconds
Avg batch val. time: 0.05839067851941203 seconds
Avg sample val. time: 0.0011393303125738932 seconds
Epoch 382 Validation Summary: epoch: 382.000000 | loss: 3.461038 | accuracy: 0.663415 | precision: 0.679882 | AUROC: 0.600284 | AUPRC: 0.401169 | 
Epoch 383 Training Summary: epoch: 383.000000 | loss: 0.000742 | 
Epoch runtime: 0.0 hours, 0.0 minutes, 0.5597076416015625 seconds

Avg epoch train. time: 0.0 hours, 0.0 minutes, 0.5213869091113615 seconds
Avg batch train. time: 0.13034672727784039 seconds
Avg sample train. time: 0.0025558181819184387 seconds
Epoch 384 Training Summary: epoch: 384.000000 | loss: 0.001957 | 
Epoch runtime: 0.0 hours, 0.0 minutes, 0.5444850921630859 seconds

Avg epoch train. time: 0.0 hours, 0.0 minutes, 0.5214470606297255 seconds
Avg batch train. time: 0.13036176515743136 seconds
Avg sample train. time: 0.0025561130423025756 seconds
Evaluating on validation set ...
Validation runtime: 0.0 hours, 0.0 minutes, 0.24944639205932617 seconds

Avg val. time: 0.0 hours, 0.0 minutes, 0.23364458870641963 seconds
Avg batch val. time: 0.05841114717660491 seconds
Avg sample val. time: 0.001139729701006925 seconds
Epoch 384 Validation Summary: epoch: 384.000000 | loss: 3.406697 | accuracy: 0.658537 | precision: 0.673310 | AUROC: 0.601114 | AUPRC: 0.401682 | 
Epoch 385 Training Summary: epoch: 385.000000 | loss: 0.000375 | 
Epoch runtime: 0.0 hours, 0.0 minutes, 0.6032650470733643 seconds

Avg epoch train. time: 0.0 hours, 0.0 minutes, 0.5216595748802284 seconds
Avg batch train. time: 0.1304148937200571 seconds
Avg sample train. time: 0.002557154778824649 seconds
Epoch 386 Training Summary: epoch: 386.000000 | loss: 0.000421 | 
Epoch runtime: 0.0 hours, 0.0 minutes, 0.5650980472564697 seconds

Avg epoch train. time: 0.0 hours, 0.0 minutes, 0.5217721097827576 seconds
Avg batch train. time: 0.1304430274456894 seconds
Avg sample train. time: 0.0025577064205037137 seconds
Evaluating on validation set ...
Validation runtime: 0.0 hours, 0.0 minutes, 0.2743387222290039 seconds

Avg val. time: 0.0 hours, 0.0 minutes, 0.233853276570638 seconds
Avg batch val. time: 0.0584633191426595 seconds
Avg sample val. time: 0.001140747690588478 seconds
Epoch 386 Validation Summary: epoch: 386.000000 | loss: 3.243553 | accuracy: 0.643902 | precision: 0.649638 | AUROC: 0.605915 | AUPRC: 0.396273 | 
Epoch 387 Training Summary: epoch: 387.000000 | loss: 0.000126 | 
Epoch runtime: 0.0 hours, 0.0 minutes, 0.5588932037353516 seconds

Avg epoch train. time: 0.0 hours, 0.0 minutes, 0.52186802992217 seconds
Avg batch train. time: 0.1304670074805425 seconds
Avg sample train. time: 0.002558176617265539 seconds
Epoch 388 Training Summary: epoch: 388.000000 | loss: 0.000210 | 
Epoch runtime: 0.0 hours, 0.0 minutes, 0.5638778209686279 seconds

Avg epoch train. time: 0.0 hours, 0.0 minutes, 0.5219763025795061 seconds
Avg batch train. time: 0.13049407564487653 seconds
Avg sample train. time: 0.002558707365585814 seconds
Evaluating on validation set ...
Validation runtime: 0.0 hours, 0.0 minutes, 0.23930573463439941 seconds

Avg val. time: 0.0 hours, 0.0 minutes, 0.23388109523422865 seconds
Avg batch val. time: 0.05847027380855716 seconds
Avg sample val. time: 0.0011408833913864813 seconds
Epoch 388 Validation Summary: epoch: 388.000000 | loss: 3.351342 | accuracy: 0.653659 | precision: 0.655525 | AUROC: 0.612138 | AUPRC: 0.409824 | 
Epoch 389 Training Summary: epoch: 389.000000 | loss: 0.000814 | 
Epoch runtime: 0.0 hours, 0.0 minutes, 0.5760223865509033 seconds

Avg epoch train. time: 0.0 hours, 0.0 minutes, 0.5221152385280188 seconds
Avg batch train. time: 0.1305288096320047 seconds
Avg sample train. time: 0.002559388424156955 seconds
Epoch 390 Training Summary: epoch: 390.000000 | loss: 0.000241 | 
Epoch runtime: 0.0 hours, 0.0 minutes, 0.5667436122894287 seconds

Avg epoch train. time: 0.0 hours, 0.0 minutes, 0.5222296702556121 seconds
Avg batch train. time: 0.13055741756390302 seconds
Avg sample train. time: 0.0025599493639980983 seconds
Evaluating on validation set ...
Validation runtime: 0.0 hours, 0.0 minutes, 0.2528648376464844 seconds

Avg val. time: 0.0 hours, 0.0 minutes, 0.23397745940891015 seconds
Avg batch val. time: 0.05849436485222754 seconds
Avg sample val. time: 0.001141353460531269 seconds
Epoch 390 Validation Summary: epoch: 390.000000 | loss: 3.335707 | accuracy: 0.653659 | precision: 0.655525 | AUROC: 0.611190 | AUPRC: 0.407513 | 
Epoch 391 Training Summary: epoch: 391.000000 | loss: 0.000156 | 
Epoch runtime: 0.0 hours, 0.0 minutes, 0.5576663017272949 seconds

Avg epoch train. time: 0.0 hours, 0.0 minutes, 0.5223203010266394 seconds
Avg batch train. time: 0.13058007525665985 seconds
Avg sample train. time: 0.0025603936324835263 seconds
Epoch 392 Training Summary: epoch: 392.000000 | loss: 0.000171 | 
Epoch runtime: 0.0 hours, 0.0 minutes, 0.5700492858886719 seconds

Avg epoch train. time: 0.0 hours, 0.0 minutes, 0.5224420586410834 seconds
Avg batch train. time: 0.13061051466027085 seconds
Avg sample train. time: 0.0025609904835347226 seconds
Evaluating on validation set ...
Validation runtime: 0.0 hours, 0.0 minutes, 0.24934673309326172 seconds

Avg val. time: 0.0 hours, 0.0 minutes, 0.23405508200327554 seconds
Avg batch val. time: 0.058513770500818886 seconds
Avg sample val. time: 0.0011417321073330514 seconds
Epoch 392 Validation Summary: epoch: 392.000000 | loss: 3.379059 | accuracy: 0.643902 | precision: 0.649638 | AUROC: 0.608819 | AUPRC: 0.406029 | 
Epoch 393 Training Summary: epoch: 393.000000 | loss: 0.000028 | 
Epoch runtime: 0.0 hours, 0.0 minutes, 0.584104061126709 seconds

Avg epoch train. time: 0.0 hours, 0.0 minutes, 0.522598959410767 seconds
Avg batch train. time: 0.13064973985269174 seconds
Avg sample train. time: 0.0025617596049547398 seconds
Epoch 394 Training Summary: epoch: 394.000000 | loss: 0.000047 | 
Epoch runtime: 0.0 hours, 0.0 minutes, 0.5624408721923828 seconds

Avg epoch train. time: 0.0 hours, 0.0 minutes, 0.5227000810168116 seconds
Avg batch train. time: 0.1306750202542029 seconds
Avg sample train. time: 0.0025622552991020177 seconds
Evaluating on validation set ...
Validation runtime: 0.0 hours, 0.0 minutes, 0.27468228340148926 seconds

Avg val. time: 0.0 hours, 0.0 minutes, 0.23425923879422136 seconds
Avg batch val. time: 0.05856480969855534 seconds
Avg sample val. time: 0.001142727994118153 seconds
Epoch 394 Validation Summary: epoch: 394.000000 | loss: 3.351486 | accuracy: 0.634146 | precision: 0.640025 | AUROC: 0.606804 | AUPRC: 0.406864 | 
Epoch 395 Training Summary: epoch: 395.000000 | loss: 0.000194 | 
Epoch runtime: 0.0 hours, 0.0 minutes, 0.5661227703094482 seconds

Avg epoch train. time: 0.0 hours, 0.0 minutes, 0.5228100118757804 seconds
Avg batch train. time: 0.1307025029689451 seconds
Avg sample train. time: 0.0025627941758616683 seconds
Epoch 396 Training Summary: epoch: 396.000000 | loss: 0.000061 | 
Epoch runtime: 0.0 hours, 0.0 minutes, 0.5707647800445557 seconds

Avg epoch train. time: 0.0 hours, 0.0 minutes, 0.5229311097751964 seconds
Avg batch train. time: 0.1307327774437991 seconds
Avg sample train. time: 0.0025633877930156686 seconds
Evaluating on validation set ...
Validation runtime: 0.0 hours, 0.0 minutes, 0.24356913566589355 seconds

Avg val. time: 0.0 hours, 0.0 minutes, 0.2343057882785797 seconds
Avg batch val. time: 0.058576447069644925 seconds
Avg sample val. time: 0.0011429550647735595 seconds
Epoch 396 Validation Summary: epoch: 396.000000 | loss: 3.320584 | accuracy: 0.643902 | precision: 0.649638 | AUROC: 0.603722 | AUPRC: 0.405101 | 
Epoch 397 Training Summary: epoch: 397.000000 | loss: 0.001053 | 
Epoch runtime: 0.0 hours, 0.0 minutes, 0.5920705795288086 seconds

Avg epoch train. time: 0.0 hours, 0.0 minutes, 0.5231052646108478 seconds
Avg batch train. time: 0.13077631615271196 seconds
Avg sample train. time: 0.0025642414931904304 seconds
Epoch 398 Training Summary: epoch: 398.000000 | loss: 0.000328 | 
Epoch runtime: 0.0 hours, 0.0 minutes, 0.5778632164001465 seconds

Avg epoch train. time: 0.0 hours, 0.0 minutes, 0.5232428474042883 seconds
Avg batch train. time: 0.13081071185107207 seconds
Avg sample train. time: 0.002564915918648472 seconds
Evaluating on validation set ...
Validation runtime: 0.0 hours, 0.0 minutes, 0.2285311222076416 seconds

Avg val. time: 0.0 hours, 0.0 minutes, 0.23427705859663475 seconds
Avg batch val. time: 0.05856926464915869 seconds
Avg sample val. time: 0.0011428149199835841 seconds
Epoch 398 Validation Summary: epoch: 398.000000 | loss: 3.144827 | accuracy: 0.614634 | precision: 0.640805 | AUROC: 0.572783 | AUPRC: 0.366949 | 
Epoch 399 Training Summary: epoch: 399.000000 | loss: 0.006977 | 
Epoch runtime: 0.0 hours, 0.0 minutes, 0.5404291152954102 seconds

Avg epoch train. time: 0.0 hours, 0.0 minutes, 0.5232859207573989 seconds
Avg batch train. time: 0.13082148018934972 seconds
Avg sample train. time: 0.002565127062536269 seconds
Epoch 400 Training Summary: epoch: 400.000000 | loss: 0.001503 | 
Epoch runtime: 0.0 hours, 0.0 minutes, 0.6021344661712646 seconds

Avg epoch train. time: 0.0 hours, 0.0 minutes, 0.5234830421209336 seconds
Avg batch train. time: 0.1308707605302334 seconds
Avg sample train. time: 0.0025660933437300663 seconds
Evaluating on validation set ...
Validation runtime: 0.0 hours, 0.0 minutes, 0.24685931205749512 seconds

Avg val. time: 0.0 hours, 0.0 minutes, 0.23433934698010436 seconds
Avg batch val. time: 0.05858483674502609 seconds
Avg sample val. time: 0.0011431187657566066 seconds
Epoch 400 Validation Summary: epoch: 400.000000 | loss: 2.994516 | accuracy: 0.658537 | precision: 0.654847 | AUROC: 0.612613 | AUPRC: 0.397587 | 
Best accuracy was 0.7804878048780488. Other metrics: OrderedDict({'epoch': 24, 'loss': 0.5123818281220227, 'accuracy': np.float64(0.7804878048780488), 'precision': np.float64(0.7680696864111498), 'AUROC': 0.7481033665244191, 'AUPRC': 0.5200344823567993})
All Done!
Total runtime: 0.0 hours, 4.0 minutes, 45.25419020652771 seconds

