Running:
src/main.py --output_dir experiments --comment classification from Scratch --name heartbeat --records_file Classification_records.xls --data_dir src/datasets/classification/heartbeat/ --data_class tsra --pattern TRAIN --val_pattern TEST --epochs 400 --lr 0.001 --optimizer RAdam --pos_encoding learnable --task classification --key_metric accuracy

Using device: cuda
Loading and preprocessing data ...
204 samples may be used for training
205 samples will be used for validation
0 samples will be used for testing
Creating model ...
Model:
TSTransformerEncoderClassiregressor(
  (project_inp): Linear(in_features=61, out_features=64, bias=True)
  (pos_enc): LearnablePositionalEncoding(
    (dropout): Dropout(p=0.1, inplace=False)
  )
  (transformer_encoder): TransformerEncoder(
    (layers): ModuleList(
      (0-2): 3 x TransformerBatchNormEncoderLayer(
        (self_attn): MultiheadAttention(
          (out_proj): NonDynamicallyQuantizableLinear(in_features=64, out_features=64, bias=True)
        )
        (linear1): Linear(in_features=64, out_features=256, bias=True)
        (dropout): Dropout(p=0.1, inplace=False)
        (linear2): Linear(in_features=256, out_features=64, bias=True)
        (norm1): BatchNorm1d(64, eps=1e-05, momentum=0.1, affine=True, track_running_stats=True)
        (norm2): BatchNorm1d(64, eps=1e-05, momentum=0.1, affine=True, track_running_stats=True)
        (dropout1): Dropout(p=0.1, inplace=False)
        (dropout2): Dropout(p=0.1, inplace=False)
      )
    )
  )
  (dropout1): Dropout(p=0.1, inplace=False)
  (output_layer): Linear(in_features=25920, out_features=2, bias=True)
)
Total number of parameters: 231682
Trainable parameters: 231682
Evaluating on validation set ...
Validation runtime: 0.0 hours, 0.0 minutes, 0.7430102825164795 seconds

Avg val. time: 0.0 hours, 0.0 minutes, 0.7430102825164795 seconds
Avg batch val. time: 0.18575257062911987 seconds
Avg sample val. time: 0.0036244404025194124 seconds
Epoch 0 Validation Summary: epoch: 0.000000 | loss: 2.506416 | accuracy: 0.521951 | precision: 0.621609 | AUROC: 0.523293 | AUPRC: 0.331008 | 
Starting training...
Epoch 1 Training Summary: epoch: 1.000000 | loss: 0.695780 | 
Epoch runtime: 0.0 hours, 0.0 minutes, 0.706373929977417 seconds

Avg epoch train. time: 0.0 hours, 0.0 minutes, 0.706373929977417 seconds
Avg batch train. time: 0.17659348249435425 seconds
Avg sample train. time: 0.003462617303810868 seconds
Evaluating on validation set ...
Validation runtime: 0.0 hours, 0.0 minutes, 0.1855611801147461 seconds

Avg val. time: 0.0 hours, 0.0 minutes, 0.4642857313156128 seconds
Avg batch val. time: 0.1160714328289032 seconds
Avg sample val. time: 0.0022648084454420137 seconds
Epoch 1 Validation Summary: epoch: 1.000000 | loss: 0.707993 | accuracy: 0.663415 | precision: 0.631123 | AUROC: 0.441086 | AUPRC: 0.311381 | 
Epoch 2 Training Summary: epoch: 2.000000 | loss: 0.703490 | 
Epoch runtime: 0.0 hours, 0.0 minutes, 0.365459680557251 seconds

Avg epoch train. time: 0.0 hours, 0.0 minutes, 0.535916805267334 seconds
Avg batch train. time: 0.1339792013168335 seconds
Avg sample train. time: 0.0026270431630751666 seconds
Evaluating on validation set ...
Validation runtime: 0.0 hours, 0.0 minutes, 0.1853029727935791 seconds

Avg val. time: 0.0 hours, 0.0 minutes, 0.3712914784749349 seconds
Avg batch val. time: 0.09282286961873372 seconds
Avg sample val. time: 0.00181117794378017 seconds
Epoch 2 Validation Summary: epoch: 2.000000 | loss: 0.684038 | accuracy: 0.726829 | precision: 0.687108 | AUROC: 0.474751 | AUPRC: 0.326342 | 
Epoch 3 Training Summary: epoch: 3.000000 | loss: 0.643276 | 
Epoch runtime: 0.0 hours, 0.0 minutes, 0.3669602870941162 seconds

Avg epoch train. time: 0.0 hours, 0.0 minutes, 0.4795979658762614 seconds
Avg batch train. time: 0.11989949146906535 seconds
Avg sample train. time: 0.002350970420962066 seconds
Epoch 4 Training Summary: epoch: 4.000000 | loss: 0.565268 | 
Epoch runtime: 0.0 hours, 0.0 minutes, 0.35530924797058105 seconds

Avg epoch train. time: 0.0 hours, 0.0 minutes, 0.4485257863998413 seconds
Avg batch train. time: 0.11213144659996033 seconds
Avg sample train. time: 0.0021986558156854965 seconds
Evaluating on validation set ...
Validation runtime: 0.0 hours, 0.0 minutes, 0.17336583137512207 seconds

Avg val. time: 0.0 hours, 0.0 minutes, 0.3218100666999817 seconds
Avg batch val. time: 0.08045251667499542 seconds
Avg sample val. time: 0.0015698052034145448 seconds
Epoch 4 Validation Summary: epoch: 4.000000 | loss: 0.589748 | accuracy: 0.736585 | precision: 0.705192 | AUROC: 0.633239 | AUPRC: 0.427236 | 
Epoch 5 Training Summary: epoch: 5.000000 | loss: 0.553533 | 
Epoch runtime: 0.0 hours, 0.0 minutes, 0.3767383098602295 seconds

Avg epoch train. time: 0.0 hours, 0.0 minutes, 0.43416829109191896 seconds
Avg batch train. time: 0.10854207277297974 seconds
Avg sample train. time: 0.002128275936725093 seconds
Epoch 6 Training Summary: epoch: 6.000000 | loss: 0.497337 | 
Epoch runtime: 0.0 hours, 0.0 minutes, 0.3675053119659424 seconds

Avg epoch train. time: 0.0 hours, 0.0 minutes, 0.42305779457092285 seconds
Avg batch train. time: 0.10576444864273071 seconds
Avg sample train. time: 0.002073812718484916 seconds
Evaluating on validation set ...
Validation runtime: 0.0 hours, 0.0 minutes, 0.18931078910827637 seconds

Avg val. time: 0.0 hours, 0.0 minutes, 0.29531021118164064 seconds
Avg batch val. time: 0.07382755279541016 seconds
Avg sample val. time: 0.0014405376155201982 seconds
Epoch 6 Validation Summary: epoch: 6.000000 | loss: 0.557446 | accuracy: 0.751220 | precision: 0.730976 | AUROC: 0.671764 | AUPRC: 0.453623 | 
Epoch 7 Training Summary: epoch: 7.000000 | loss: 0.493961 | 
Epoch runtime: 0.0 hours, 0.0 minutes, 0.3773503303527832 seconds

Avg epoch train. time: 0.0 hours, 0.0 minutes, 0.41652815682547434 seconds
Avg batch train. time: 0.10413203920636858 seconds
Avg sample train. time: 0.0020418046903209527 seconds
Epoch 8 Training Summary: epoch: 8.000000 | loss: 0.519141 | 
Epoch runtime: 0.0 hours, 0.0 minutes, 0.3602914810180664 seconds

Avg epoch train. time: 0.0 hours, 0.0 minutes, 0.40949857234954834 seconds
Avg batch train. time: 0.10237464308738708 seconds
Avg sample train. time: 0.002007345942889943 seconds
Evaluating on validation set ...
Validation runtime: 0.0 hours, 0.0 minutes, 0.21457672119140625 seconds

Avg val. time: 0.0 hours, 0.0 minutes, 0.28185462951660156 seconds
Avg batch val. time: 0.07046365737915039 seconds
Avg sample val. time: 0.0013749006317883004 seconds
Epoch 8 Validation Summary: epoch: 8.000000 | loss: 0.556297 | accuracy: 0.746341 | precision: 0.720429 | AUROC: 0.691679 | AUPRC: 0.479957 | 
Epoch 9 Training Summary: epoch: 9.000000 | loss: 0.449976 | 
Epoch runtime: 0.0 hours, 0.0 minutes, 0.46831369400024414 seconds

Avg epoch train. time: 0.0 hours, 0.0 minutes, 0.4160335858662923 seconds
Avg batch train. time: 0.10400839646657307 seconds
Avg sample train. time: 0.002039380322873982 seconds
Epoch 10 Training Summary: epoch: 10.000000 | loss: 0.442687 | 
Epoch runtime: 0.0 hours, 0.0 minutes, 0.44356203079223633 seconds

Avg epoch train. time: 0.0 hours, 0.0 minutes, 0.41878643035888674 seconds
Avg batch train. time: 0.10469660758972169 seconds
Avg sample train. time: 0.002052874658621994 seconds
Evaluating on validation set ...
Validation runtime: 0.0 hours, 0.0 minutes, 0.1999812126159668 seconds

Avg val. time: 0.0 hours, 0.0 minutes, 0.27015842710222515 seconds
Avg batch val. time: 0.06753960677555629 seconds
Avg sample val. time: 0.0013178459858645129 seconds
Epoch 10 Validation Summary: epoch: 10.000000 | loss: 0.560412 | accuracy: 0.731707 | precision: 0.702739 | AUROC: 0.707563 | AUPRC: 0.490863 | 
Epoch 11 Training Summary: epoch: 11.000000 | loss: 0.447793 | 
Epoch runtime: 0.0 hours, 0.0 minutes, 0.43976902961730957 seconds

Avg epoch train. time: 0.0 hours, 0.0 minutes, 0.4206939393823797 seconds
Avg batch train. time: 0.10517348484559493 seconds
Avg sample train. time: 0.002062225193050881 seconds
Epoch 12 Training Summary: epoch: 12.000000 | loss: 0.428355 | 
Epoch runtime: 0.0 hours, 0.0 minutes, 0.45588254928588867 seconds

Avg epoch train. time: 0.0 hours, 0.0 minutes, 0.42362632354100543 seconds
Avg batch train. time: 0.10590658088525136 seconds
Avg sample train. time: 0.002076599625201007 seconds
Evaluating on validation set ...
Validation runtime: 0.0 hours, 0.0 minutes, 0.21135258674621582 seconds

Avg val. time: 0.0 hours, 0.0 minutes, 0.262807697057724 seconds
Avg batch val. time: 0.065701924264431 seconds
Avg sample val. time: 0.001281988766135239 seconds
Epoch 12 Validation Summary: epoch: 12.000000 | loss: 0.547728 | accuracy: 0.736585 | precision: 0.709916 | AUROC: 0.696776 | AUPRC: 0.507746 | 
Epoch 13 Training Summary: epoch: 13.000000 | loss: 0.418958 | 
Epoch runtime: 0.0 hours, 0.0 minutes, 0.4517219066619873 seconds

Avg epoch train. time: 0.0 hours, 0.0 minutes, 0.42578752224261945 seconds
Avg batch train. time: 0.10644688056065486 seconds
Avg sample train. time: 0.0020871937364834287 seconds
Epoch 14 Training Summary: epoch: 14.000000 | loss: 0.427458 | 
Epoch runtime: 0.0 hours, 0.0 minutes, 0.4401676654815674 seconds

Avg epoch train. time: 0.0 hours, 0.0 minutes, 0.4268146753311157 seconds
Avg batch train. time: 0.10670366883277893 seconds
Avg sample train. time: 0.0020922288006427242 seconds
Evaluating on validation set ...
Validation runtime: 0.0 hours, 0.0 minutes, 0.20367813110351562 seconds

Avg val. time: 0.0 hours, 0.0 minutes, 0.2562377452850342 seconds
Avg batch val. time: 0.06405943632125854 seconds
Avg sample val. time: 0.0012499402209026058 seconds
Epoch 14 Validation Summary: epoch: 14.000000 | loss: 0.554157 | accuracy: 0.736585 | precision: 0.709916 | AUROC: 0.706022 | AUPRC: 0.488339 | 
Epoch 15 Training Summary: epoch: 15.000000 | loss: 0.380776 | 
Epoch runtime: 0.0 hours, 0.0 minutes, 0.4321596622467041 seconds

Avg epoch train. time: 0.0 hours, 0.0 minutes, 0.42717100779215494 seconds
Avg batch train. time: 0.10679275194803874 seconds
Avg sample train. time: 0.0020939755283929163 seconds
Epoch 16 Training Summary: epoch: 16.000000 | loss: 0.370619 | 
Epoch runtime: 0.0 hours, 0.0 minutes, 0.45388293266296387 seconds

Avg epoch train. time: 0.0 hours, 0.0 minutes, 0.4288405030965805 seconds
Avg batch train. time: 0.10721012577414513 seconds
Avg sample train. time: 0.0021021593289048063 seconds
Evaluating on validation set ...
Validation runtime: 0.0 hours, 0.0 minutes, 0.19554543495178223 seconds

Avg val. time: 0.0 hours, 0.0 minutes, 0.250168514251709 seconds
Avg batch val. time: 0.06254212856292725 seconds
Avg sample val. time: 0.0012203342158619952 seconds
Epoch 16 Validation Summary: epoch: 16.000000 | loss: 0.569046 | accuracy: 0.721951 | precision: 0.694371 | AUROC: 0.707326 | AUPRC: 0.483756 | 
Epoch 17 Training Summary: epoch: 17.000000 | loss: 0.357664 | 
Epoch runtime: 0.0 hours, 0.0 minutes, 0.4502987861633301 seconds

Avg epoch train. time: 0.0 hours, 0.0 minutes, 0.43010275504168344 seconds
Avg batch train. time: 0.10752568876042086 seconds
Avg sample train. time: 0.0021083468384396247 seconds
Epoch 18 Training Summary: epoch: 18.000000 | loss: 0.332451 | 
Epoch runtime: 0.0 hours, 0.0 minutes, 0.4394373893737793 seconds

Avg epoch train. time: 0.0 hours, 0.0 minutes, 0.43062134583791095 seconds
Avg batch train. time: 0.10765533645947774 seconds
Avg sample train. time: 0.002110888950185838 seconds
Evaluating on validation set ...
Validation runtime: 0.0 hours, 0.0 minutes, 0.19949102401733398 seconds

Avg val. time: 0.0 hours, 0.0 minutes, 0.24556146968494763 seconds
Avg batch val. time: 0.06139036742123691 seconds
Avg sample val. time: 0.0011978608277314518 seconds
Epoch 18 Validation Summary: epoch: 18.000000 | loss: 0.593654 | accuracy: 0.731707 | precision: 0.706367 | AUROC: 0.709697 | AUPRC: 0.497694 | 
Epoch 19 Training Summary: epoch: 19.000000 | loss: 0.311964 | 
Epoch runtime: 0.0 hours, 0.0 minutes, 0.4431896209716797 seconds

Avg epoch train. time: 0.0 hours, 0.0 minutes, 0.43128283400284617 seconds
Avg batch train. time: 0.10782070850071154 seconds
Avg sample train. time: 0.002114131539229638 seconds
Epoch 20 Training Summary: epoch: 20.000000 | loss: 0.330724 | 
Epoch runtime: 0.0 hours, 0.0 minutes, 0.4324338436126709 seconds

Avg epoch train. time: 0.0 hours, 0.0 minutes, 0.4313403844833374 seconds
Avg batch train. time: 0.10783509612083435 seconds
Avg sample train. time: 0.0021144136494281244 seconds
Evaluating on validation set ...
Validation runtime: 0.0 hours, 0.0 minutes, 0.19872212409973145 seconds

Avg val. time: 0.0 hours, 0.0 minutes, 0.2416581908861796 seconds
Avg batch val. time: 0.0604145477215449 seconds
Avg sample val. time: 0.0011788204433472176 seconds
Epoch 20 Validation Summary: epoch: 20.000000 | loss: 0.609649 | accuracy: 0.721951 | precision: 0.704030 | AUROC: 0.714201 | AUPRC: 0.501574 | 
Epoch 21 Training Summary: epoch: 21.000000 | loss: 0.292075 | 
Epoch runtime: 0.0 hours, 0.0 minutes, 0.46305203437805176 seconds

Avg epoch train. time: 0.0 hours, 0.0 minutes, 0.4328504630497524 seconds
Avg batch train. time: 0.1082126157624381 seconds
Avg sample train. time: 0.0021218159953419235 seconds
Epoch 22 Training Summary: epoch: 22.000000 | loss: 0.277566 | 
Epoch runtime: 0.0 hours, 0.0 minutes, 0.45740818977355957 seconds

Avg epoch train. time: 0.0 hours, 0.0 minutes, 0.43396672335537995 seconds
Avg batch train. time: 0.10849168083884499 seconds
Avg sample train. time: 0.002127287859585196 seconds
Evaluating on validation set ...
Validation runtime: 0.0 hours, 0.0 minutes, 0.21088743209838867 seconds

Avg val. time: 0.0 hours, 0.0 minutes, 0.2392912094409649 seconds
Avg batch val. time: 0.05982280236024123 seconds
Avg sample val. time: 0.0011672741923949507 seconds
Epoch 22 Validation Summary: epoch: 22.000000 | loss: 0.739786 | accuracy: 0.712195 | precision: 0.696011 | AUROC: 0.702110 | AUPRC: 0.427712 | 
Epoch 23 Training Summary: epoch: 23.000000 | loss: 0.292592 | 
Epoch runtime: 0.0 hours, 0.0 minutes, 0.4493861198425293 seconds

Avg epoch train. time: 0.0 hours, 0.0 minutes, 0.4346371318982995 seconds
Avg batch train. time: 0.10865928297457488 seconds
Avg sample train. time: 0.0021305741759720565 seconds
Epoch 24 Training Summary: epoch: 24.000000 | loss: 0.271420 | 
Epoch runtime: 0.0 hours, 0.0 minutes, 0.45087289810180664 seconds

Avg epoch train. time: 0.0 hours, 0.0 minutes, 0.435313622156779 seconds
Avg batch train. time: 0.10882840553919475 seconds
Avg sample train. time: 0.0021338903046900933 seconds
Evaluating on validation set ...
Validation runtime: 0.0 hours, 0.0 minutes, 0.2086021900177002 seconds

Avg val. time: 0.0 hours, 0.0 minutes, 0.23709913662501744 seconds
Avg batch val. time: 0.05927478415625436 seconds
Avg sample val. time: 0.0011565811542683779 seconds
Epoch 24 Validation Summary: epoch: 24.000000 | loss: 0.621097 | accuracy: 0.712195 | precision: 0.685059 | AUROC: 0.697013 | AUPRC: 0.474398 | 
Epoch 25 Training Summary: epoch: 25.000000 | loss: 0.275981 | 
Epoch runtime: 0.0 hours, 0.0 minutes, 0.45447468757629395 seconds

Avg epoch train. time: 0.0 hours, 0.0 minutes, 0.4360800647735596 seconds
Avg batch train. time: 0.1090200161933899 seconds
Avg sample train. time: 0.0021376473763409782 seconds
Epoch 26 Training Summary: epoch: 26.000000 | loss: 0.245443 | 
Epoch runtime: 0.0 hours, 0.0 minutes, 0.4466886520385742 seconds

Avg epoch train. time: 0.0 hours, 0.0 minutes, 0.4364880873606755 seconds
Avg batch train. time: 0.10912202184016888 seconds
Avg sample train. time: 0.0021396474870621347 seconds
Evaluating on validation set ...
Validation runtime: 0.0 hours, 0.0 minutes, 0.205916166305542 seconds

Avg val. time: 0.0 hours, 0.0 minutes, 0.2350202719370524 seconds
Avg batch val. time: 0.0587550679842631 seconds
Avg sample val. time: 0.0011464403509124509 seconds
Epoch 26 Validation Summary: epoch: 26.000000 | loss: 0.630055 | accuracy: 0.726829 | precision: 0.701435 | AUROC: 0.708985 | AUPRC: 0.490780 | 
Epoch 27 Training Summary: epoch: 27.000000 | loss: 0.245929 | 
Epoch runtime: 0.0 hours, 0.0 minutes, 0.4477524757385254 seconds

Avg epoch train. time: 0.0 hours, 0.0 minutes, 0.4369052869302255 seconds
Avg batch train. time: 0.10922632173255638 seconds
Avg sample train. time: 0.0021416925829913017 seconds
Epoch 28 Training Summary: epoch: 28.000000 | loss: 0.219623 | 
Epoch runtime: 0.0 hours, 0.0 minutes, 0.43894362449645996 seconds

Avg epoch train. time: 0.0 hours, 0.0 minutes, 0.4369780847004482 seconds
Avg batch train. time: 0.10924452117511205 seconds
Avg sample train. time: 0.0021420494348061187 seconds
Evaluating on validation set ...
Validation runtime: 0.0 hours, 0.0 minutes, 0.20319628715515137 seconds

Avg val. time: 0.0 hours, 0.0 minutes, 0.2330312728881836 seconds
Avg batch val. time: 0.0582578182220459 seconds
Avg sample val. time: 0.0011367379165277249 seconds
Epoch 28 Validation Summary: epoch: 28.000000 | loss: 0.634693 | accuracy: 0.697561 | precision: 0.684813 | AUROC: 0.708393 | AUPRC: 0.507852 | 
Epoch 29 Training Summary: epoch: 29.000000 | loss: 0.229612 | 
Epoch runtime: 0.0 hours, 0.0 minutes, 0.45592594146728516 seconds

Avg epoch train. time: 0.0 hours, 0.0 minutes, 0.4376314590717184 seconds
Avg batch train. time: 0.1094078647679296 seconds
Avg sample train. time: 0.002145252250351561 seconds
Epoch 30 Training Summary: epoch: 30.000000 | loss: 0.218633 | 
Epoch runtime: 0.0 hours, 0.0 minutes, 0.43610453605651855 seconds

Avg epoch train. time: 0.0 hours, 0.0 minutes, 0.4375805616378784 seconds
Avg batch train. time: 0.1093951404094696 seconds
Avg sample train. time: 0.0021450027531268547 seconds
Evaluating on validation set ...
Validation runtime: 0.0 hours, 0.0 minutes, 0.20677971839904785 seconds

Avg val. time: 0.0 hours, 0.0 minutes, 0.23148706380058737 seconds
Avg batch val. time: 0.05787176595014684 seconds
Avg sample val. time: 0.0011292051892711579 seconds
Epoch 30 Validation Summary: epoch: 30.000000 | loss: 0.654507 | accuracy: 0.707317 | precision: 0.701117 | AUROC: 0.706496 | AUPRC: 0.501738 | 
Epoch 31 Training Summary: epoch: 31.000000 | loss: 0.225975 | 
Epoch runtime: 0.0 hours, 0.0 minutes, 0.45708465576171875 seconds

Avg epoch train. time: 0.0 hours, 0.0 minutes, 0.4382097259644539 seconds
Avg batch train. time: 0.10955243149111348 seconds
Avg sample train. time: 0.002148086891982617 seconds
Epoch 32 Training Summary: epoch: 32.000000 | loss: 0.199569 | 
Epoch runtime: 0.0 hours, 0.0 minutes, 0.4519479274749756 seconds

Avg epoch train. time: 0.0 hours, 0.0 minutes, 0.4386390447616577 seconds
Avg batch train. time: 0.10965976119041443 seconds
Avg sample train. time: 0.002150191395890479 seconds
Evaluating on validation set ...
Validation runtime: 0.0 hours, 0.0 minutes, 0.19447946548461914 seconds

Avg val. time: 0.0 hours, 0.0 minutes, 0.22943108611636692 seconds
Avg batch val. time: 0.05735777152909173 seconds
Avg sample val. time: 0.0011191760298359362 seconds
Epoch 32 Validation Summary: epoch: 32.000000 | loss: 0.749025 | accuracy: 0.702439 | precision: 0.691490 | AUROC: 0.697843 | AUPRC: 0.463816 | 
Epoch 33 Training Summary: epoch: 33.000000 | loss: 0.183671 | 
Epoch runtime: 0.0 hours, 0.0 minutes, 0.4501216411590576 seconds

Avg epoch train. time: 0.0 hours, 0.0 minutes, 0.4389870022282456 seconds
Avg batch train. time: 0.1097467505570614 seconds
Avg sample train. time: 0.002151897069746302 seconds
Epoch 34 Training Summary: epoch: 34.000000 | loss: 0.215347 | 
Epoch runtime: 0.0 hours, 0.0 minutes, 0.4524550437927246 seconds

Avg epoch train. time: 0.0 hours, 0.0 minutes, 0.4393831210977891 seconds
Avg batch train. time: 0.10984578027444727 seconds
Avg sample train. time: 0.002153838828910731 seconds
Evaluating on validation set ...
Validation runtime: 0.0 hours, 0.0 minutes, 0.20423126220703125 seconds

Avg val. time: 0.0 hours, 0.0 minutes, 0.22810477959482292 seconds
Avg batch val. time: 0.05702619489870573 seconds
Avg sample val. time: 0.0011127062419259656 seconds
Epoch 34 Validation Summary: epoch: 34.000000 | loss: 0.613631 | accuracy: 0.717073 | precision: 0.705418 | AUROC: 0.691204 | AUPRC: 0.520017 | 
Epoch 35 Training Summary: epoch: 35.000000 | loss: 0.171299 | 
Epoch runtime: 0.0 hours, 0.0 minutes, 0.4413747787475586 seconds

Avg epoch train. time: 0.0 hours, 0.0 minutes, 0.43944002560206824 seconds
Avg batch train. time: 0.10986000640051706 seconds
Avg sample train. time: 0.0021541177725591582 seconds
Epoch 36 Training Summary: epoch: 36.000000 | loss: 0.175486 | 
Epoch runtime: 0.0 hours, 0.0 minutes, 0.45583558082580566 seconds

Avg epoch train. time: 0.0 hours, 0.0 minutes, 0.4398954576916165 seconds
Avg batch train. time: 0.10997386442290412 seconds
Avg sample train. time: 0.0021563502828020414 seconds
Evaluating on validation set ...
Validation runtime: 0.0 hours, 0.0 minutes, 0.2003459930419922 seconds

Avg val. time: 0.0 hours, 0.0 minutes, 0.2267168402671814 seconds
Avg batch val. time: 0.05667921006679535 seconds
Avg sample val. time: 0.0011059358061813727 seconds
Epoch 36 Validation Summary: epoch: 36.000000 | loss: 0.768949 | accuracy: 0.707317 | precision: 0.701117 | AUROC: 0.710645 | AUPRC: 0.520650 | 
Epoch 37 Training Summary: epoch: 37.000000 | loss: 0.172459 | 
Epoch runtime: 0.0 hours, 0.0 minutes, 0.42307353019714355 seconds

Avg epoch train. time: 0.0 hours, 0.0 minutes, 0.43944081100257665 seconds
Avg batch train. time: 0.10986020275064416 seconds
Avg sample train. time: 0.0021541216225616504 seconds
Epoch 38 Training Summary: epoch: 38.000000 | loss: 0.166008 | 
Epoch runtime: 0.0 hours, 0.0 minutes, 0.46285009384155273 seconds

Avg epoch train. time: 0.0 hours, 0.0 minutes, 0.4400568447614971 seconds
Avg batch train. time: 0.11001421119037427 seconds
Avg sample train. time: 0.0021571413958896917 seconds
Evaluating on validation set ...
Validation runtime: 0.0 hours, 0.0 minutes, 0.19917058944702148 seconds

Avg val. time: 0.0 hours, 0.0 minutes, 0.22540511403764998 seconds
Avg batch val. time: 0.056351278509412496 seconds
Avg sample val. time: 0.001099537141647073 seconds
Epoch 38 Validation Summary: epoch: 38.000000 | loss: 0.719641 | accuracy: 0.702439 | precision: 0.697681 | AUROC: 0.694761 | AUPRC: 0.492194 | 
Epoch 39 Training Summary: epoch: 39.000000 | loss: 0.148992 | 
Epoch runtime: 0.0 hours, 0.0 minutes, 0.46189260482788086 seconds

Avg epoch train. time: 0.0 hours, 0.0 minutes, 0.44061673604525053 seconds
Avg batch train. time: 0.11015418401131263 seconds
Avg sample train. time: 0.00215988596100613 seconds
Epoch 40 Training Summary: epoch: 40.000000 | loss: 0.154585 | 
Epoch runtime: 0.0 hours, 0.0 minutes, 0.4499471187591553 seconds

Avg epoch train. time: 0.0 hours, 0.0 minutes, 0.4408499956130981 seconds
Avg batch train. time: 0.11021249890327453 seconds
Avg sample train. time: 0.002161029390260285 seconds
Evaluating on validation set ...
Validation runtime: 0.0 hours, 0.0 minutes, 0.19569921493530273 seconds

Avg val. time: 0.0 hours, 0.0 minutes, 0.22405484589663419 seconds
Avg batch val. time: 0.056013711474158547 seconds
Avg sample val. time: 0.0010929504677884595 seconds
Epoch 40 Validation Summary: epoch: 40.000000 | loss: 0.885810 | accuracy: 0.707317 | precision: 0.707317 | AUROC: 0.661807 | AUPRC: 0.430275 | 
Epoch 41 Training Summary: epoch: 41.000000 | loss: 0.126538 | 
Epoch runtime: 0.0 hours, 0.0 minutes, 0.515833854675293 seconds

Avg epoch train. time: 0.0 hours, 0.0 minutes, 0.4426788702243712 seconds
Avg batch train. time: 0.1106697175560928 seconds
Avg sample train. time: 0.0021699944618841726 seconds
Epoch 42 Training Summary: epoch: 42.000000 | loss: 0.141155 | 
Epoch runtime: 0.0 hours, 0.0 minutes, 0.500741720199585 seconds

Avg epoch train. time: 0.0 hours, 0.0 minutes, 0.44406131903330487 seconds
Avg batch train. time: 0.11101532975832622 seconds
Avg sample train. time: 0.0021767711717318866 seconds
Evaluating on validation set ...
Validation runtime: 0.0 hours, 0.0 minutes, 0.2177867889404297 seconds

Avg val. time: 0.0 hours, 0.0 minutes, 0.22378232168114703 seconds
Avg batch val. time: 0.05594558042028676 seconds
Avg sample val. time: 0.001091621081371449 seconds
Epoch 42 Validation Summary: epoch: 42.000000 | loss: 0.830039 | accuracy: 0.697561 | precision: 0.704187 | AUROC: 0.651257 | AUPRC: 0.443083 | 
Epoch 43 Training Summary: epoch: 43.000000 | loss: 0.112658 | 
Epoch runtime: 0.0 hours, 0.0 minutes, 0.4787719249725342 seconds

Avg epoch train. time: 0.0 hours, 0.0 minutes, 0.44486854242724044 seconds
Avg batch train. time: 0.11121713560681011 seconds
Avg sample train. time: 0.0021807281491531393 seconds
Epoch 44 Training Summary: epoch: 44.000000 | loss: 0.099132 | 
Epoch runtime: 0.0 hours, 0.0 minutes, 0.5081892013549805 seconds

Avg epoch train. time: 0.0 hours, 0.0 minutes, 0.4463076483119618 seconds
Avg batch train. time: 0.11157691207799045 seconds
Avg sample train. time: 0.0021877825897645186 seconds
Evaluating on validation set ...
Validation runtime: 0.0 hours, 0.0 minutes, 0.21585392951965332 seconds

Avg val. time: 0.0 hours, 0.0 minutes, 0.22345197200775146 seconds
Avg batch val. time: 0.055862993001937866 seconds
Avg sample val. time: 0.001090009619550007 seconds
Epoch 44 Validation Summary: epoch: 44.000000 | loss: 0.905128 | accuracy: 0.673171 | precision: 0.692979 | AUROC: 0.685040 | AUPRC: 0.483784 | 
Epoch 45 Training Summary: epoch: 45.000000 | loss: 0.103682 | 
Epoch runtime: 0.0 hours, 0.0 minutes, 0.463547945022583 seconds

Avg epoch train. time: 0.0 hours, 0.0 minutes, 0.44669076601664226 seconds
Avg batch train. time: 0.11167269150416057 seconds
Avg sample train. time: 0.0021896606177286386 seconds
Epoch 46 Training Summary: epoch: 46.000000 | loss: 0.094818 | 
Epoch runtime: 0.0 hours, 0.0 minutes, 0.4526705741882324 seconds

Avg epoch train. time: 0.0 hours, 0.0 minutes, 0.4468207618464594 seconds
Avg batch train. time: 0.11170519046161485 seconds
Avg sample train. time: 0.0021902978521885267 seconds
Evaluating on validation set ...
Validation runtime: 0.0 hours, 0.0 minutes, 0.20125055313110352 seconds

Avg val. time: 0.0 hours, 0.0 minutes, 0.22256391525268554 seconds
Avg batch val. time: 0.055640978813171385 seconds
Avg sample val. time: 0.0010856776353789538 seconds
Epoch 46 Validation Summary: epoch: 46.000000 | loss: 0.990277 | accuracy: 0.668293 | precision: 0.686436 | AUROC: 0.655761 | AUPRC: 0.463836 | 
Epoch 47 Training Summary: epoch: 47.000000 | loss: 0.083303 | 
Epoch runtime: 0.0 hours, 0.0 minutes, 0.46509671211242676 seconds

Avg epoch train. time: 0.0 hours, 0.0 minutes, 0.4472096118521183 seconds
Avg batch train. time: 0.11180240296302958 seconds
Avg sample train. time: 0.002192203979667247 seconds
Epoch 48 Training Summary: epoch: 48.000000 | loss: 0.071617 | 
Epoch runtime: 0.0 hours, 0.0 minutes, 0.45746612548828125 seconds

Avg epoch train. time: 0.0 hours, 0.0 minutes, 0.4474232892195384 seconds
Avg batch train. time: 0.1118558223048846 seconds
Avg sample train. time: 0.0021932514177428353 seconds
Evaluating on validation set ...
Validation runtime: 0.0 hours, 0.0 minutes, 0.21685576438903809 seconds

Avg val. time: 0.0 hours, 0.0 minutes, 0.2223443709886991 seconds
Avg batch val. time: 0.05558609274717478 seconds
Avg sample val. time: 0.0010846066877497518 seconds
Epoch 48 Validation Summary: epoch: 48.000000 | loss: 0.973290 | accuracy: 0.668293 | precision: 0.686436 | AUROC: 0.627549 | AUPRC: 0.438536 | 
Epoch 49 Training Summary: epoch: 49.000000 | loss: 0.075923 | 
Epoch runtime: 0.0 hours, 0.0 minutes, 0.45509839057922363 seconds

Avg epoch train. time: 0.0 hours, 0.0 minutes, 0.4475799239411646 seconds
Avg batch train. time: 0.11189498098529115 seconds
Avg sample train. time: 0.0021940192350057086 seconds
Epoch 50 Training Summary: epoch: 50.000000 | loss: 0.080002 | 
Epoch runtime: 0.0 hours, 0.0 minutes, 0.44791197776794434 seconds

Avg epoch train. time: 0.0 hours, 0.0 minutes, 0.4475865650177002 seconds
Avg batch train. time: 0.11189664125442506 seconds
Avg sample train. time: 0.002194051789302452 seconds
Evaluating on validation set ...
Validation runtime: 0.0 hours, 0.0 minutes, 0.217362642288208 seconds

Avg val. time: 0.0 hours, 0.0 minutes, 0.22215986251831055 seconds
Avg batch val. time: 0.05553996562957764 seconds
Avg sample val. time: 0.001083706646430783 seconds
Epoch 50 Validation Summary: epoch: 50.000000 | loss: 1.181952 | accuracy: 0.658537 | precision: 0.684665 | AUROC: 0.646396 | AUPRC: 0.442187 | 
Epoch 51 Training Summary: epoch: 51.000000 | loss: 0.069129 | 
Epoch runtime: 0.0 hours, 0.0 minutes, 0.4609694480895996 seconds

Avg epoch train. time: 0.0 hours, 0.0 minutes, 0.44784897448969824 seconds
Avg batch train. time: 0.11196224362242456 seconds
Avg sample train. time: 0.0021953381102436187 seconds
Epoch 52 Training Summary: epoch: 52.000000 | loss: 0.063020 | 
Epoch runtime: 0.0 hours, 0.0 minutes, 0.45975446701049805 seconds

Avg epoch train. time: 0.0 hours, 0.0 minutes, 0.4480779262689444 seconds
Avg batch train. time: 0.1120194815672361 seconds
Avg sample train. time: 0.0021964604228869823 seconds
Evaluating on validation set ...
Validation runtime: 0.0 hours, 0.0 minutes, 0.20640349388122559 seconds

Avg val. time: 0.0 hours, 0.0 minutes, 0.22159713506698608 seconds
Avg batch val. time: 0.05539928376674652 seconds
Avg sample val. time: 0.0010809616344731028 seconds
Epoch 52 Validation Summary: epoch: 52.000000 | loss: 1.090765 | accuracy: 0.614634 | precision: 0.652836 | AUROC: 0.630749 | AUPRC: 0.438416 | 
Epoch 53 Training Summary: epoch: 53.000000 | loss: 0.071020 | 
Epoch runtime: 0.0 hours, 0.0 minutes, 0.43987250328063965 seconds

Avg epoch train. time: 0.0 hours, 0.0 minutes, 0.4479231069672783 seconds
Avg batch train. time: 0.11198077674181957 seconds
Avg sample train. time: 0.00219570150474156 seconds
Epoch 54 Training Summary: epoch: 54.000000 | loss: 0.052998 | 
Epoch runtime: 0.0 hours, 0.0 minutes, 0.46254897117614746 seconds

Avg epoch train. time: 0.0 hours, 0.0 minutes, 0.4481939563044795 seconds
Avg batch train. time: 0.11204848907611988 seconds
Avg sample train. time: 0.002197029197570978 seconds
Evaluating on validation set ...
Validation runtime: 0.0 hours, 0.0 minutes, 0.1985161304473877 seconds

Avg val. time: 0.0 hours, 0.0 minutes, 0.22080123835596546 seconds
Avg batch val. time: 0.055200309588991366 seconds
Avg sample val. time: 0.0010770792114925144 seconds
Epoch 54 Validation Summary: epoch: 54.000000 | loss: 1.203970 | accuracy: 0.653659 | precision: 0.681953 | AUROC: 0.643196 | AUPRC: 0.443440 | 
Epoch 55 Training Summary: epoch: 55.000000 | loss: 0.066161 | 
Epoch runtime: 0.0 hours, 0.0 minutes, 0.4603557586669922 seconds

Avg epoch train. time: 0.0 hours, 0.0 minutes, 0.4484150799837979 seconds
Avg batch train. time: 0.11210376999594948 seconds
Avg sample train. time: 0.00219811313717548 seconds
Epoch 56 Training Summary: epoch: 56.000000 | loss: 0.046022 | 
Epoch runtime: 0.0 hours, 0.0 minutes, 0.4639880657196045 seconds

Avg epoch train. time: 0.0 hours, 0.0 minutes, 0.4486931690147945 seconds
Avg batch train. time: 0.11217329225369863 seconds
Avg sample train. time: 0.0021994763186999732 seconds
Evaluating on validation set ...
Validation runtime: 0.0 hours, 0.0 minutes, 0.20497798919677734 seconds

Avg val. time: 0.0 hours, 0.0 minutes, 0.22027379671732586 seconds
Avg batch val. time: 0.055068449179331465 seconds
Avg sample val. time: 0.00107450632545037 seconds
Epoch 56 Validation Summary: epoch: 56.000000 | loss: 1.241019 | accuracy: 0.624390 | precision: 0.658069 | AUROC: 0.629801 | AUPRC: 0.434495 | 
Epoch 57 Training Summary: epoch: 57.000000 | loss: 0.061876 | 
Epoch runtime: 0.0 hours, 0.0 minutes, 0.4699430465698242 seconds

Avg epoch train. time: 0.0 hours, 0.0 minutes, 0.44906597388418096 seconds
Avg batch train. time: 0.11226649347104524 seconds
Avg sample train. time: 0.0022013037935499067 seconds
Epoch 58 Training Summary: epoch: 58.000000 | loss: 0.040218 | 
Epoch runtime: 0.0 hours, 0.0 minutes, 0.4547569751739502 seconds

Avg epoch train. time: 0.0 hours, 0.0 minutes, 0.44916409459607354 seconds
Avg batch train. time: 0.11229102364901838 seconds
Avg sample train. time: 0.002201784777431733 seconds
Evaluating on validation set ...
Validation runtime: 0.0 hours, 0.0 minutes, 0.20961332321166992 seconds

Avg val. time: 0.0 hours, 0.0 minutes, 0.2199299104752079 seconds
Avg batch val. time: 0.05498247761880198 seconds
Avg sample val. time: 0.0010728288315863801 seconds
Epoch 58 Validation Summary: epoch: 58.000000 | loss: 1.251998 | accuracy: 0.643902 | precision: 0.664903 | AUROC: 0.648886 | AUPRC: 0.441299 | 
Epoch 59 Training Summary: epoch: 59.000000 | loss: 0.047634 | 
Epoch runtime: 0.0 hours, 0.0 minutes, 0.47333478927612305 seconds

Avg epoch train. time: 0.0 hours, 0.0 minutes, 0.44957376738726085 seconds
Avg batch train. time: 0.11239344184681521 seconds
Avg sample train. time: 0.0022037929773885334 seconds
Epoch 60 Training Summary: epoch: 60.000000 | loss: 0.035797 | 
Epoch runtime: 0.0 hours, 0.0 minutes, 0.44979095458984375 seconds

Avg epoch train. time: 0.0 hours, 0.0 minutes, 0.44957738717397056 seconds
Avg batch train. time: 0.11239434679349264 seconds
Avg sample train. time: 0.002203810721441032 seconds
Evaluating on validation set ...
Validation runtime: 0.0 hours, 0.0 minutes, 0.21431684494018555 seconds

Avg val. time: 0.0 hours, 0.0 minutes, 0.21975450217723846 seconds
Avg batch val. time: 0.054938625544309616 seconds
Avg sample val. time: 0.0010719731813523827 seconds
Epoch 60 Validation Summary: epoch: 60.000000 | loss: 1.268621 | accuracy: 0.658537 | precision: 0.680837 | AUROC: 0.651257 | AUPRC: 0.440211 | 
Epoch 61 Training Summary: epoch: 61.000000 | loss: 0.044321 | 
Epoch runtime: 0.0 hours, 0.0 minutes, 0.45710039138793945 seconds

Avg epoch train. time: 0.0 hours, 0.0 minutes, 0.44970071511190446 seconds
Avg batch train. time: 0.11242517877797611 seconds
Avg sample train. time: 0.0022044152701563946 seconds
Epoch 62 Training Summary: epoch: 62.000000 | loss: 0.059418 | 
Epoch runtime: 0.0 hours, 0.0 minutes, 0.4722318649291992 seconds

Avg epoch train. time: 0.0 hours, 0.0 minutes, 0.4500641207541189 seconds
Avg batch train. time: 0.11251603018852972 seconds
Avg sample train. time: 0.002206196670363328 seconds
Evaluating on validation set ...
Validation runtime: 0.0 hours, 0.0 minutes, 0.20647096633911133 seconds

Avg val. time: 0.0 hours, 0.0 minutes, 0.21935197078820431 seconds
Avg batch val. time: 0.05483799269705108 seconds
Avg sample val. time: 0.0010700096136009966 seconds
Epoch 62 Validation Summary: epoch: 62.000000 | loss: 1.276289 | accuracy: 0.585366 | precision: 0.654500 | AUROC: 0.625652 | AUPRC: 0.425815 | 
Epoch 63 Training Summary: epoch: 63.000000 | loss: 0.056953 | 
Epoch runtime: 0.0 hours, 0.0 minutes, 0.46859025955200195 seconds

Avg epoch train. time: 0.0 hours, 0.0 minutes, 0.4503581864493234 seconds
Avg batch train. time: 0.11258954661233085 seconds
Avg sample train. time: 0.0022076381688692324 seconds
Epoch 64 Training Summary: epoch: 64.000000 | loss: 0.047053 | 
Epoch runtime: 0.0 hours, 0.0 minutes, 0.48401975631713867 seconds

Avg epoch train. time: 0.0 hours, 0.0 minutes, 0.450884148478508 seconds
Avg batch train. time: 0.112721037119627 seconds
Avg sample train. time: 0.0022102164141103334 seconds
Evaluating on validation set ...
Validation runtime: 0.0 hours, 0.0 minutes, 0.20917940139770508 seconds

Avg val. time: 0.0 hours, 0.0 minutes, 0.2190527775708367 seconds
Avg batch val. time: 0.05476319439270917 seconds
Avg sample val. time: 0.0010685501344918863 seconds
Epoch 64 Validation Summary: epoch: 64.000000 | loss: 1.290714 | accuracy: 0.668293 | precision: 0.686436 | AUROC: 0.673186 | AUPRC: 0.480840 | 
Epoch 65 Training Summary: epoch: 65.000000 | loss: 0.074133 | 
Epoch runtime: 0.0 hours, 0.0 minutes, 0.4710581302642822 seconds

Avg epoch train. time: 0.0 hours, 0.0 minutes, 0.45119451742905836 seconds
Avg batch train. time: 0.11279862935726459 seconds
Avg sample train. time: 0.0022117378305346 seconds
Epoch 66 Training Summary: epoch: 66.000000 | loss: 0.039581 | 
Epoch runtime: 0.0 hours, 0.0 minutes, 0.46845149993896484 seconds

Avg epoch train. time: 0.0 hours, 0.0 minutes, 0.45145598686102667 seconds
Avg batch train. time: 0.11286399671525667 seconds
Avg sample train. time: 0.0022130195434364053 seconds
Evaluating on validation set ...
Validation runtime: 0.0 hours, 0.0 minutes, 0.21085333824157715 seconds

Avg val. time: 0.0 hours, 0.0 minutes, 0.218818507875715 seconds
Avg batch val. time: 0.05470462696892875 seconds
Avg sample val. time: 0.0010674073554912927 seconds
Epoch 66 Validation Summary: epoch: 66.000000 | loss: 1.343724 | accuracy: 0.575610 | precision: 0.649529 | AUROC: 0.606804 | AUPRC: 0.414252 | 
Epoch 67 Training Summary: epoch: 67.000000 | loss: 0.077140 | 
Epoch runtime: 0.0 hours, 0.0 minutes, 0.4761233329772949 seconds

Avg epoch train. time: 0.0 hours, 0.0 minutes, 0.4518241562060456 seconds
Avg batch train. time: 0.1129560390515114 seconds
Avg sample train. time: 0.0022148242951276747 seconds
Epoch 68 Training Summary: epoch: 68.000000 | loss: 0.034151 | 
Epoch runtime: 0.0 hours, 0.0 minutes, 0.46198034286499023 seconds

Avg epoch train. time: 0.0 hours, 0.0 minutes, 0.4519735118922065 seconds
Avg batch train. time: 0.11299337797305163 seconds
Avg sample train. time: 0.0022155564308441495 seconds
Evaluating on validation set ...
Validation runtime: 0.0 hours, 0.0 minutes, 0.21648883819580078 seconds

Avg val. time: 0.0 hours, 0.0 minutes, 0.2187537948290507 seconds
Avg batch val. time: 0.05468844870726267 seconds
Avg sample val. time: 0.0010670916820929301 seconds
Epoch 68 Validation Summary: epoch: 68.000000 | loss: 1.303194 | accuracy: 0.668293 | precision: 0.664715 | AUROC: 0.627904 | AUPRC: 0.440195 | 
Epoch 69 Training Summary: epoch: 69.000000 | loss: 0.051656 | 
Epoch runtime: 0.0 hours, 0.0 minutes, 0.46372389793395996 seconds

Avg epoch train. time: 0.0 hours, 0.0 minutes, 0.45214380734208703 seconds
Avg batch train. time: 0.11303595183552176 seconds
Avg sample train. time: 0.002216391212461211 seconds
Epoch 70 Training Summary: epoch: 70.000000 | loss: 0.040084 | 
Epoch runtime: 0.0 hours, 0.0 minutes, 0.4788625240325928 seconds

Avg epoch train. time: 0.0 hours, 0.0 minutes, 0.4525255032948085 seconds
Avg batch train. time: 0.11313137582370213 seconds
Avg sample train. time: 0.002218262271052983 seconds
Evaluating on validation set ...
Validation runtime: 0.0 hours, 0.0 minutes, 0.20759797096252441 seconds

Avg val. time: 0.0 hours, 0.0 minutes, 0.21845228607590134 seconds
Avg batch val. time: 0.054613071518975334 seconds
Avg sample val. time: 0.0010656209076873235 seconds
Epoch 70 Validation Summary: epoch: 70.000000 | loss: 1.402272 | accuracy: 0.682927 | precision: 0.677821 | AUROC: 0.608701 | AUPRC: 0.412447 | 
Epoch 71 Training Summary: epoch: 71.000000 | loss: 0.031578 | 
Epoch runtime: 0.0 hours, 0.0 minutes, 0.47142648696899414 seconds

Avg epoch train. time: 0.0 hours, 0.0 minutes, 0.4527917143324731 seconds
Avg batch train. time: 0.11319792858311828 seconds
Avg sample train. time: 0.002219567227119966 seconds
Epoch 72 Training Summary: epoch: 72.000000 | loss: 0.044264 | 
Epoch runtime: 0.0 hours, 0.0 minutes, 0.48701977729797363 seconds

Avg epoch train. time: 0.0 hours, 0.0 minutes, 0.45326710409588283 seconds
Avg batch train. time: 0.11331677602397071 seconds
Avg sample train. time: 0.002221897569097465 seconds
Evaluating on validation set ...
Validation runtime: 0.0 hours, 0.0 minutes, 0.22206568717956543 seconds

Avg val. time: 0.0 hours, 0.0 minutes, 0.21854737557862935 seconds
Avg batch val. time: 0.05463684389465734 seconds
Avg sample val. time: 0.0010660847589201432 seconds
Epoch 72 Validation Summary: epoch: 72.000000 | loss: 1.499388 | accuracy: 0.595122 | precision: 0.638410 | AUROC: 0.598032 | AUPRC: 0.389591 | 
Epoch 73 Training Summary: epoch: 73.000000 | loss: 0.028579 | 
Epoch runtime: 0.0 hours, 0.0 minutes, 0.46183252334594727 seconds

Avg epoch train. time: 0.0 hours, 0.0 minutes, 0.4533844386061577 seconds
Avg batch train. time: 0.11334610965153942 seconds
Avg sample train. time: 0.0022224727382654788 seconds
Epoch 74 Training Summary: epoch: 74.000000 | loss: 0.019148 | 
Epoch runtime: 0.0 hours, 0.0 minutes, 0.460111141204834 seconds

Avg epoch train. time: 0.0 hours, 0.0 minutes, 0.4534753399926263 seconds
Avg batch train. time: 0.11336883499815657 seconds
Avg sample train. time: 0.0022229183332971875 seconds
Evaluating on validation set ...
Validation runtime: 0.0 hours, 0.0 minutes, 0.20487356185913086 seconds

Avg val. time: 0.0 hours, 0.0 minutes, 0.21819676497043708 seconds
Avg batch val. time: 0.05454919124260927 seconds
Avg sample val. time: 0.0010643744632704247 seconds
Epoch 74 Validation Summary: epoch: 74.000000 | loss: 1.527645 | accuracy: 0.663415 | precision: 0.672512 | AUROC: 0.650545 | AUPRC: 0.429327 | 
Epoch 75 Training Summary: epoch: 75.000000 | loss: 0.019451 | 
Epoch runtime: 0.0 hours, 0.0 minutes, 0.4583573341369629 seconds

Avg epoch train. time: 0.0 hours, 0.0 minutes, 0.4535404332478841 seconds
Avg batch train. time: 0.11338510831197103 seconds
Avg sample train. time: 0.002223237417881785 seconds
Epoch 76 Training Summary: epoch: 76.000000 | loss: 0.026958 | 
Epoch runtime: 0.0 hours, 0.0 minutes, 0.44936227798461914 seconds

Avg epoch train. time: 0.0 hours, 0.0 minutes, 0.4534854575207359 seconds
Avg batch train. time: 0.11337136438018397 seconds
Avg sample train. time: 0.0022229679290232153 seconds
Evaluating on validation set ...
Validation runtime: 0.0 hours, 0.0 minutes, 0.21692514419555664 seconds

Avg val. time: 0.0 hours, 0.0 minutes, 0.21816497445106506 seconds
Avg batch val. time: 0.054541243612766264 seconds
Avg sample val. time: 0.001064219387566171 seconds
Epoch 76 Validation Summary: epoch: 76.000000 | loss: 1.451295 | accuracy: 0.658537 | precision: 0.658537 | AUROC: 0.622451 | AUPRC: 0.410557 | 
Epoch 77 Training Summary: epoch: 77.000000 | loss: 0.038116 | 
Epoch runtime: 0.0 hours, 0.0 minutes, 0.46870970726013184 seconds

Avg epoch train. time: 0.0 hours, 0.0 minutes, 0.453683175049819 seconds
Avg batch train. time: 0.11342079376245474 seconds
Avg sample train. time: 0.002223937132597152 seconds
Epoch 78 Training Summary: epoch: 78.000000 | loss: 0.021058 | 
Epoch runtime: 0.0 hours, 0.0 minutes, 0.46836042404174805 seconds

Avg epoch train. time: 0.0 hours, 0.0 minutes, 0.45387134490868986 seconds
Avg batch train. time: 0.11346783622717246 seconds
Avg sample train. time: 0.0022248595338661267 seconds
Evaluating on validation set ...
Validation runtime: 0.0 hours, 0.0 minutes, 0.21163249015808105 seconds

Avg val. time: 0.0 hours, 0.0 minutes, 0.21800564556587032 seconds
Avg batch val. time: 0.05450141139146758 seconds
Avg sample val. time: 0.0010634421734920503 seconds
Epoch 78 Validation Summary: epoch: 78.000000 | loss: 1.550589 | accuracy: 0.643902 | precision: 0.649638 | AUROC: 0.586060 | AUPRC: 0.383012 | 
Epoch 79 Training Summary: epoch: 79.000000 | loss: 0.024729 | 
Epoch runtime: 0.0 hours, 0.0 minutes, 0.47147655487060547 seconds

Avg epoch train. time: 0.0 hours, 0.0 minutes, 0.45409419566770143 seconds
Avg batch train. time: 0.11352354891692536 seconds
Avg sample train. time: 0.002225951939547556 seconds
Epoch 80 Training Summary: epoch: 80.000000 | loss: 0.009823 | 
Epoch runtime: 0.0 hours, 0.0 minutes, 0.4457283020019531 seconds

Avg epoch train. time: 0.0 hours, 0.0 minutes, 0.4539896219968796 seconds
Avg batch train. time: 0.1134974054992199 seconds
Avg sample train. time: 0.0022254393235141157 seconds
Evaluating on validation set ...
Validation runtime: 0.0 hours, 0.0 minutes, 0.20381617546081543 seconds

Avg val. time: 0.0 hours, 0.0 minutes, 0.2176678010395595 seconds
Avg batch val. time: 0.05441695025988987 seconds
Avg sample val. time: 0.0010617941514124852 seconds
Epoch 80 Validation Summary: epoch: 80.000000 | loss: 1.518403 | accuracy: 0.687805 | precision: 0.677814 | AUROC: 0.602537 | AUPRC: 0.415508 | 
Epoch 81 Training Summary: epoch: 81.000000 | loss: 0.010032 | 
Epoch runtime: 0.0 hours, 0.0 minutes, 0.4502992630004883 seconds

Avg epoch train. time: 0.0 hours, 0.0 minutes, 0.4539440620092698 seconds
Avg batch train. time: 0.11348601550231745 seconds
Avg sample train. time: 0.0022252159902415186 seconds
Epoch 82 Training Summary: epoch: 82.000000 | loss: 0.009424 | 
Epoch runtime: 0.0 hours, 0.0 minutes, 0.4574742317199707 seconds

Avg epoch train. time: 0.0 hours, 0.0 minutes, 0.4539871128594003 seconds
Avg batch train. time: 0.11349677821485007 seconds
Avg sample train. time: 0.00222542702382059 seconds
Evaluating on validation set ...
Validation runtime: 0.0 hours, 0.0 minutes, 0.21058297157287598 seconds

Avg val. time: 0.0 hours, 0.0 minutes, 0.21750303756359013 seconds
Avg batch val. time: 0.05437575939089753 seconds
Avg sample val. time: 0.0010609904271394641 seconds
Epoch 82 Validation Summary: epoch: 82.000000 | loss: 1.563480 | accuracy: 0.653659 | precision: 0.648030 | AUROC: 0.615635 | AUPRC: 0.417654 | 
Epoch 83 Training Summary: epoch: 83.000000 | loss: 0.011004 | 
Epoch runtime: 0.0 hours, 0.0 minutes, 0.47615551948547363 seconds

Avg epoch train. time: 0.0 hours, 0.0 minutes, 0.45425420209585904 seconds
Avg batch train. time: 0.11356355052396476 seconds
Avg sample train. time: 0.002226736284783623 seconds
Epoch 84 Training Summary: epoch: 84.000000 | loss: 0.010090 | 
Epoch runtime: 0.0 hours, 0.0 minutes, 0.47749924659729004 seconds

Avg epoch train. time: 0.0 hours, 0.0 minutes, 0.4545309288161142 seconds
Avg batch train. time: 0.11363273220402854 seconds
Avg sample train. time: 0.002228092788314285 seconds
Evaluating on validation set ...
Validation runtime: 0.0 hours, 0.0 minutes, 0.20821380615234375 seconds

Avg val. time: 0.0 hours, 0.0 minutes, 0.21729191866787997 seconds
Avg batch val. time: 0.054322979666969994 seconds
Avg sample val. time: 0.0010599605788677072 seconds
Epoch 84 Validation Summary: epoch: 84.000000 | loss: 1.656551 | accuracy: 0.648780 | precision: 0.656329 | AUROC: 0.624763 | AUPRC: 0.433405 | 
Epoch 85 Training Summary: epoch: 85.000000 | loss: 0.011079 | 
Epoch runtime: 0.0 hours, 0.0 minutes, 0.47415661811828613 seconds

Avg epoch train. time: 0.0 hours, 0.0 minutes, 0.45476181927849263 seconds
Avg batch train. time: 0.11369045481962316 seconds
Avg sample train. time: 0.0022292246043063364 seconds
Epoch 86 Training Summary: epoch: 86.000000 | loss: 0.010151 | 
Epoch runtime: 0.0 hours, 0.0 minutes, 0.4658961296081543 seconds

Avg epoch train. time: 0.0 hours, 0.0 minutes, 0.4548912880032562 seconds
Avg batch train. time: 0.11372282200081404 seconds
Avg sample train. time: 0.0022298592549179225 seconds
Evaluating on validation set ...
Validation runtime: 0.0 hours, 0.0 minutes, 0.20540976524353027 seconds

Avg val. time: 0.0 hours, 0.0 minutes, 0.21702787081400554 seconds
Avg batch val. time: 0.054256967703501385 seconds
Avg sample val. time: 0.0010586725405561247 seconds
Epoch 86 Validation Summary: epoch: 86.000000 | loss: 1.653638 | accuracy: 0.658537 | precision: 0.665900 | AUROC: 0.635017 | AUPRC: 0.439274 | 
Epoch 87 Training Summary: epoch: 87.000000 | loss: 0.005096 | 
Epoch runtime: 0.0 hours, 0.0 minutes, 0.47600221633911133 seconds

Avg epoch train. time: 0.0 hours, 0.0 minutes, 0.45513394235194415 seconds
Avg batch train. time: 0.11378348558798604 seconds
Avg sample train. time: 0.0022310487370193343 seconds
Epoch 88 Training Summary: epoch: 88.000000 | loss: 0.005441 | 
Epoch runtime: 0.0 hours, 0.0 minutes, 0.47309327125549316 seconds

Avg epoch train. time: 0.0 hours, 0.0 minutes, 0.455338025634939 seconds
Avg batch train. time: 0.11383450640873476 seconds
Avg sample train. time: 0.002232049145269309 seconds
Evaluating on validation set ...
Validation runtime: 0.0 hours, 0.0 minutes, 0.2153337001800537 seconds

Avg val. time: 0.0 hours, 0.0 minutes, 0.21699104101761527 seconds
Avg batch val. time: 0.054247760254403816 seconds
Avg sample val. time: 0.0010584928830127574 seconds
Epoch 88 Validation Summary: epoch: 88.000000 | loss: 1.651371 | accuracy: 0.663415 | precision: 0.665230 | AUROC: 0.641714 | AUPRC: 0.427184 | 
Epoch 89 Training Summary: epoch: 89.000000 | loss: 0.004328 | 
Epoch runtime: 0.0 hours, 0.0 minutes, 0.46300268173217773 seconds

Avg epoch train. time: 0.0 hours, 0.0 minutes, 0.45542414536636866 seconds
Avg batch train. time: 0.11385603634159217 seconds
Avg sample train. time: 0.002232471300815533 seconds
Epoch 90 Training Summary: epoch: 90.000000 | loss: 0.005327 | 
Epoch runtime: 0.0 hours, 0.0 minutes, 0.47445058822631836 seconds

Avg epoch train. time: 0.0 hours, 0.0 minutes, 0.4556355502870348 seconds
Avg batch train. time: 0.1139088875717587 seconds
Avg sample train. time: 0.0022335075994462487 seconds
Evaluating on validation set ...
Validation runtime: 0.0 hours, 0.0 minutes, 0.21658897399902344 seconds

Avg val. time: 0.0 hours, 0.0 minutes, 0.21698248640019843 seconds
Avg batch val. time: 0.05424562160004961 seconds
Avg sample val. time: 0.0010584511531716997 seconds
Epoch 90 Validation Summary: epoch: 90.000000 | loss: 1.683435 | accuracy: 0.663415 | precision: 0.668865 | AUROC: 0.649182 | AUPRC: 0.422122 | 
Epoch 91 Training Summary: epoch: 91.000000 | loss: 0.003788 | 
Epoch runtime: 0.0 hours, 0.0 minutes, 0.4725341796875 seconds

Avg epoch train. time: 0.0 hours, 0.0 minutes, 0.4558212495112157 seconds
Avg batch train. time: 0.11395531237780393 seconds
Avg sample train. time: 0.002234417889760861 seconds
Epoch 92 Training Summary: epoch: 92.000000 | loss: 0.003937 | 
Epoch runtime: 0.0 hours, 0.0 minutes, 0.44705700874328613 seconds

Avg epoch train. time: 0.0 hours, 0.0 minutes, 0.4557259860246078 seconds
Avg batch train. time: 0.11393149650615195 seconds
Avg sample train. time: 0.002233950911885332 seconds
Evaluating on validation set ...
Validation runtime: 0.0 hours, 0.0 minutes, 0.21712064743041992 seconds

Avg val. time: 0.0 hours, 0.0 minutes, 0.21698536475499472 seconds
Avg batch val. time: 0.05424634118874868 seconds
Avg sample val. time: 0.0010584651939268034 seconds
Epoch 92 Validation Summary: epoch: 92.000000 | loss: 1.702940 | accuracy: 0.668293 | precision: 0.671875 | AUROC: 0.651079 | AUPRC: 0.416721 | 
Epoch 93 Training Summary: epoch: 93.000000 | loss: 0.005826 | 
Epoch runtime: 0.0 hours, 0.0 minutes, 0.46488213539123535 seconds

Avg epoch train. time: 0.0 hours, 0.0 minutes, 0.4558244392436038 seconds
Avg batch train. time: 0.11395610981090094 seconds
Avg sample train. time: 0.00223443352570394 seconds
Epoch 94 Training Summary: epoch: 94.000000 | loss: 0.005526 | 
Epoch runtime: 0.0 hours, 0.0 minutes, 0.4573662281036377 seconds

Avg epoch train. time: 0.0 hours, 0.0 minutes, 0.4558408412527531 seconds
Avg batch train. time: 0.11396021031318827 seconds
Avg sample train. time: 0.002234513927709574 seconds
Evaluating on validation set ...
Validation runtime: 0.0 hours, 0.0 minutes, 0.21887469291687012 seconds

Avg val. time: 0.0 hours, 0.0 minutes, 0.217023922472584 seconds
Avg batch val. time: 0.054255980618146 seconds
Avg sample val. time: 0.0010586532803540684 seconds
Epoch 94 Validation Summary: epoch: 94.000000 | loss: 1.701067 | accuracy: 0.658537 | precision: 0.662217 | AUROC: 0.650782 | AUPRC: 0.406916 | 
Epoch 95 Training Summary: epoch: 95.000000 | loss: 0.005455 | 
Epoch runtime: 0.0 hours, 0.0 minutes, 0.4692800045013428 seconds

Avg epoch train. time: 0.0 hours, 0.0 minutes, 0.455982306129054 seconds
Avg batch train. time: 0.1139955765322635 seconds
Avg sample train. time: 0.002235207382985559 seconds
Epoch 96 Training Summary: epoch: 96.000000 | loss: 0.005765 | 
Epoch runtime: 0.0 hours, 0.0 minutes, 0.48914074897766113 seconds

Avg epoch train. time: 0.0 hours, 0.0 minutes, 0.4563277065753937 seconds
Avg batch train. time: 0.11408192664384842 seconds
Avg sample train. time: 0.0022369005224284005 seconds
Evaluating on validation set ...
Validation runtime: 0.0 hours, 0.0 minutes, 0.2156989574432373 seconds

Avg val. time: 0.0 hours, 0.0 minutes, 0.21699742317199708 seconds
Avg batch val. time: 0.05424935579299927 seconds
Avg sample val. time: 0.0010585240154731565 seconds
Epoch 96 Validation Summary: epoch: 96.000000 | loss: 1.697952 | accuracy: 0.653659 | precision: 0.644238 | AUROC: 0.637624 | AUPRC: 0.380813 | 
Epoch 97 Training Summary: epoch: 97.000000 | loss: 0.006811 | 
Epoch runtime: 0.0 hours, 0.0 minutes, 0.44922375679016113 seconds

Avg epoch train. time: 0.0 hours, 0.0 minutes, 0.4562544699796696 seconds
Avg batch train. time: 0.1140636174949174 seconds
Avg sample train. time: 0.0022365415195081846 seconds
Epoch 98 Training Summary: epoch: 98.000000 | loss: 0.002544 | 
Epoch runtime: 0.0 hours, 0.0 minutes, 0.48155760765075684 seconds

Avg epoch train. time: 0.0 hours, 0.0 minutes, 0.45651266526202766 seconds
Avg batch train. time: 0.11412816631550692 seconds
Avg sample train. time: 0.0022378071826569985 seconds
Evaluating on validation set ...
Validation runtime: 0.0 hours, 0.0 minutes, 0.2192540168762207 seconds

Avg val. time: 0.0 hours, 0.0 minutes, 0.217041670107374 seconds
Avg batch val. time: 0.0542604175268435 seconds
Avg sample val. time: 0.001058739854182312 seconds
Epoch 98 Validation Summary: epoch: 98.000000 | loss: 1.719715 | accuracy: 0.692683 | precision: 0.684501 | AUROC: 0.659969 | AUPRC: 0.460430 | 
Epoch 99 Training Summary: epoch: 99.000000 | loss: 0.011611 | 
Epoch runtime: 0.0 hours, 0.0 minutes, 0.4945375919342041 seconds

Avg epoch train. time: 0.0 hours, 0.0 minutes, 0.4568967554304335 seconds
Avg batch train. time: 0.11422418885760838 seconds
Avg sample train. time: 0.0022396899776001645 seconds
Epoch 100 Training Summary: epoch: 100.000000 | loss: 0.002712 | 
Epoch runtime: 0.0 hours, 0.0 minutes, 0.4745464324951172 seconds

Avg epoch train. time: 0.0 hours, 0.0 minutes, 0.4570732522010803 seconds
Avg batch train. time: 0.11426831305027008 seconds
Avg sample train. time: 0.0022405551578484327 seconds
Evaluating on validation set ...
Validation runtime: 0.0 hours, 0.0 minutes, 0.2175304889678955 seconds

Avg val. time: 0.0 hours, 0.0 minutes, 0.21705107047007635 seconds
Avg batch val. time: 0.05426276761751909 seconds
Avg sample val. time: 0.0010587857096101285 seconds
Epoch 100 Validation Summary: epoch: 100.000000 | loss: 1.728231 | accuracy: 0.692683 | precision: 0.681271 | AUROC: 0.637091 | AUPRC: 0.442148 | 
Epoch 101 Training Summary: epoch: 101.000000 | loss: 0.003493 | 
Epoch runtime: 0.0 hours, 0.0 minutes, 0.47989964485168457 seconds

Avg epoch train. time: 0.0 hours, 0.0 minutes, 0.4572992560887101 seconds
Avg batch train. time: 0.11432481402217752 seconds
Avg sample train. time: 0.0022416630200426963 seconds
Epoch 102 Training Summary: epoch: 102.000000 | loss: 0.009714 | 
Epoch runtime: 0.0 hours, 0.0 minutes, 0.47626757621765137 seconds

Avg epoch train. time: 0.0 hours, 0.0 minutes, 0.45748522001154285 seconds
Avg batch train. time: 0.11437130500288571 seconds
Avg sample train. time: 0.00224257460789972 seconds
Evaluating on validation set ...
Validation runtime: 0.0 hours, 0.0 minutes, 0.2102980613708496 seconds

Avg val. time: 0.0 hours, 0.0 minutes, 0.21692365520405318 seconds
Avg batch val. time: 0.054230913801013296 seconds
Avg sample val. time: 0.0010581641717270886 seconds
Epoch 102 Validation Summary: epoch: 102.000000 | loss: 1.764974 | accuracy: 0.663415 | precision: 0.668865 | AUROC: 0.624111 | AUPRC: 0.416465 | 
Epoch 103 Training Summary: epoch: 103.000000 | loss: 0.006535 | 
Epoch runtime: 0.0 hours, 0.0 minutes, 0.47347497940063477 seconds

Avg epoch train. time: 0.0 hours, 0.0 minutes, 0.45764046039396117 seconds
Avg batch train. time: 0.11441011509849029 seconds
Avg sample train. time: 0.0022433355901664764 seconds
Epoch 104 Training Summary: epoch: 104.000000 | loss: 0.005090 | 
Epoch runtime: 0.0 hours, 0.0 minutes, 0.4767484664916992 seconds

Avg epoch train. time: 0.0 hours, 0.0 minutes, 0.45782419122182405 seconds
Avg batch train. time: 0.11445604780545601 seconds
Avg sample train. time: 0.0022442362314795297 seconds
Evaluating on validation set ...
Validation runtime: 0.0 hours, 0.0 minutes, 0.21373701095581055 seconds

Avg val. time: 0.0 hours, 0.0 minutes, 0.2168646432735302 seconds
Avg batch val. time: 0.05421616081838255 seconds
Avg sample val. time: 0.0010578763086513667 seconds
Epoch 104 Validation Summary: epoch: 104.000000 | loss: 1.770982 | accuracy: 0.653659 | precision: 0.666717 | AUROC: 0.644085 | AUPRC: 0.416106 | 
Epoch 105 Training Summary: epoch: 105.000000 | loss: 0.003425 | 
Epoch runtime: 0.0 hours, 0.0 minutes, 0.470508337020874 seconds

Avg epoch train. time: 0.0 hours, 0.0 minutes, 0.45794499261038646 seconds
Avg batch train. time: 0.11448624815259661 seconds
Avg sample train. time: 0.0022448283951489534 seconds
Epoch 106 Training Summary: epoch: 106.000000 | loss: 0.006273 | 
Epoch runtime: 0.0 hours, 0.0 minutes, 0.4849433898925781 seconds

Avg epoch train. time: 0.0 hours, 0.0 minutes, 0.4581996944715392 seconds
Avg batch train. time: 0.1145499236178848 seconds
Avg sample train. time: 0.0022460769336840156 seconds
Evaluating on validation set ...
Validation runtime: 0.0 hours, 0.0 minutes, 0.2229323387145996 seconds

Avg val. time: 0.0 hours, 0.0 minutes, 0.21697496500882235 seconds
Avg batch val. time: 0.05424374125220559 seconds
Avg sample val. time: 0.00105841446345767 seconds
Epoch 106 Validation Summary: epoch: 106.000000 | loss: 1.731465 | accuracy: 0.673171 | precision: 0.678478 | AUROC: 0.665837 | AUPRC: 0.469845 | 
Epoch 107 Training Summary: epoch: 107.000000 | loss: 0.002312 | 
Epoch runtime: 0.0 hours, 0.0 minutes, 0.4710726737976074 seconds

Avg epoch train. time: 0.0 hours, 0.0 minutes, 0.4583200026895398 seconds
Avg batch train. time: 0.11458000067238495 seconds
Avg sample train. time: 0.0022466666798506853 seconds
Epoch 108 Training Summary: epoch: 108.000000 | loss: 0.004471 | 
Epoch runtime: 0.0 hours, 0.0 minutes, 0.47562074661254883 seconds

Avg epoch train. time: 0.0 hours, 0.0 minutes, 0.458480194762901 seconds
Avg batch train. time: 0.11462004869072526 seconds
Avg sample train. time: 0.00224745193511226 seconds
Evaluating on validation set ...
Validation runtime: 0.0 hours, 0.0 minutes, 0.2083425521850586 seconds

Avg val. time: 0.0 hours, 0.0 minutes, 0.21682081477982657 seconds
Avg batch val. time: 0.05420520369495664 seconds
Avg sample val. time: 0.001057662511121105 seconds
Epoch 108 Validation Summary: epoch: 108.000000 | loss: 1.645856 | accuracy: 0.653659 | precision: 0.670475 | AUROC: 0.664000 | AUPRC: 0.440846 | 
Epoch 109 Training Summary: epoch: 109.000000 | loss: 0.004869 | 
Epoch runtime: 0.0 hours, 0.0 minutes, 0.48908305168151855 seconds

Avg epoch train. time: 0.0 hours, 0.0 minutes, 0.4587609549181177 seconds
Avg batch train. time: 0.11469023872952942 seconds
Avg sample train. time: 0.00224882821038293 seconds
Epoch 110 Training Summary: epoch: 110.000000 | loss: 0.002638 | 
Epoch runtime: 0.0 hours, 0.0 minutes, 0.4900224208831787 seconds

Avg epoch train. time: 0.0 hours, 0.0 minutes, 0.45904515006325464 seconds
Avg batch train. time: 0.11476128751581366 seconds
Avg sample train. time: 0.0022502213238394836 seconds
Evaluating on validation set ...
Validation runtime: 0.0 hours, 0.0 minutes, 0.21746587753295898 seconds

Avg val. time: 0.0 hours, 0.0 minutes, 0.2168321316702324 seconds
Avg batch val. time: 0.0542080329175581 seconds
Avg sample val. time: 0.0010577177154645484 seconds
Epoch 110 Validation Summary: epoch: 110.000000 | loss: 1.744686 | accuracy: 0.624390 | precision: 0.650125 | AUROC: 0.652798 | AUPRC: 0.402040 | 
Epoch 111 Training Summary: epoch: 111.000000 | loss: 0.005152 | 
Epoch runtime: 0.0 hours, 0.0 minutes, 0.4875917434692383 seconds

Avg epoch train. time: 0.0 hours, 0.0 minutes, 0.45930232658042563 seconds
Avg batch train. time: 0.11482558164510641 seconds
Avg sample train. time: 0.002251481993041302 seconds
Epoch 112 Training Summary: epoch: 112.000000 | loss: 0.001758 | 
Epoch runtime: 0.0 hours, 0.0 minutes, 0.47945547103881836 seconds

Avg epoch train. time: 0.0 hours, 0.0 minutes, 0.45948226537023273 seconds
Avg batch train. time: 0.11487056634255818 seconds
Avg sample train. time: 0.002252364045932513 seconds
Evaluating on validation set ...
Validation runtime: 0.0 hours, 0.0 minutes, 0.20724010467529297 seconds

Avg val. time: 0.0 hours, 0.0 minutes, 0.21666675189445758 seconds
Avg batch val. time: 0.054166687973614396 seconds
Avg sample val. time: 0.0010569109848510127 seconds
Epoch 112 Validation Summary: epoch: 112.000000 | loss: 1.855167 | accuracy: 0.658537 | precision: 0.662217 | AUROC: 0.655761 | AUPRC: 0.405800 | 
Epoch 113 Training Summary: epoch: 113.000000 | loss: 0.002484 | 
Epoch runtime: 0.0 hours, 0.0 minutes, 0.47313404083251953 seconds

Avg epoch train. time: 0.0 hours, 0.0 minutes, 0.4596030775424653 seconds
Avg batch train. time: 0.11490076938561633 seconds
Avg sample train. time: 0.002252956262463065 seconds
Epoch 114 Training Summary: epoch: 114.000000 | loss: 0.002196 | 
Epoch runtime: 0.0 hours, 0.0 minutes, 0.4941403865814209 seconds

Avg epoch train. time: 0.0 hours, 0.0 minutes, 0.45990603639368427 seconds
Avg batch train. time: 0.11497650909842107 seconds
Avg sample train. time: 0.0022544413548710013 seconds
Evaluating on validation set ...
Validation runtime: 0.0 hours, 0.0 minutes, 0.20862102508544922 seconds

Avg val. time: 0.0 hours, 0.0 minutes, 0.21653038364345745 seconds
Avg batch val. time: 0.05413259591086436 seconds
Avg sample val. time: 0.0010562457738705242 seconds
Epoch 114 Validation Summary: epoch: 114.000000 | loss: 1.888030 | accuracy: 0.658537 | precision: 0.665900 | AUROC: 0.640410 | AUPRC: 0.414562 | 
Epoch 115 Training Summary: epoch: 115.000000 | loss: 0.003070 | 
Epoch runtime: 0.0 hours, 0.0 minutes, 0.49007701873779297 seconds

Avg epoch train. time: 0.0 hours, 0.0 minutes, 0.4601683927618939 seconds
Avg batch train. time: 0.11504209819047348 seconds
Avg sample train. time: 0.0022557274154994798 seconds
Epoch 116 Training Summary: epoch: 116.000000 | loss: 0.001708 | 
Epoch runtime: 0.0 hours, 0.0 minutes, 0.49752020835876465 seconds

Avg epoch train. time: 0.0 hours, 0.0 minutes, 0.46049039117221174 seconds
Avg batch train. time: 0.11512259779305294 seconds
Avg sample train. time: 0.0022573058390794693 seconds
Evaluating on validation set ...
Validation runtime: 0.0 hours, 0.0 minutes, 0.22275567054748535 seconds

Avg val. time: 0.0 hours, 0.0 minutes, 0.21663413842519125 seconds
Avg batch val. time: 0.05415853460629781 seconds
Avg sample val. time: 0.0010567518947570305 seconds
Epoch 116 Validation Summary: epoch: 116.000000 | loss: 1.986495 | accuracy: 0.653659 | precision: 0.662979 | AUROC: 0.622985 | AUPRC: 0.388604 | 
Epoch 117 Training Summary: epoch: 117.000000 | loss: 0.002366 | 
Epoch runtime: 0.0 hours, 0.0 minutes, 0.5010490417480469 seconds

Avg epoch train. time: 0.0 hours, 0.0 minutes, 0.46083704630533856 seconds
Avg batch train. time: 0.11520926157633464 seconds
Avg sample train. time: 0.002259005128947738 seconds
Epoch 118 Training Summary: epoch: 118.000000 | loss: 0.005403 | 
Epoch runtime: 0.0 hours, 0.0 minutes, 0.47417736053466797 seconds

Avg epoch train. time: 0.0 hours, 0.0 minutes, 0.4609500998157566 seconds
Avg batch train. time: 0.11523752495393914 seconds
Avg sample train. time: 0.002259559312822336 seconds
Evaluating on validation set ...
Validation runtime: 0.0 hours, 0.0 minutes, 0.2212982177734375 seconds

Avg val. time: 0.0 hours, 0.0 minutes, 0.2167105987423756 seconds
Avg batch val. time: 0.0541776496855939 seconds
Avg sample val. time: 0.0010571248719140273 seconds
Epoch 118 Validation Summary: epoch: 118.000000 | loss: 2.009561 | accuracy: 0.609756 | precision: 0.646184 | AUROC: 0.607871 | AUPRC: 0.346592 | 
Epoch 119 Training Summary: epoch: 119.000000 | loss: 0.004843 | 
Epoch runtime: 0.0 hours, 0.0 minutes, 0.47472691535949707 seconds

Avg epoch train. time: 0.0 hours, 0.0 minutes, 0.4610658713749477 seconds
Avg batch train. time: 0.11526646784373693 seconds
Avg sample train. time: 0.00226012682046543 seconds
Epoch 120 Training Summary: epoch: 120.000000 | loss: 0.004785 | 
Epoch runtime: 0.0 hours, 0.0 minutes, 0.495074987411499 seconds

Avg epoch train. time: 0.0 hours, 0.0 minutes, 0.46134928067525227 seconds
Avg batch train. time: 0.11533732016881307 seconds
Avg sample train. time: 0.0022615160817414325 seconds
Evaluating on validation set ...
Validation runtime: 0.0 hours, 0.0 minutes, 0.2180638313293457 seconds

Avg val. time: 0.0 hours, 0.0 minutes, 0.2167324250744235 seconds
Avg batch val. time: 0.054183106268605875 seconds
Avg sample val. time: 0.001057231341826456 seconds
Epoch 120 Validation Summary: epoch: 120.000000 | loss: 1.992941 | accuracy: 0.648780 | precision: 0.667673 | AUROC: 0.620377 | AUPRC: 0.385368 | 
Epoch 121 Training Summary: epoch: 121.000000 | loss: 0.002974 | 
Epoch runtime: 0.0 hours, 0.0 minutes, 0.4879186153411865 seconds

Avg epoch train. time: 0.0 hours, 0.0 minutes, 0.4615688619534831 seconds
Avg batch train. time: 0.11539221548837078 seconds
Avg sample train. time: 0.0022625924605562896 seconds
Epoch 122 Training Summary: epoch: 122.000000 | loss: 0.001832 | 
Epoch runtime: 0.0 hours, 0.0 minutes, 0.5015497207641602 seconds

Avg epoch train. time: 0.0 hours, 0.0 minutes, 0.4618965739109477 seconds
Avg batch train. time: 0.11547414347773692 seconds
Avg sample train. time: 0.002264198891720332 seconds
Evaluating on validation set ...
Validation runtime: 0.0 hours, 0.0 minutes, 0.2246110439300537 seconds

Avg val. time: 0.0 hours, 0.0 minutes, 0.21685748251657638 seconds
Avg batch val. time: 0.054214370629144096 seconds
Avg sample val. time: 0.001057841378129641 seconds
Epoch 122 Validation Summary: epoch: 122.000000 | loss: 1.992150 | accuracy: 0.682927 | precision: 0.681220 | AUROC: 0.627608 | AUPRC: 0.398042 | 
Epoch 123 Training Summary: epoch: 123.000000 | loss: 0.002227 | 
Epoch runtime: 0.0 hours, 0.0 minutes, 0.49704408645629883 seconds

Avg epoch train. time: 0.0 hours, 0.0 minutes, 0.4621823260454628 seconds
Avg batch train. time: 0.1155455815113657 seconds
Avg sample train. time: 0.0022655996374777586 seconds
Epoch 124 Training Summary: epoch: 124.000000 | loss: 0.006288 | 
Epoch runtime: 0.0 hours, 0.0 minutes, 0.48749732971191406 seconds

Avg epoch train. time: 0.0 hours, 0.0 minutes, 0.46238647930083737 seconds
Avg batch train. time: 0.11559661982520934 seconds
Avg sample train. time: 0.002266600388729595 seconds
Evaluating on validation set ...
Validation runtime: 0.0 hours, 0.0 minutes, 0.21397662162780762 seconds

Avg val. time: 0.0 hours, 0.0 minutes, 0.21681246906518936 seconds
Avg batch val. time: 0.05420311726629734 seconds
Avg sample val. time: 0.001057621800317997 seconds
Epoch 124 Validation Summary: epoch: 124.000000 | loss: 1.865608 | accuracy: 0.678049 | precision: 0.681533 | AUROC: 0.625296 | AUPRC: 0.405480 | 
Epoch 125 Training Summary: epoch: 125.000000 | loss: 0.001716 | 
Epoch runtime: 0.0 hours, 0.0 minutes, 0.4979076385498047 seconds

Avg epoch train. time: 0.0 hours, 0.0 minutes, 0.4626706485748291 seconds
Avg batch train. time: 0.11566766214370727 seconds
Avg sample train. time: 0.002267993375366809 seconds
Epoch 126 Training Summary: epoch: 126.000000 | loss: 0.003365 | 
Epoch runtime: 0.0 hours, 0.0 minutes, 0.49965786933898926 seconds

Avg epoch train. time: 0.0 hours, 0.0 minutes, 0.4629641979459732 seconds
Avg batch train. time: 0.1157410494864933 seconds
Avg sample train. time: 0.0022694323428724176 seconds
Evaluating on validation set ...
Validation runtime: 0.0 hours, 0.0 minutes, 0.2099137306213379 seconds

Avg val. time: 0.0 hours, 0.0 minutes, 0.21670633462759165 seconds
Avg batch val. time: 0.05417658365689791 seconds
Avg sample val. time: 0.0010571040713541057 seconds
Epoch 126 Validation Summary: epoch: 126.000000 | loss: 1.904721 | accuracy: 0.658537 | precision: 0.680837 | AUROC: 0.637328 | AUPRC: 0.406606 | 
Epoch 127 Training Summary: epoch: 127.000000 | loss: 0.001656 | 
Epoch runtime: 0.0 hours, 0.0 minutes, 0.47322893142700195 seconds

Avg epoch train. time: 0.0 hours, 0.0 minutes, 0.46304502261905217 seconds
Avg batch train. time: 0.11576125565476304 seconds
Avg sample train. time: 0.0022698285422502558 seconds
Epoch 128 Training Summary: epoch: 128.000000 | loss: 0.001805 | 
Epoch runtime: 0.0 hours, 0.0 minutes, 0.48752427101135254 seconds

Avg epoch train. time: 0.0 hours, 0.0 minutes, 0.46323626674711704 seconds
Avg batch train. time: 0.11580906668677926 seconds
Avg sample train. time: 0.00227076601346626 seconds
Evaluating on validation set ...
Validation runtime: 0.0 hours, 0.0 minutes, 0.21478033065795898 seconds

Avg val. time: 0.0 hours, 0.0 minutes, 0.21667715274926388 seconds
Avg batch val. time: 0.05416928818731597 seconds
Avg sample val. time: 0.0010569617207281164 seconds
Epoch 128 Validation Summary: epoch: 128.000000 | loss: 1.936504 | accuracy: 0.653659 | precision: 0.678085 | AUROC: 0.643196 | AUPRC: 0.415902 | 
Epoch 129 Training Summary: epoch: 129.000000 | loss: 0.002030 | 
Epoch runtime: 0.0 hours, 0.0 minutes, 0.5001180171966553 seconds

Avg epoch train. time: 0.0 hours, 0.0 minutes, 0.4635221717893615 seconds
Avg batch train. time: 0.11588054294734038 seconds
Avg sample train. time: 0.00227216750877138 seconds
Epoch 130 Training Summary: epoch: 130.000000 | loss: 0.001146 | 
Epoch runtime: 0.0 hours, 0.0 minutes, 0.48894166946411133 seconds

Avg epoch train. time: 0.0 hours, 0.0 minutes, 0.4637177063868596 seconds
Avg batch train. time: 0.1159294265967149 seconds
Avg sample train. time: 0.002273126011700292 seconds
Evaluating on validation set ...
Validation runtime: 0.0 hours, 0.0 minutes, 0.21573996543884277 seconds

Avg val. time: 0.0 hours, 0.0 minutes, 0.2166631648789591 seconds
Avg batch val. time: 0.05416579121973977 seconds
Avg sample val. time: 0.0010568934872144345 seconds
Epoch 130 Validation Summary: epoch: 130.000000 | loss: 1.878831 | accuracy: 0.668293 | precision: 0.690175 | AUROC: 0.647404 | AUPRC: 0.413555 | 
Epoch 131 Training Summary: epoch: 131.000000 | loss: 0.002004 | 
Epoch runtime: 0.0 hours, 0.0 minutes, 0.4889333248138428 seconds

Avg epoch train. time: 0.0 hours, 0.0 minutes, 0.4639101920237068 seconds
Avg batch train. time: 0.1159775480059267 seconds
Avg sample train. time: 0.0022740695687436608 seconds
Epoch 132 Training Summary: epoch: 132.000000 | loss: 0.001290 | 
Epoch runtime: 0.0 hours, 0.0 minutes, 0.48778319358825684 seconds

Avg epoch train. time: 0.0 hours, 0.0 minutes, 0.4640910480961655 seconds
Avg batch train. time: 0.11602276202404138 seconds
Avg sample train. time: 0.0022749561181184584 seconds
Evaluating on validation set ...
Validation runtime: 0.0 hours, 0.0 minutes, 0.21963763236999512 seconds

Avg val. time: 0.0 hours, 0.0 minutes, 0.2167069070479449 seconds
Avg batch val. time: 0.054176726761986226 seconds
Avg sample val. time: 0.0010571068636485118 seconds
Epoch 132 Validation Summary: epoch: 132.000000 | loss: 2.030183 | accuracy: 0.673171 | precision: 0.692979 | AUROC: 0.643670 | AUPRC: 0.417305 | 
Epoch 133 Training Summary: epoch: 133.000000 | loss: 0.000875 | 
Epoch runtime: 0.0 hours, 0.0 minutes, 0.4752936363220215 seconds

Avg epoch train. time: 0.0 hours, 0.0 minutes, 0.4641752780828261 seconds
Avg batch train. time: 0.11604381952070653 seconds
Avg sample train. time: 0.002275369010209932 seconds
Epoch 134 Training Summary: epoch: 134.000000 | loss: 0.001805 | 
Epoch runtime: 0.0 hours, 0.0 minutes, 0.5043988227844238 seconds

Avg epoch train. time: 0.0 hours, 0.0 minutes, 0.4644754537895544 seconds
Avg batch train. time: 0.1161188634473886 seconds
Avg sample train. time: 0.0022768404597527177 seconds
Evaluating on validation set ...
Validation runtime: 0.0 hours, 0.0 minutes, 0.20573711395263672 seconds

Avg val. time: 0.0 hours, 0.0 minutes, 0.21654792453931726 seconds
Avg batch val. time: 0.054136981134829315 seconds
Avg sample val. time: 0.0010563313392161818 seconds
Epoch 134 Validation Summary: epoch: 134.000000 | loss: 1.968794 | accuracy: 0.668293 | precision: 0.690175 | AUROC: 0.644263 | AUPRC: 0.428888 | 
Epoch 135 Training Summary: epoch: 135.000000 | loss: 0.003200 | 
Epoch runtime: 0.0 hours, 0.0 minutes, 0.4736361503601074 seconds

Avg epoch train. time: 0.0 hours, 0.0 minutes, 0.46454331080118816 seconds
Avg batch train. time: 0.11613582770029704 seconds
Avg sample train. time: 0.002277173092162687 seconds
Epoch 136 Training Summary: epoch: 136.000000 | loss: 0.001222 | 
Epoch runtime: 0.0 hours, 0.0 minutes, 0.5089535713195801 seconds

Avg epoch train. time: 0.0 hours, 0.0 minutes, 0.4648698568344116 seconds
Avg batch train. time: 0.1162174642086029 seconds
Avg sample train. time: 0.0022787738080118215 seconds
Evaluating on validation set ...
Validation runtime: 0.0 hours, 0.0 minutes, 0.23835086822509766 seconds

Avg val. time: 0.0 hours, 0.0 minutes, 0.21685939516339983 seconds
Avg batch val. time: 0.05421484879084996 seconds
Avg sample val. time: 0.0010578507081141456 seconds
Epoch 136 Validation Summary: epoch: 136.000000 | loss: 2.173095 | accuracy: 0.648780 | precision: 0.691334 | AUROC: 0.651849 | AUPRC: 0.404017 | 
Epoch 137 Training Summary: epoch: 137.000000 | loss: 0.002876 | 
Epoch runtime: 0.0 hours, 0.0 minutes, 0.4831562042236328 seconds

Avg epoch train. time: 0.0 hours, 0.0 minutes, 0.46500333382265413 seconds
Avg batch train. time: 0.11625083345566353 seconds
Avg sample train. time: 0.002279428106973795 seconds
Epoch 138 Training Summary: epoch: 138.000000 | loss: 0.009248 | 
Epoch runtime: 0.0 hours, 0.0 minutes, 0.5070903301239014 seconds

Avg epoch train. time: 0.0 hours, 0.0 minutes, 0.46530831205672113 seconds
Avg batch train. time: 0.11632707801418028 seconds
Avg sample train. time: 0.0022809230983172604 seconds
Evaluating on validation set ...
Validation runtime: 0.0 hours, 0.0 minutes, 0.2352437973022461 seconds

Avg val. time: 0.0 hours, 0.0 minutes, 0.21711833040479203 seconds
Avg batch val. time: 0.05427958260119801 seconds
Avg sample val. time: 0.0010591138068526441 seconds
Epoch 138 Validation Summary: epoch: 138.000000 | loss: 2.353341 | accuracy: 0.614634 | precision: 0.661027 | AUROC: 0.622807 | AUPRC: 0.373473 | 
Epoch 139 Training Summary: epoch: 139.000000 | loss: 0.003820 | 
Epoch runtime: 0.0 hours, 0.0 minutes, 0.5229766368865967 seconds

Avg epoch train. time: 0.0 hours, 0.0 minutes, 0.46572319209146845 seconds
Avg batch train. time: 0.11643079802286711 seconds
Avg sample train. time: 0.0022829568239777867 seconds
Epoch 140 Training Summary: epoch: 140.000000 | loss: 0.012022 | 
Epoch runtime: 0.0 hours, 0.0 minutes, 0.5052869319915771 seconds

Avg epoch train. time: 0.0 hours, 0.0 minutes, 0.46600579023361205 seconds
Avg batch train. time: 0.11650144755840301 seconds
Avg sample train. time: 0.0022843421089882945 seconds
Evaluating on validation set ...
Validation runtime: 0.0 hours, 0.0 minutes, 0.2330303192138672 seconds

Avg val. time: 0.0 hours, 0.0 minutes, 0.21733933024936253 seconds
Avg batch val. time: 0.05433483256234063 seconds
Avg sample val. time: 0.0010601918548749391 seconds
Epoch 140 Validation Summary: epoch: 140.000000 | loss: 2.262350 | accuracy: 0.643902 | precision: 0.676606 | AUROC: 0.645744 | AUPRC: 0.408710 | 
Epoch 141 Training Summary: epoch: 141.000000 | loss: 0.005685 | 
Epoch runtime: 0.0 hours, 0.0 minutes, 0.5090019702911377 seconds

Avg epoch train. time: 0.0 hours, 0.0 minutes, 0.46631072768082854 seconds
Avg batch train. time: 0.11657768192020714 seconds
Avg sample train. time: 0.0022858369003962184 seconds
Epoch 142 Training Summary: epoch: 142.000000 | loss: 0.012215 | 
Epoch runtime: 0.0 hours, 0.0 minutes, 0.5115504264831543 seconds

Avg epoch train. time: 0.0 hours, 0.0 minutes, 0.46662931710901395 seconds
Avg batch train. time: 0.11665732927725349 seconds
Avg sample train. time: 0.00228739861327948 seconds
Evaluating on validation set ...
Validation runtime: 0.0 hours, 0.0 minutes, 0.21596574783325195 seconds

Avg val. time: 0.0 hours, 0.0 minutes, 0.21732051405188155 seconds
Avg batch val. time: 0.05433012851297039 seconds
Avg sample val. time: 0.0010601000685457637 seconds
Epoch 142 Validation Summary: epoch: 142.000000 | loss: 2.129620 | accuracy: 0.648780 | precision: 0.671499 | AUROC: 0.646515 | AUPRC: 0.420134 | 
Epoch 143 Training Summary: epoch: 143.000000 | loss: 0.002054 | 
Epoch runtime: 0.0 hours, 0.0 minutes, 0.505340576171875 seconds

Avg epoch train. time: 0.0 hours, 0.0 minutes, 0.46690002521434865 seconds
Avg batch train. time: 0.11672500630358716 seconds
Avg sample train. time: 0.002288725613795827 seconds
Epoch 144 Training Summary: epoch: 144.000000 | loss: 0.007641 | 
Epoch runtime: 0.0 hours, 0.0 minutes, 0.4976620674133301 seconds

Avg epoch train. time: 0.0 hours, 0.0 minutes, 0.4671136505073971 seconds
Avg batch train. time: 0.11677841262684928 seconds
Avg sample train. time: 0.0022897727966048878 seconds
Evaluating on validation set ...
Validation runtime: 0.0 hours, 0.0 minutes, 0.23223567008972168 seconds

Avg val. time: 0.0 hours, 0.0 minutes, 0.21752207021455508 seconds
Avg batch val. time: 0.05438051755363877 seconds
Avg sample val. time: 0.001061083269339293 seconds
Epoch 144 Validation Summary: epoch: 144.000000 | loss: 2.265271 | accuracy: 0.604878 | precision: 0.668797 | AUROC: 0.613442 | AUPRC: 0.373138 | 
Epoch 145 Training Summary: epoch: 145.000000 | loss: 0.008149 | 
Epoch runtime: 0.0 hours, 0.0 minutes, 1.2474420070648193 seconds

Avg epoch train. time: 0.0 hours, 0.0 minutes, 0.47249522538020694 seconds
Avg batch train. time: 0.11812380634505174 seconds
Avg sample train. time: 0.00231615306558925 seconds
Epoch 146 Training Summary: epoch: 146.000000 | loss: 0.002825 | 
Epoch runtime: 0.0 hours, 0.0 minutes, 0.45592665672302246 seconds

Avg epoch train. time: 0.0 hours, 0.0 minutes, 0.4723817420332399 seconds
Avg batch train. time: 0.11809543550830998 seconds
Avg sample train. time: 0.0023155967746727444 seconds
Evaluating on validation set ...
Validation runtime: 0.0 hours, 0.0 minutes, 0.17784714698791504 seconds

Avg val. time: 0.0 hours, 0.0 minutes, 0.21699307123819986 seconds
Avg batch val. time: 0.054248267809549965 seconds
Avg sample val. time: 0.0010585027865278043 seconds
Epoch 146 Validation Summary: epoch: 146.000000 | loss: 2.208335 | accuracy: 0.658537 | precision: 0.700584 | AUROC: 0.654753 | AUPRC: 0.422085 | 
Epoch 147 Training Summary: epoch: 147.000000 | loss: 0.004178 | 
Epoch runtime: 0.0 hours, 0.0 minutes, 0.3685004711151123 seconds

Avg epoch train. time: 0.0 hours, 0.0 minutes, 0.47167506672087167 seconds
Avg batch train. time: 0.11791876668021792 seconds
Avg sample train. time: 0.002312132680004273 seconds
Epoch 148 Training Summary: epoch: 148.000000 | loss: 0.000646 | 
Epoch runtime: 0.0 hours, 0.0 minutes, 0.3724350929260254 seconds

Avg epoch train. time: 0.0 hours, 0.0 minutes, 0.471004526357393 seconds
Avg batch train. time: 0.11775113158934825 seconds
Avg sample train. time: 0.0023088457174382008 seconds
Evaluating on validation set ...
Validation runtime: 0.0 hours, 0.0 minutes, 0.18233203887939453 seconds

Avg val. time: 0.0 hours, 0.0 minutes, 0.21653700502295242 seconds
Avg batch val. time: 0.054134251255738106 seconds
Avg sample val. time: 0.0010562780732826947 seconds
Epoch 148 Validation Summary: epoch: 148.000000 | loss: 2.013464 | accuracy: 0.653659 | precision: 0.670475 | AUROC: 0.643907 | AUPRC: 0.403721 | 
Epoch 149 Training Summary: epoch: 149.000000 | loss: 0.004640 | 
Epoch runtime: 0.0 hours, 0.0 minutes, 0.41147875785827637 seconds

Avg epoch train. time: 0.0 hours, 0.0 minutes, 0.4706050245553855 seconds
Avg batch train. time: 0.11765125613884637 seconds
Avg sample train. time: 0.0023068873752714976 seconds
Epoch 150 Training Summary: epoch: 150.000000 | loss: 0.047077 | 
Epoch runtime: 0.0 hours, 0.0 minutes, 0.45278429985046387 seconds

Avg epoch train. time: 0.0 hours, 0.0 minutes, 0.4704862197240194 seconds
Avg batch train. time: 0.11762155493100485 seconds
Avg sample train. time: 0.002306304998647154 seconds
Evaluating on validation set ...
Validation runtime: 0.0 hours, 0.0 minutes, 0.23194360733032227 seconds

Avg val. time: 0.0 hours, 0.0 minutes, 0.216737090767204 seconds
Avg batch val. time: 0.054184272691801 seconds
Avg sample val. time: 0.001057254101303434 seconds
Epoch 150 Validation Summary: epoch: 150.000000 | loss: 1.949211 | accuracy: 0.653659 | precision: 0.659251 | AUROC: 0.633594 | AUPRC: 0.371667 | 
Epoch 151 Training Summary: epoch: 151.000000 | loss: 0.001021 | 
Epoch runtime: 0.0 hours, 0.0 minutes, 0.5278007984161377 seconds

Avg epoch train. time: 0.0 hours, 0.0 minutes, 0.4708657864703248 seconds
Avg batch train. time: 0.1177164466175812 seconds
Avg sample train. time: 0.0023081656199525724 seconds
Epoch 152 Training Summary: epoch: 152.000000 | loss: 0.005423 | 
Epoch runtime: 0.0 hours, 0.0 minutes, 0.4833097457885742 seconds

Avg epoch train. time: 0.0 hours, 0.0 minutes, 0.47094765462373434 seconds
Avg batch train. time: 0.11773691365593358 seconds
Avg sample train. time: 0.0023085669344300704 seconds
Evaluating on validation set ...
Validation runtime: 0.0 hours, 0.0 minutes, 0.24158668518066406 seconds

Avg val. time: 0.0 hours, 0.0 minutes, 0.21705567531096628 seconds
Avg batch val. time: 0.05426391882774157 seconds
Avg sample val. time: 0.001058808172248616 seconds
Epoch 152 Validation Summary: epoch: 152.000000 | loss: 2.014070 | accuracy: 0.658537 | precision: 0.665900 | AUROC: 0.632587 | AUPRC: 0.378847 | 
Epoch 153 Training Summary: epoch: 153.000000 | loss: 0.001355 | 
Epoch runtime: 0.0 hours, 0.0 minutes, 0.474318265914917 seconds

Avg epoch train. time: 0.0 hours, 0.0 minutes, 0.47096968476289236 seconds
Avg batch train. time: 0.11774242119072309 seconds
Avg sample train. time: 0.002308674925308296 seconds
Epoch 154 Training Summary: epoch: 154.000000 | loss: 0.007347 | 
Epoch runtime: 0.0 hours, 0.0 minutes, 0.5077824592590332 seconds

Avg epoch train. time: 0.0 hours, 0.0 minutes, 0.4712087287531271 seconds
Avg batch train. time: 0.11780218218828177 seconds
Avg sample train. time: 0.0023098467095741524 seconds
Evaluating on validation set ...
Validation runtime: 0.0 hours, 0.0 minutes, 0.2370290756225586 seconds

Avg val. time: 0.0 hours, 0.0 minutes, 0.21730850316301176 seconds
Avg batch val. time: 0.05432712579075294 seconds
Avg sample val. time: 0.0010600414788439598 seconds
Epoch 154 Validation Summary: epoch: 154.000000 | loss: 2.067134 | accuracy: 0.673171 | precision: 0.685646 | AUROC: 0.654220 | AUPRC: 0.417429 | 
Epoch 155 Training Summary: epoch: 155.000000 | loss: 0.003351 | 
Epoch runtime: 0.0 hours, 0.0 minutes, 0.5676312446594238 seconds

Avg epoch train. time: 0.0 hours, 0.0 minutes, 0.4718308095009096 seconds
Avg batch train. time: 0.1179577023752274 seconds
Avg sample train. time: 0.0023128961250044587 seconds
Epoch 156 Training Summary: epoch: 156.000000 | loss: 0.001955 | 
Epoch runtime: 0.0 hours, 0.0 minutes, 0.5079269409179688 seconds

Avg epoch train. time: 0.0 hours, 0.0 minutes, 0.47206219495871127 seconds
Avg batch train. time: 0.11801554873967782 seconds
Avg sample train. time: 0.002314030367444663 seconds
Evaluating on validation set ...
Validation runtime: 0.0 hours, 0.0 minutes, 0.21246695518493652 seconds

Avg val. time: 0.0 hours, 0.0 minutes, 0.21724798381328583 seconds
Avg batch val. time: 0.05431199595332146 seconds
Avg sample val. time: 0.0010597462625038334 seconds
Epoch 156 Validation Summary: epoch: 156.000000 | loss: 2.333697 | accuracy: 0.673171 | precision: 0.712405 | AUROC: 0.683321 | AUPRC: 0.474773 | 
Epoch 157 Training Summary: epoch: 157.000000 | loss: 0.002550 | 
Epoch runtime: 0.0 hours, 0.0 minutes, 0.46108412742614746 seconds

Avg epoch train. time: 0.0 hours, 0.0 minutes, 0.4719922709616886 seconds
Avg batch train. time: 0.11799806774042215 seconds
Avg sample train. time: 0.0023136876027533755 seconds
Epoch 158 Training Summary: epoch: 158.000000 | loss: 0.017915 | 
Epoch runtime: 0.0 hours, 0.0 minutes, 0.4609353542327881 seconds

Avg epoch train. time: 0.0 hours, 0.0 minutes, 0.47192229047606266 seconds
Avg batch train. time: 0.11798057261901566 seconds
Avg sample train. time: 0.00231334456115717 seconds
Evaluating on validation set ...
Validation runtime: 0.0 hours, 0.0 minutes, 0.21081209182739258 seconds

Avg val. time: 0.0 hours, 0.0 minutes, 0.21716852835666986 seconds
Avg batch val. time: 0.054292132089167465 seconds
Avg sample val. time: 0.0010593586749105847 seconds
Epoch 158 Validation Summary: epoch: 158.000000 | loss: 2.121726 | accuracy: 0.634146 | precision: 0.679529 | AUROC: 0.661155 | AUPRC: 0.425459 | 
Epoch 159 Training Summary: epoch: 159.000000 | loss: 0.000948 | 
Epoch runtime: 0.0 hours, 0.0 minutes, 0.4841902256011963 seconds

Avg epoch train. time: 0.0 hours, 0.0 minutes, 0.471999447300749 seconds
Avg batch train. time: 0.11799986182518725 seconds
Avg sample train. time: 0.0023137227808860245 seconds
Epoch 160 Training Summary: epoch: 160.000000 | loss: 0.001066 | 
Epoch runtime: 0.0 hours, 0.0 minutes, 0.4787733554840088 seconds

Avg epoch train. time: 0.0 hours, 0.0 minutes, 0.47204178422689436 seconds
Avg batch train. time: 0.11801044605672359 seconds
Avg sample train. time: 0.0023139303148377176 seconds
Evaluating on validation set ...
Validation runtime: 0.0 hours, 0.0 minutes, 0.2068631649017334 seconds

Avg val. time: 0.0 hours, 0.0 minutes, 0.21704285319258526 seconds
Avg batch val. time: 0.054260713298146315 seconds
Avg sample val. time: 0.0010587456253296841 seconds
Epoch 160 Validation Summary: epoch: 160.000000 | loss: 2.258187 | accuracy: 0.712195 | precision: 0.698837 | AUROC: 0.633950 | AUPRC: 0.386526 | 
Epoch 161 Training Summary: epoch: 161.000000 | loss: 0.006393 | 
Epoch runtime: 0.0 hours, 0.0 minutes, 0.4670271873474121 seconds

Avg epoch train. time: 0.0 hours, 0.0 minutes, 0.47201063766242557 seconds
Avg batch train. time: 0.11800265941560639 seconds
Avg sample train. time: 0.0023137776356001254 seconds
Epoch 162 Training Summary: epoch: 162.000000 | loss: 0.018184 | 
Epoch runtime: 0.0 hours, 0.0 minutes, 0.46555137634277344 seconds

Avg epoch train. time: 0.0 hours, 0.0 minutes, 0.4719707656789709 seconds
Avg batch train. time: 0.11799269141974272 seconds
Avg sample train. time: 0.0023135821847008377 seconds
Evaluating on validation set ...
Validation runtime: 0.0 hours, 0.0 minutes, 0.20257163047790527 seconds

Avg val. time: 0.0 hours, 0.0 minutes, 0.2168685011116855 seconds
Avg batch val. time: 0.05421712527792138 seconds
Avg sample val. time: 0.0010578951273740756 seconds
Epoch 162 Validation Summary: epoch: 162.000000 | loss: 2.250851 | accuracy: 0.712195 | precision: 0.707611 | AUROC: 0.632646 | AUPRC: 0.399298 | 
Epoch 163 Training Summary: epoch: 163.000000 | loss: 0.001525 | 
Epoch runtime: 0.0 hours, 0.0 minutes, 0.46581578254699707 seconds

Avg epoch train. time: 0.0 hours, 0.0 minutes, 0.4719330050462594 seconds
Avg batch train. time: 0.11798325126156485 seconds
Avg sample train. time: 0.002313397083560095 seconds
Epoch 164 Training Summary: epoch: 164.000000 | loss: 0.002138 | 
Epoch runtime: 0.0 hours, 0.0 minutes, 0.4638710021972656 seconds

Avg epoch train. time: 0.0 hours, 0.0 minutes, 0.47188384649230214 seconds
Avg batch train. time: 0.11797096162307553 seconds
Avg sample train. time: 0.002313156110256383 seconds
Evaluating on validation set ...
Validation runtime: 0.0 hours, 0.0 minutes, 0.19946956634521484 seconds

Avg val. time: 0.0 hours, 0.0 minutes, 0.2166613709358942 seconds
Avg batch val. time: 0.05416534273397355 seconds
Avg sample val. time: 0.0010568847362726545 seconds
Epoch 164 Validation Summary: epoch: 164.000000 | loss: 2.267580 | accuracy: 0.678049 | precision: 0.692179 | AUROC: 0.640766 | AUPRC: 0.418906 | 
Epoch 165 Training Summary: epoch: 165.000000 | loss: 0.003954 | 
Epoch runtime: 0.0 hours, 0.0 minutes, 0.4688527584075928 seconds

Avg epoch train. time: 0.0 hours, 0.0 minutes, 0.47186547626148573 seconds
Avg batch train. time: 0.11796636906537143 seconds
Avg sample train. time: 0.002313066060105322 seconds
Epoch 166 Training Summary: epoch: 166.000000 | loss: 0.005984 | 
Epoch runtime: 0.0 hours, 0.0 minutes, 0.4667377471923828 seconds

Avg epoch train. time: 0.0 hours, 0.0 minutes, 0.4718345863273345 seconds
Avg batch train. time: 0.11795864658183362 seconds
Avg sample train. time: 0.002312914638859483 seconds
Evaluating on validation set ...
Validation runtime: 0.0 hours, 0.0 minutes, 0.2000439167022705 seconds

Avg val. time: 0.0 hours, 0.0 minutes, 0.21646587147432214 seconds
Avg batch val. time: 0.054116467868580535 seconds
Avg sample val. time: 0.001055931080362547 seconds
Epoch 166 Validation Summary: epoch: 166.000000 | loss: 2.176174 | accuracy: 0.702439 | precision: 0.691490 | AUROC: 0.633831 | AUPRC: 0.418915 | 
Epoch 167 Training Summary: epoch: 167.000000 | loss: 0.002048 | 
Epoch runtime: 0.0 hours, 0.0 minutes, 0.46402764320373535 seconds

Avg epoch train. time: 0.0 hours, 0.0 minutes, 0.4717878381649177 seconds
Avg batch train. time: 0.11794695954122943 seconds
Avg sample train. time: 0.002312685481200577 seconds
Epoch 168 Training Summary: epoch: 168.000000 | loss: 0.004463 | 
Epoch runtime: 0.0 hours, 0.0 minutes, 0.5705463886260986 seconds

Avg epoch train. time: 0.0 hours, 0.0 minutes, 0.4723756866795676 seconds
Avg batch train. time: 0.1180939216698919 seconds
Avg sample train. time: 0.0023155670915665076 seconds
Evaluating on validation set ...
Validation runtime: 0.0 hours, 0.0 minutes, 0.2116684913635254 seconds

Avg val. time: 0.0 hours, 0.0 minutes, 0.21641008798466171 seconds
Avg batch val. time: 0.05410252199616543 seconds
Avg sample val. time: 0.0010556589657788377 seconds
Epoch 168 Validation Summary: epoch: 168.000000 | loss: 2.256942 | accuracy: 0.682927 | precision: 0.688091 | AUROC: 0.639225 | AUPRC: 0.418233 | 
Epoch 169 Training Summary: epoch: 169.000000 | loss: 0.007880 | 
Epoch runtime: 0.0 hours, 0.0 minutes, 0.4889869689941406 seconds

Avg epoch train. time: 0.0 hours, 0.0 minutes, 0.47247397829089643 seconds
Avg batch train. time: 0.11811849457272411 seconds
Avg sample train. time: 0.0023160489131906687 seconds
Epoch 170 Training Summary: epoch: 170.000000 | loss: 0.009198 | 
Epoch runtime: 0.0 hours, 0.0 minutes, 0.4738168716430664 seconds

Avg epoch train. time: 0.0 hours, 0.0 minutes, 0.47248187766355626 seconds
Avg batch train. time: 0.11812046941588907 seconds
Avg sample train. time: 0.002316087635605668 seconds
Evaluating on validation set ...
Validation runtime: 0.0 hours, 0.0 minutes, 0.20448780059814453 seconds

Avg val. time: 0.0 hours, 0.0 minutes, 0.2162730501986098 seconds
Avg batch val. time: 0.05406826254965245 seconds
Avg sample val. time: 0.0010549904887737062 seconds
Epoch 170 Validation Summary: epoch: 170.000000 | loss: 2.395614 | accuracy: 0.673171 | precision: 0.708366 | AUROC: 0.678936 | AUPRC: 0.455423 | 
Epoch 171 Training Summary: epoch: 171.000000 | loss: 0.011857 | 
Epoch runtime: 0.0 hours, 0.0 minutes, 0.48566722869873047 seconds

Avg epoch train. time: 0.0 hours, 0.0 minutes, 0.47255898497955146 seconds
Avg batch train. time: 0.11813974624488786 seconds
Avg sample train. time: 0.00231646561264486 seconds
Epoch 172 Training Summary: epoch: 172.000000 | loss: 0.013255 | 
Epoch runtime: 0.0 hours, 0.0 minutes, 0.48197126388549805 seconds

Avg epoch train. time: 0.0 hours, 0.0 minutes, 0.4726137075313302 seconds
Avg batch train. time: 0.11815342688283255 seconds
Avg sample train. time: 0.002316733860447697 seconds
Evaluating on validation set ...
Validation runtime: 0.0 hours, 0.0 minutes, 0.20465612411499023 seconds

Avg val. time: 0.0 hours, 0.0 minutes, 0.2161410396749323 seconds
Avg batch val. time: 0.05403525991873308 seconds
Avg sample val. time: 0.0010543465349996698 seconds
Epoch 172 Validation Summary: epoch: 172.000000 | loss: 2.327031 | accuracy: 0.658537 | precision: 0.684665 | AUROC: 0.635728 | AUPRC: 0.395728 | 
Epoch 173 Training Summary: epoch: 173.000000 | loss: 0.001870 | 
Epoch runtime: 0.0 hours, 0.0 minutes, 0.4710812568664551 seconds

Avg epoch train. time: 0.0 hours, 0.0 minutes, 0.4726048494350014 seconds
Avg batch train. time: 0.11815121235875035 seconds
Avg sample train. time: 0.0023166904384068696 seconds
Epoch 174 Training Summary: epoch: 174.000000 | loss: 0.006497 | 
Epoch runtime: 0.0 hours, 0.0 minutes, 0.47294092178344727 seconds

Avg epoch train. time: 0.0 hours, 0.0 minutes, 0.47260678088527985 seconds
Avg batch train. time: 0.11815169522131996 seconds
Avg sample train. time: 0.0023166999063003913 seconds
Evaluating on validation set ...
Validation runtime: 0.0 hours, 0.0 minutes, 0.20080184936523438 seconds

Avg val. time: 0.0 hours, 0.0 minutes, 0.21596868922201434 seconds
Avg batch val. time: 0.053992172305503586 seconds
Avg sample val. time: 0.0010535058010829967 seconds
Epoch 174 Validation Summary: epoch: 174.000000 | loss: 2.389647 | accuracy: 0.678049 | precision: 0.664208 | AUROC: 0.590446 | AUPRC: 0.374687 | 
Epoch 175 Training Summary: epoch: 175.000000 | loss: 0.030011 | 
Epoch runtime: 0.0 hours, 0.0 minutes, 0.4761970043182373 seconds

Avg epoch train. time: 0.0 hours, 0.0 minutes, 0.4726272964477539 seconds
Avg batch train. time: 0.11815682411193848 seconds
Avg sample train. time: 0.0023168004727831073 seconds
Epoch 176 Training Summary: epoch: 176.000000 | loss: 0.001840 | 
Epoch runtime: 0.0 hours, 0.0 minutes, 0.4804818630218506 seconds

Avg epoch train. time: 0.0 hours, 0.0 minutes, 0.4726719246669249 seconds
Avg batch train. time: 0.11816798116673123 seconds
Avg sample train. time: 0.0023170192385633575 seconds
Evaluating on validation set ...
Validation runtime: 0.0 hours, 0.0 minutes, 0.20624709129333496 seconds

Avg val. time: 0.0 hours, 0.0 minutes, 0.21586067146725124 seconds
Avg batch val. time: 0.05396516786681281 seconds
Avg sample val. time: 0.0010529788852061037 seconds
Epoch 176 Validation Summary: epoch: 176.000000 | loss: 2.272199 | accuracy: 0.673171 | precision: 0.671409 | AUROC: 0.612435 | AUPRC: 0.395971 | 
Epoch 177 Training Summary: epoch: 177.000000 | loss: 0.000892 | 
Epoch runtime: 0.0 hours, 0.0 minutes, 0.4773685932159424 seconds

Avg epoch train. time: 0.0 hours, 0.0 minutes, 0.47269845951748435 seconds
Avg batch train. time: 0.11817461487937109 seconds
Avg sample train. time: 0.0023171493113602172 seconds
Epoch 178 Training Summary: epoch: 178.000000 | loss: 0.003022 | 
Epoch runtime: 0.0 hours, 0.0 minutes, 0.4769630432128906 seconds

Avg epoch train. time: 0.0 hours, 0.0 minutes, 0.4727224178528518 seconds
Avg batch train. time: 0.11818060446321295 seconds
Avg sample train. time: 0.002317266754180646 seconds
Evaluating on validation set ...
Validation runtime: 0.0 hours, 0.0 minutes, 0.20693063735961914 seconds

Avg val. time: 0.0 hours, 0.0 minutes, 0.21576253922431024 seconds
Avg batch val. time: 0.05394063480607756 seconds
Avg sample val. time: 0.0010525001913380986 seconds
Epoch 178 Validation Summary: epoch: 178.000000 | loss: 2.324607 | accuracy: 0.673171 | precision: 0.689288 | AUROC: 0.625296 | AUPRC: 0.406888 | 
Epoch 179 Training Summary: epoch: 179.000000 | loss: 0.007947 | 
Epoch runtime: 0.0 hours, 0.0 minutes, 0.48491954803466797 seconds

Avg epoch train. time: 0.0 hours, 0.0 minutes, 0.472790558244929 seconds
Avg batch train. time: 0.11819763956123225 seconds
Avg sample train. time: 0.0023176007757104364 seconds
Epoch 180 Training Summary: epoch: 180.000000 | loss: 0.002101 | 
Epoch runtime: 0.0 hours, 0.0 minutes, 0.4925673007965088 seconds

Avg epoch train. time: 0.0 hours, 0.0 minutes, 0.4729004290368822 seconds
Avg batch train. time: 0.11822510725922054 seconds
Avg sample train. time: 0.0023181393580239324 seconds
Evaluating on validation set ...
Validation runtime: 0.0 hours, 0.0 minutes, 0.20559453964233398 seconds

Avg val. time: 0.0 hours, 0.0 minutes, 0.21565201748972354 seconds
Avg batch val. time: 0.053913004372430885 seconds
Avg sample val. time: 0.0010519610609254807 seconds
Epoch 180 Validation Summary: epoch: 180.000000 | loss: 2.303570 | accuracy: 0.653659 | precision: 0.678085 | AUROC: 0.611309 | AUPRC: 0.394758 | 
Epoch 181 Training Summary: epoch: 181.000000 | loss: 0.001467 | 
Epoch runtime: 0.0 hours, 0.0 minutes, 0.48882484436035156 seconds

Avg epoch train. time: 0.0 hours, 0.0 minutes, 0.4729884092320395 seconds
Avg batch train. time: 0.11824710230800987 seconds
Avg sample train. time: 0.0023185706334903898 seconds
Epoch 182 Training Summary: epoch: 182.000000 | loss: 0.002415 | 
Epoch runtime: 0.0 hours, 0.0 minutes, 0.4849071502685547 seconds

Avg epoch train. time: 0.0 hours, 0.0 minutes, 0.4730538968201522 seconds
Avg batch train. time: 0.11826347420503805 seconds
Avg sample train. time: 0.0023188916510791776 seconds
Evaluating on validation set ...
Validation runtime: 0.0 hours, 0.0 minutes, 0.20936250686645508 seconds

Avg val. time: 0.0 hours, 0.0 minutes, 0.2155843883432368 seconds
Avg batch val. time: 0.0538960970858092 seconds
Avg sample val. time: 0.0010516311626499355 seconds
Epoch 182 Validation Summary: epoch: 182.000000 | loss: 2.270486 | accuracy: 0.648780 | precision: 0.675361 | AUROC: 0.612968 | AUPRC: 0.389777 | 
Epoch 183 Training Summary: epoch: 183.000000 | loss: 0.000765 | 
Epoch runtime: 0.0 hours, 0.0 minutes, 0.4860084056854248 seconds

Avg epoch train. time: 0.0 hours, 0.0 minutes, 0.47312468648608264 seconds
Avg batch train. time: 0.11828117162152066 seconds
Avg sample train. time: 0.002319238659245503 seconds
Epoch 184 Training Summary: epoch: 184.000000 | loss: 0.006026 | 
Epoch runtime: 0.0 hours, 0.0 minutes, 0.4743638038635254 seconds

Avg epoch train. time: 0.0 hours, 0.0 minutes, 0.4731314208196557 seconds
Avg batch train. time: 0.11828285520491393 seconds
Avg sample train. time: 0.0023192716706845868 seconds
Evaluating on validation set ...
Validation runtime: 0.0 hours, 0.0 minutes, 0.20645618438720703 seconds

Avg val. time: 0.0 hours, 0.0 minutes, 0.21548727979051305 seconds
Avg batch val. time: 0.05387181994762826 seconds
Avg sample val. time: 0.0010511574623927465 seconds
Epoch 184 Validation Summary: epoch: 184.000000 | loss: 2.331560 | accuracy: 0.643902 | precision: 0.668765 | AUROC: 0.609175 | AUPRC: 0.382151 | 
Epoch 185 Training Summary: epoch: 185.000000 | loss: 0.000553 | 
Epoch runtime: 0.0 hours, 0.0 minutes, 0.47579264640808105 seconds

Avg epoch train. time: 0.0 hours, 0.0 minutes, 0.4731458058228364 seconds
Avg batch train. time: 0.1182864514557091 seconds
Avg sample train. time: 0.0023193421854060606 seconds
Epoch 186 Training Summary: epoch: 186.000000 | loss: 0.001149 | 
Epoch runtime: 0.0 hours, 0.0 minutes, 0.47235822677612305 seconds

Avg epoch train. time: 0.0 hours, 0.0 minutes, 0.4731415715268863 seconds
Avg batch train. time: 0.11828539288172157 seconds
Avg sample train. time: 0.002319321429053364 seconds
Evaluating on validation set ...
Validation runtime: 0.0 hours, 0.0 minutes, 0.20281362533569336 seconds

Avg val. time: 0.0 hours, 0.0 minutes, 0.21535387290151495 seconds
Avg batch val. time: 0.05383846822537874 seconds
Avg sample val. time: 0.0010505066970805607 seconds
Epoch 186 Validation Summary: epoch: 186.000000 | loss: 2.384029 | accuracy: 0.643902 | precision: 0.672663 | AUROC: 0.607397 | AUPRC: 0.382210 | 
Epoch 187 Training Summary: epoch: 187.000000 | loss: 0.004111 | 
Epoch runtime: 0.0 hours, 0.0 minutes, 0.473191499710083 seconds

Avg epoch train. time: 0.0 hours, 0.0 minutes, 0.4731418385225184 seconds
Avg batch train. time: 0.1182854596306296 seconds
Avg sample train. time: 0.0023193227378554824 seconds
Epoch 188 Training Summary: epoch: 188.000000 | loss: 0.000688 | 
Epoch runtime: 0.0 hours, 0.0 minutes, 0.4001424312591553 seconds

Avg epoch train. time: 0.0 hours, 0.0 minutes, 0.4727535438030324 seconds
Avg batch train. time: 0.1181883859507581 seconds
Avg sample train. time: 0.002317419332367806 seconds
Evaluating on validation set ...
Validation runtime: 0.0 hours, 0.0 minutes, 0.1771855354309082 seconds

Avg val. time: 0.0 hours, 0.0 minutes, 0.2149562860528628 seconds
Avg batch val. time: 0.0537390715132157 seconds
Avg sample val. time: 0.001048567249038355 seconds
Epoch 188 Validation Summary: epoch: 188.000000 | loss: 2.341614 | accuracy: 0.643902 | precision: 0.668765 | AUROC: 0.627312 | AUPRC: 0.407876 | 
Epoch 189 Training Summary: epoch: 189.000000 | loss: 0.000360 | 
Epoch runtime: 0.0 hours, 0.0 minutes, 0.37305140495300293 seconds

Avg epoch train. time: 0.0 hours, 0.0 minutes, 0.4722260192588524 seconds
Avg batch train. time: 0.1180565048147131 seconds
Avg sample train. time: 0.0023148334277394724 seconds
Epoch 190 Training Summary: epoch: 190.000000 | loss: 0.000821 | 
Epoch runtime: 0.0 hours, 0.0 minutes, 0.355670690536499 seconds

Avg epoch train. time: 0.0 hours, 0.0 minutes, 0.47161257016031366 seconds
Avg batch train. time: 0.11790314254007841 seconds
Avg sample train. time: 0.002311826324315263 seconds
Evaluating on validation set ...
Validation runtime: 0.0 hours, 0.0 minutes, 0.1617131233215332 seconds

Avg val. time: 0.0 hours, 0.0 minutes, 0.21440738746800372 seconds
Avg batch val. time: 0.05360184686700093 seconds
Avg sample val. time: 0.001045889694965872 seconds
Epoch 190 Validation Summary: epoch: 190.000000 | loss: 2.439434 | accuracy: 0.648780 | precision: 0.663876 | AUROC: 0.631105 | AUPRC: 0.417412 | 
Epoch 191 Training Summary: epoch: 191.000000 | loss: 0.000601 | 
Epoch runtime: 0.0 hours, 0.0 minutes, 0.3514523506164551 seconds

Avg epoch train. time: 0.0 hours, 0.0 minutes, 0.4709834590632254 seconds
Avg batch train. time: 0.11774586476580635 seconds
Avg sample train. time: 0.0023087424463883598 seconds
Epoch 192 Training Summary: epoch: 192.000000 | loss: 0.007360 | 
Epoch runtime: 0.0 hours, 0.0 minutes, 0.41267871856689453 seconds

Avg epoch train. time: 0.0 hours, 0.0 minutes, 0.470679788539807 seconds
Avg batch train. time: 0.11766994713495176 seconds
Avg sample train. time: 0.002307253865391211 seconds
Evaluating on validation set ...
Validation runtime: 0.0 hours, 0.0 minutes, 0.19086217880249023 seconds

Avg val. time: 0.0 hours, 0.0 minutes, 0.21416713023672299 seconds
Avg batch val. time: 0.053541782559180746 seconds
Avg sample val. time: 0.0010447177084718195 seconds
Epoch 192 Validation Summary: epoch: 192.000000 | loss: 2.469045 | accuracy: 0.639024 | precision: 0.666057 | AUROC: 0.609353 | AUPRC: 0.382215 | 
Epoch 193 Training Summary: epoch: 193.000000 | loss: 0.000408 | 
Epoch runtime: 0.0 hours, 0.0 minutes, 0.4304013252258301 seconds

Avg epoch train. time: 0.0 hours, 0.0 minutes, 0.4704710918386983 seconds
Avg batch train. time: 0.11761777295967457 seconds
Avg sample train. time: 0.0023062308423465604 seconds
Epoch 194 Training Summary: epoch: 194.000000 | loss: 0.006028 | 
Epoch runtime: 0.0 hours, 0.0 minutes, 0.4351215362548828 seconds

Avg epoch train. time: 0.0 hours, 0.0 minutes, 0.47028887763465804 seconds
Avg batch train. time: 0.11757221940866451 seconds
Avg sample train. time: 0.00230533763546401 seconds
Evaluating on validation set ...
Validation runtime: 0.0 hours, 0.0 minutes, 0.19429707527160645 seconds

Avg val. time: 0.0 hours, 0.0 minutes, 0.21396642261081272 seconds
Avg batch val. time: 0.05349160565270318 seconds
Avg sample val. time: 0.0010437386468820132 seconds
Epoch 194 Validation Summary: epoch: 194.000000 | loss: 2.625729 | accuracy: 0.624390 | precision: 0.654083 | AUROC: 0.577169 | AUPRC: 0.352119 | 
Epoch 195 Training Summary: epoch: 195.000000 | loss: 0.000987 | 
Epoch runtime: 0.0 hours, 0.0 minutes, 0.46373796463012695 seconds

Avg epoch train. time: 0.0 hours, 0.0 minutes, 0.4702552832089938 seconds
Avg batch train. time: 0.11756382080224845 seconds
Avg sample train. time: 0.0023051729569068323 seconds
Epoch 196 Training Summary: epoch: 196.000000 | loss: 0.000671 | 
Epoch runtime: 0.0 hours, 0.0 minutes, 0.4569733142852783 seconds

Avg epoch train. time: 0.0 hours, 0.0 minutes, 0.4701875180614238 seconds
Avg batch train. time: 0.11754687951535595 seconds
Avg sample train. time: 0.002304840774810901 seconds
Evaluating on validation set ...
Validation runtime: 0.0 hours, 0.0 minutes, 0.2010667324066162 seconds

Avg val. time: 0.0 hours, 0.0 minutes, 0.21383742570877076 seconds
Avg batch val. time: 0.05345935642719269 seconds
Avg sample val. time: 0.0010431093937013209 seconds
Epoch 196 Validation Summary: epoch: 196.000000 | loss: 2.604764 | accuracy: 0.673171 | precision: 0.657272 | AUROC: 0.608819 | AUPRC: 0.401901 | 
Epoch 197 Training Summary: epoch: 197.000000 | loss: 0.004461 | 
Epoch runtime: 0.0 hours, 0.0 minutes, 0.46322083473205566 seconds

Avg epoch train. time: 0.0 hours, 0.0 minutes, 0.4701521541866554 seconds
Avg batch train. time: 0.11753803854666385 seconds
Avg sample train. time: 0.002304667422483605 seconds
Epoch 198 Training Summary: epoch: 198.000000 | loss: 0.009030 | 
Epoch runtime: 0.0 hours, 0.0 minutes, 0.4748992919921875 seconds

Avg epoch train. time: 0.0 hours, 0.0 minutes, 0.4701761296301177 seconds
Avg batch train. time: 0.11754403240752942 seconds
Avg sample train. time: 0.0023047849491672433 seconds
Evaluating on validation set ...
Validation runtime: 0.0 hours, 0.0 minutes, 0.21077537536621094 seconds

Avg val. time: 0.0 hours, 0.0 minutes, 0.2138071083786464 seconds
Avg batch val. time: 0.0534517770946616 seconds
Avg sample val. time: 0.00104296150428608 seconds
Epoch 198 Validation Summary: epoch: 198.000000 | loss: 2.555754 | accuracy: 0.673171 | precision: 0.674935 | AUROC: 0.613087 | AUPRC: 0.411530 | 
Epoch 199 Training Summary: epoch: 199.000000 | loss: 0.000533 | 
Epoch runtime: 0.0 hours, 0.0 minutes, 0.4686429500579834 seconds

Avg epoch train. time: 0.0 hours, 0.0 minutes, 0.4701684252101572 seconds
Avg batch train. time: 0.1175421063025393 seconds
Avg sample train. time: 0.0023047471824027316 seconds
Epoch 200 Training Summary: epoch: 200.000000 | loss: 0.001067 | 
Epoch runtime: 0.0 hours, 0.0 minutes, 0.47424817085266113 seconds

Avg epoch train. time: 0.0 hours, 0.0 minutes, 0.47018882393836975 seconds
Avg batch train. time: 0.11754720598459244 seconds
Avg sample train. time: 0.002304847176168479 seconds
Evaluating on validation set ...
Validation runtime: 0.0 hours, 0.0 minutes, 0.2030777931213379 seconds

Avg val. time: 0.0 hours, 0.0 minutes, 0.21370191901337868 seconds
Avg batch val. time: 0.05342547975334467 seconds
Avg sample val. time: 0.0010424483854311155 seconds
Epoch 200 Validation Summary: epoch: 200.000000 | loss: 2.544091 | accuracy: 0.663415 | precision: 0.683620 | AUROC: 0.618065 | AUPRC: 0.410433 | 
Epoch 201 Training Summary: epoch: 201.000000 | loss: 0.000289 | 
Epoch runtime: 0.0 hours, 0.0 minutes, 0.4822685718536377 seconds

Avg epoch train. time: 0.0 hours, 0.0 minutes, 0.47024892218670444 seconds
Avg batch train. time: 0.11756223054667611 seconds
Avg sample train. time: 0.0023051417754250216 seconds
Epoch 202 Training Summary: epoch: 202.000000 | loss: 0.000379 | 
Epoch runtime: 0.0 hours, 0.0 minutes, 0.4738039970397949 seconds

Avg epoch train. time: 0.0 hours, 0.0 minutes, 0.47026652156716525 seconds
Avg batch train. time: 0.11756663039179131 seconds
Avg sample train. time: 0.0023052280468978687 seconds
Evaluating on validation set ...
Validation runtime: 0.0 hours, 0.0 minutes, 0.20662856101989746 seconds

Avg val. time: 0.0 hours, 0.0 minutes, 0.21363324563480118 seconds
Avg batch val. time: 0.053408311408700296 seconds
Avg sample val. time: 0.0010421133933404935 seconds
Epoch 202 Validation Summary: epoch: 202.000000 | loss: 2.458520 | accuracy: 0.643902 | precision: 0.661068 | AUROC: 0.611131 | AUPRC: 0.405520 | 
Epoch 203 Training Summary: epoch: 203.000000 | loss: 0.000512 | 
Epoch runtime: 0.0 hours, 0.0 minutes, 0.4746284484863281 seconds

Avg epoch train. time: 0.0 hours, 0.0 minutes, 0.4702880088918902 seconds
Avg batch train. time: 0.11757200222297255 seconds
Avg sample train. time: 0.0023053333769210305 seconds
Epoch 204 Training Summary: epoch: 204.000000 | loss: 0.002531 | 
Epoch runtime: 0.0 hours, 0.0 minutes, 0.4803345203399658 seconds

Avg epoch train. time: 0.0 hours, 0.0 minutes, 0.47033725649702784 seconds
Avg batch train. time: 0.11758431412425696 seconds
Avg sample train. time: 0.0023055747867501363 seconds
Evaluating on validation set ...
Validation runtime: 0.0 hours, 0.0 minutes, 0.20688915252685547 seconds

Avg val. time: 0.0 hours, 0.0 minutes, 0.21356839858568633 seconds
Avg batch val. time: 0.05339209964642158 seconds
Avg sample val. time: 0.0010417970662716406 seconds
Epoch 204 Validation Summary: epoch: 204.000000 | loss: 2.463245 | accuracy: 0.648780 | precision: 0.663876 | AUROC: 0.615458 | AUPRC: 0.399189 | 
Epoch 205 Training Summary: epoch: 205.000000 | loss: 0.000667 | 
Epoch runtime: 0.0 hours, 0.0 minutes, 0.4965534210205078 seconds

Avg epoch train. time: 0.0 hours, 0.0 minutes, 0.47046514022641067 seconds
Avg batch train. time: 0.11761628505660267 seconds
Avg sample train. time: 0.002306201667776523 seconds
Epoch 206 Training Summary: epoch: 206.000000 | loss: 0.000328 | 
Epoch runtime: 0.0 hours, 0.0 minutes, 0.5299086570739746 seconds

Avg epoch train. time: 0.0 hours, 0.0 minutes, 0.4707537009878066 seconds
Avg batch train. time: 0.11768842524695165 seconds
Avg sample train. time: 0.0023076161813127775 seconds
Evaluating on validation set ...
Validation runtime: 0.0 hours, 0.0 minutes, 0.23920249938964844 seconds

Avg val. time: 0.0 hours, 0.0 minutes, 0.21381253287905738 seconds
Avg batch val. time: 0.053453133219764346 seconds
Avg sample val. time: 0.0010429879652636945 seconds
Epoch 206 Validation Summary: epoch: 206.000000 | loss: 2.444307 | accuracy: 0.643902 | precision: 0.649638 | AUROC: 0.620910 | AUPRC: 0.397015 | 
Epoch 207 Training Summary: epoch: 207.000000 | loss: 0.000278 | 
Epoch runtime: 0.0 hours, 0.0 minutes, 0.5514698028564453 seconds

Avg epoch train. time: 0.0 hours, 0.0 minutes, 0.47114363384707536 seconds
Avg batch train. time: 0.11778590846176884 seconds
Avg sample train. time: 0.002309527616897428 seconds
Epoch 208 Training Summary: epoch: 208.000000 | loss: 0.000149 | 
Epoch runtime: 0.0 hours, 0.0 minutes, 0.5015811920166016 seconds

Avg epoch train. time: 0.0 hours, 0.0 minutes, 0.47128996826135194 seconds
Avg batch train. time: 0.11782249206533799 seconds
Avg sample train. time: 0.0023102449424576075 seconds
Evaluating on validation set ...
Validation runtime: 0.0 hours, 0.0 minutes, 0.2144184112548828 seconds

Avg val. time: 0.0 hours, 0.0 minutes, 0.2138182487127916 seconds
Avg batch val. time: 0.0534545621781979 seconds
Avg sample val. time: 0.0010430158473794713 seconds
Epoch 208 Validation Summary: epoch: 208.000000 | loss: 2.479419 | accuracy: 0.653659 | precision: 0.655525 | AUROC: 0.627549 | AUPRC: 0.406391 | 
Epoch 209 Training Summary: epoch: 209.000000 | loss: 0.000365 | 
Epoch runtime: 0.0 hours, 0.0 minutes, 0.522197961807251 seconds

Avg epoch train. time: 0.0 hours, 0.0 minutes, 0.4715335471778395 seconds
Avg batch train. time: 0.11788338679445988 seconds
Avg sample train. time: 0.0023114389567541155 seconds
Epoch 210 Training Summary: epoch: 210.000000 | loss: 0.002984 | 
Epoch runtime: 0.0 hours, 0.0 minutes, 0.517674446105957 seconds

Avg epoch train. time: 0.0 hours, 0.0 minutes, 0.4717532657441639 seconds
Avg batch train. time: 0.11793831643604097 seconds
Avg sample train. time: 0.002312516008549823 seconds
Evaluating on validation set ...
Validation runtime: 0.0 hours, 0.0 minutes, 0.22914624214172363 seconds

Avg val. time: 0.0 hours, 0.0 minutes, 0.21396150098782835 seconds
Avg batch val. time: 0.053490375246957086 seconds
Avg sample val. time: 0.0010437146389650164 seconds
Epoch 210 Validation Summary: epoch: 210.000000 | loss: 2.430001 | accuracy: 0.663415 | precision: 0.668865 | AUROC: 0.632468 | AUPRC: 0.413031 | 
Epoch 211 Training Summary: epoch: 211.000000 | loss: 0.001162 | 
Epoch runtime: 0.0 hours, 0.0 minutes, 0.5140547752380371 seconds

Avg epoch train. time: 0.0 hours, 0.0 minutes, 0.47195374683181257 seconds
Avg batch train. time: 0.11798843670795314 seconds
Avg sample train. time: 0.0023134987589794732 seconds
Epoch 212 Training Summary: epoch: 212.000000 | loss: 0.000325 | 
Epoch runtime: 0.0 hours, 0.0 minutes, 0.5078830718994141 seconds

Avg epoch train. time: 0.0 hours, 0.0 minutes, 0.47212322478024465 seconds
Avg batch train. time: 0.11803080619506116 seconds
Avg sample train. time: 0.0023143295332364935 seconds
Evaluating on validation set ...
Validation runtime: 0.0 hours, 0.0 minutes, 0.22306418418884277 seconds

Avg val. time: 0.0 hours, 0.0 minutes, 0.21404578509154143 seconds
Avg batch val. time: 0.05351144627288536 seconds
Avg sample val. time: 0.0010441257809343484 seconds
Epoch 212 Validation Summary: epoch: 212.000000 | loss: 2.460621 | accuracy: 0.673171 | precision: 0.685646 | AUROC: 0.634839 | AUPRC: 0.420485 | 
Epoch 213 Training Summary: epoch: 213.000000 | loss: 0.000261 | 
Epoch runtime: 0.0 hours, 0.0 minutes, 0.5094163417816162 seconds

Avg epoch train. time: 0.0 hours, 0.0 minutes, 0.4722983098365891 seconds
Avg batch train. time: 0.11807457745914728 seconds
Avg sample train. time: 0.002315187793316613 seconds
Epoch 214 Training Summary: epoch: 214.000000 | loss: 0.000950 | 
Epoch runtime: 0.0 hours, 0.0 minutes, 0.5090985298156738 seconds

Avg epoch train. time: 0.0 hours, 0.0 minutes, 0.4724702734813512 seconds
Avg batch train. time: 0.1181175683703378 seconds
Avg sample train. time: 0.0023160307523595646 seconds
Evaluating on validation set ...
Validation runtime: 0.0 hours, 0.0 minutes, 0.2128891944885254 seconds

Avg val. time: 0.0 hours, 0.0 minutes, 0.21403517416857798 seconds
Avg batch val. time: 0.053508793542144495 seconds
Avg sample val. time: 0.0010440740203345267 seconds
Epoch 214 Validation Summary: epoch: 214.000000 | loss: 2.551699 | accuracy: 0.673171 | precision: 0.689288 | AUROC: 0.633298 | AUPRC: 0.418812 | 
Epoch 215 Training Summary: epoch: 215.000000 | loss: 0.003422 | 
Epoch runtime: 0.0 hours, 0.0 minutes, 0.5095653533935547 seconds

Avg epoch train. time: 0.0 hours, 0.0 minutes, 0.4726428087367568 seconds
Avg batch train. time: 0.1181607021841892 seconds
Avg sample train. time: 0.0023168765134154745 seconds
Epoch 216 Training Summary: epoch: 216.000000 | loss: 0.001856 | 
Epoch runtime: 0.0 hours, 0.0 minutes, 0.5215299129486084 seconds

Avg epoch train. time: 0.0 hours, 0.0 minutes, 0.4728691379229228 seconds
Avg batch train. time: 0.1182172844807307 seconds
Avg sample train. time: 0.0023179859702104058 seconds
Evaluating on validation set ...
Validation runtime: 0.0 hours, 0.0 minutes, 0.21576189994812012 seconds

Avg val. time: 0.0 hours, 0.0 minutes, 0.21405087167566472 seconds
Avg batch val. time: 0.05351271791891618 seconds
Avg sample val. time: 0.001044150593539828 seconds
Epoch 216 Validation Summary: epoch: 216.000000 | loss: 2.308180 | accuracy: 0.648780 | precision: 0.667673 | AUROC: 0.597795 | AUPRC: 0.369558 | 
Epoch 217 Training Summary: epoch: 217.000000 | loss: 0.008096 | 
Epoch runtime: 0.0 hours, 0.0 minutes, 0.5125899314880371 seconds

Avg epoch train. time: 0.0 hours, 0.0 minutes, 0.47305218305455926 seconds
Avg batch train. time: 0.11826304576363982 seconds
Avg sample train. time: 0.0023188832502674473 seconds
Epoch 218 Training Summary: epoch: 218.000000 | loss: 0.023295 | 
Epoch runtime: 0.0 hours, 0.0 minutes, 0.5048105716705322 seconds

Avg epoch train. time: 0.0 hours, 0.0 minutes, 0.47319786373628386 seconds
Avg batch train. time: 0.11829946593407097 seconds
Avg sample train. time: 0.0023195973712562936 seconds
Evaluating on validation set ...
Validation runtime: 0.0 hours, 0.0 minutes, 0.21746087074279785 seconds

Avg val. time: 0.0 hours, 0.0 minutes, 0.21408159238798125 seconds
Avg batch val. time: 0.05352039809699531 seconds
Avg sample val. time: 0.0010443004506730793 seconds
Epoch 218 Validation Summary: epoch: 218.000000 | loss: 2.392832 | accuracy: 0.604878 | precision: 0.635503 | AUROC: 0.558084 | AUPRC: 0.341976 | 
Epoch 219 Training Summary: epoch: 219.000000 | loss: 0.003056 | 
Epoch runtime: 0.0 hours, 0.0 minutes, 0.5060160160064697 seconds

Avg epoch train. time: 0.0 hours, 0.0 minutes, 0.4733477183128601 seconds
Avg batch train. time: 0.11833692957821502 seconds
Avg sample train. time: 0.00232033195251402 seconds
Epoch 220 Training Summary: epoch: 220.000000 | loss: 0.009432 | 
Epoch runtime: 0.0 hours, 0.0 minutes, 0.5077054500579834 seconds

Avg epoch train. time: 0.0 hours, 0.0 minutes, 0.47350388982079245 seconds
Avg batch train. time: 0.11837597245519811 seconds
Avg sample train. time: 0.0023210974991215317 seconds
Evaluating on validation set ...
Validation runtime: 0.0 hours, 0.0 minutes, 0.2280135154724121 seconds

Avg val. time: 0.0 hours, 0.0 minutes, 0.21420598455837794 seconds
Avg batch val. time: 0.053551496139594486 seconds
Avg sample val. time: 0.0010449072417481851 seconds
Epoch 220 Validation Summary: epoch: 220.000000 | loss: 2.778891 | accuracy: 0.658537 | precision: 0.658537 | AUROC: 0.581259 | AUPRC: 0.368086 | 
Epoch 221 Training Summary: epoch: 221.000000 | loss: 0.001458 | 
Epoch runtime: 0.0 hours, 0.0 minutes, 0.5109250545501709 seconds

Avg epoch train. time: 0.0 hours, 0.0 minutes, 0.47367321635802945 seconds
Avg batch train. time: 0.11841830408950736 seconds
Avg sample train. time: 0.002321927531166811 seconds
Epoch 222 Training Summary: epoch: 222.000000 | loss: 0.007993 | 
Epoch runtime: 0.0 hours, 0.0 minutes, 0.5101480484008789 seconds

Avg epoch train. time: 0.0 hours, 0.0 minutes, 0.4738375174032675 seconds
Avg batch train. time: 0.11845937935081688 seconds
Avg sample train. time: 0.00232273292844739 seconds
Evaluating on validation set ...
Validation runtime: 0.0 hours, 0.0 minutes, 0.23122930526733398 seconds

Avg val. time: 0.0 hours, 0.0 minutes, 0.2143566334142094 seconds
Avg batch val. time: 0.05358915835355235 seconds
Avg sample val. time: 0.0010456421142156557 seconds
Epoch 222 Validation Summary: epoch: 222.000000 | loss: 2.825551 | accuracy: 0.653659 | precision: 0.666717 | AUROC: 0.590268 | AUPRC: 0.380397 | 
Epoch 223 Training Summary: epoch: 223.000000 | loss: 0.002550 | 
Epoch runtime: 0.0 hours, 0.0 minutes, 0.5134854316711426 seconds

Avg epoch train. time: 0.0 hours, 0.0 minutes, 0.4740153107407916 seconds
Avg batch train. time: 0.1185038276851979 seconds
Avg sample train. time: 0.002323604464415645 seconds
Epoch 224 Training Summary: epoch: 224.000000 | loss: 0.003901 | 
Epoch runtime: 0.0 hours, 0.0 minutes, 0.508371114730835 seconds

Avg epoch train. time: 0.0 hours, 0.0 minutes, 0.4741686848657472 seconds
Avg batch train. time: 0.1185421712164368 seconds
Avg sample train. time: 0.0023243562983615057 seconds
Evaluating on validation set ...
Validation runtime: 0.0 hours, 0.0 minutes, 0.22171592712402344 seconds

Avg val. time: 0.0 hours, 0.0 minutes, 0.21442118862219023 seconds
Avg batch val. time: 0.05360529715554756 seconds
Avg sample val. time: 0.0010459570176692206 seconds
Epoch 224 Validation Summary: epoch: 224.000000 | loss: 2.858083 | accuracy: 0.629268 | precision: 0.645007 | AUROC: 0.584282 | AUPRC: 0.371041 | 
Epoch 225 Training Summary: epoch: 225.000000 | loss: 0.002130 | 
Epoch runtime: 0.0 hours, 0.0 minutes, 0.5139145851135254 seconds

Avg epoch train. time: 0.0 hours, 0.0 minutes, 0.47434533331129286 seconds
Avg batch train. time: 0.11858633332782322 seconds
Avg sample train. time: 0.002325222222114181 seconds
Epoch 226 Training Summary: epoch: 226.000000 | loss: 0.000479 | 
Epoch runtime: 0.0 hours, 0.0 minutes, 0.50441575050354 seconds

Avg epoch train. time: 0.0 hours, 0.0 minutes, 0.4744783882546214 seconds
Avg batch train. time: 0.11861959706365535 seconds
Avg sample train. time: 0.002325874452228536 seconds
Evaluating on validation set ...
Validation runtime: 0.0 hours, 0.0 minutes, 0.21767807006835938 seconds

Avg val. time: 0.0 hours, 0.0 minutes, 0.2144495093304178 seconds
Avg batch val. time: 0.05361237733260445 seconds
Avg sample val. time: 0.0010460951674654527 seconds
Epoch 226 Validation Summary: epoch: 226.000000 | loss: 2.590631 | accuracy: 0.643902 | precision: 0.657252 | AUROC: 0.587956 | AUPRC: 0.373317 | 
Epoch 227 Training Summary: epoch: 227.000000 | loss: 0.000447 | 
Epoch runtime: 0.0 hours, 0.0 minutes, 0.5060732364654541 seconds

Avg epoch train. time: 0.0 hours, 0.0 minutes, 0.47461757260797305 seconds
Avg batch train. time: 0.11865439315199326 seconds
Avg sample train. time: 0.0023265567284704563 seconds
Epoch 228 Training Summary: epoch: 228.000000 | loss: 0.000539 | 
Epoch runtime: 0.0 hours, 0.0 minutes, 0.507068395614624 seconds

Avg epoch train. time: 0.0 hours, 0.0 minutes, 0.4747599007790549 seconds
Avg batch train. time: 0.11868997519476372 seconds
Avg sample train. time: 0.002327254415583602 seconds
Evaluating on validation set ...
Validation runtime: 0.0 hours, 0.0 minutes, 0.22497820854187012 seconds

Avg val. time: 0.0 hours, 0.0 minutes, 0.21454027397879238 seconds
Avg batch val. time: 0.053635068494698096 seconds
Avg sample val. time: 0.0010465379218477678 seconds
Epoch 228 Validation Summary: epoch: 228.000000 | loss: 2.553200 | accuracy: 0.668293 | precision: 0.686436 | AUROC: 0.598388 | AUPRC: 0.385171 | 
Epoch 229 Training Summary: epoch: 229.000000 | loss: 0.000350 | 
Epoch runtime: 0.0 hours, 0.0 minutes, 0.4990670680999756 seconds

Avg epoch train. time: 0.0 hours, 0.0 minutes, 0.4748660456145174 seconds
Avg batch train. time: 0.11871651140362935 seconds
Avg sample train. time: 0.002327774733404497 seconds
Epoch 230 Training Summary: epoch: 230.000000 | loss: 0.000664 | 
Epoch runtime: 0.0 hours, 0.0 minutes, 0.5039820671081543 seconds

Avg epoch train. time: 0.0 hours, 0.0 minutes, 0.4749926370123158 seconds
Avg batch train. time: 0.11874815925307895 seconds
Avg sample train. time: 0.0023283952794721364 seconds
Evaluating on validation set ...
Validation runtime: 0.0 hours, 0.0 minutes, 0.2205338478088379 seconds

Avg val. time: 0.0 hours, 0.0 minutes, 0.21459150110554492 seconds
Avg batch val. time: 0.05364787527638623 seconds
Avg sample val. time: 0.0010467878102709508 seconds
Epoch 230 Validation Summary: epoch: 230.000000 | loss: 2.614918 | accuracy: 0.668293 | precision: 0.682745 | AUROC: 0.604196 | AUPRC: 0.383178 | 
Epoch 231 Training Summary: epoch: 231.000000 | loss: 0.000272 | 
Epoch runtime: 0.0 hours, 0.0 minutes, 0.5024559497833252 seconds

Avg epoch train. time: 0.0 hours, 0.0 minutes, 0.47511152581219035 seconds
Avg batch train. time: 0.11877788145304759 seconds
Avg sample train. time: 0.0023289780677068156 seconds
Epoch 232 Training Summary: epoch: 232.000000 | loss: 0.000210 | 
Epoch runtime: 0.0 hours, 0.0 minutes, 0.5134866237640381 seconds

Avg epoch train. time: 0.0 hours, 0.0 minutes, 0.4752769357171552 seconds
Avg batch train. time: 0.1188192339292888 seconds
Avg sample train. time: 0.0023297889005742902 seconds
Evaluating on validation set ...
Validation runtime: 0.0 hours, 0.0 minutes, 0.22966265678405762 seconds

Avg val. time: 0.0 hours, 0.0 minutes, 0.2147192227638374 seconds
Avg batch val. time: 0.05367980569095935 seconds
Avg sample val. time: 0.0010474108427504262 seconds
Epoch 232 Validation Summary: epoch: 232.000000 | loss: 2.640025 | accuracy: 0.663415 | precision: 0.679882 | AUROC: 0.605145 | AUPRC: 0.382774 | 
Epoch 233 Training Summary: epoch: 233.000000 | loss: 0.000596 | 
Epoch runtime: 0.0 hours, 0.0 minutes, 0.5048427581787109 seconds

Avg epoch train. time: 0.0 hours, 0.0 minutes, 0.47540382765905026 seconds
Avg batch train. time: 0.11885095691476256 seconds
Avg sample train. time: 0.0023304109198973052 seconds
Epoch 234 Training Summary: epoch: 234.000000 | loss: 0.000826 | 
Epoch runtime: 0.0 hours, 0.0 minutes, 0.5099914073944092 seconds

Avg epoch train. time: 0.0 hours, 0.0 minutes, 0.4755516378288595 seconds
Avg batch train. time: 0.11888790945721488 seconds
Avg sample train. time: 0.002331135479553233 seconds
Evaluating on validation set ...
Validation runtime: 0.0 hours, 0.0 minutes, 0.21498560905456543 seconds

Avg val. time: 0.0 hours, 0.0 minutes, 0.2147214613040956 seconds
Avg batch val. time: 0.0536803653260239 seconds
Avg sample val. time: 0.001047421762459003 seconds
Epoch 234 Validation Summary: epoch: 234.000000 | loss: 2.707177 | accuracy: 0.658537 | precision: 0.677055 | AUROC: 0.596965 | AUPRC: 0.372402 | 
Epoch 235 Training Summary: epoch: 235.000000 | loss: 0.000544 | 
Epoch runtime: 0.0 hours, 0.0 minutes, 0.4146425724029541 seconds

Avg epoch train. time: 0.0 hours, 0.0 minutes, 0.4752924503164088 seconds
Avg batch train. time: 0.1188231125791022 seconds
Avg sample train. time: 0.002329864952531416 seconds
Epoch 236 Training Summary: epoch: 236.000000 | loss: 0.000171 | 
Epoch runtime: 0.0 hours, 0.0 minutes, 0.3913235664367676 seconds

Avg epoch train. time: 0.0 hours, 0.0 minutes, 0.4749366499609866 seconds
Avg batch train. time: 0.11873416249024665 seconds
Avg sample train. time: 0.0023281208331420913 seconds
Evaluating on validation set ...
Validation runtime: 0.0 hours, 0.0 minutes, 0.18393516540527344 seconds

Avg val. time: 0.0 hours, 0.0 minutes, 0.2144649088382721 seconds
Avg batch val. time: 0.053616227209568025 seconds
Avg sample val. time: 0.0010461702870159615 seconds
Epoch 236 Validation Summary: epoch: 236.000000 | loss: 2.882287 | accuracy: 0.624390 | precision: 0.642255 | AUROC: 0.582029 | AUPRC: 0.360745 | 
Epoch 237 Training Summary: epoch: 237.000000 | loss: 0.000434 | 
Epoch runtime: 0.0 hours, 0.0 minutes, 0.3775818347930908 seconds

Avg epoch train. time: 0.0 hours, 0.0 minutes, 0.47452587015015163 seconds
Avg batch train. time: 0.11863146753753791 seconds
Avg sample train. time: 0.0023261072066183904 seconds
Epoch 238 Training Summary: epoch: 238.000000 | loss: 0.000486 | 
Epoch runtime: 0.0 hours, 0.0 minutes, 0.3703482151031494 seconds

Avg epoch train. time: 0.0 hours, 0.0 minutes, 0.47408814891045836 seconds
Avg batch train. time: 0.11852203722761459 seconds
Avg sample train. time: 0.0023239615142669526 seconds
Evaluating on validation set ...
Validation runtime: 0.0 hours, 0.0 minutes, 0.17509913444519043 seconds

Avg val. time: 0.0 hours, 0.0 minutes, 0.21413957185981689 seconds
Avg batch val. time: 0.05353489296495422 seconds
Avg sample val. time: 0.0010445832773649604 seconds
Epoch 238 Validation Summary: epoch: 238.000000 | loss: 2.865489 | accuracy: 0.648780 | precision: 0.656329 | AUROC: 0.577347 | AUPRC: 0.359122 | 
Epoch 239 Training Summary: epoch: 239.000000 | loss: 0.000244 | 
Epoch runtime: 0.0 hours, 0.0 minutes, 0.44544315338134766 seconds

Avg epoch train. time: 0.0 hours, 0.0 minutes, 0.47396829537267965 seconds
Avg batch train. time: 0.11849207384316991 seconds
Avg sample train. time: 0.0023233739969249004 seconds
Epoch 240 Training Summary: epoch: 240.000000 | loss: 0.000464 | 
Epoch runtime: 0.0 hours, 0.0 minutes, 0.4442594051361084 seconds

Avg epoch train. time: 0.0 hours, 0.0 minutes, 0.4738445083300273 seconds
Avg batch train. time: 0.11846112708250682 seconds
Avg sample train. time: 0.002322767197696212 seconds
Evaluating on validation set ...
Validation runtime: 0.0 hours, 0.0 minutes, 0.2028517723083496 seconds

Avg val. time: 0.0 hours, 0.0 minutes, 0.2140470489126737 seconds
Avg batch val. time: 0.053511762228168426 seconds
Avg sample val. time: 0.0010441319459154816 seconds
Epoch 240 Validation Summary: epoch: 240.000000 | loss: 2.833423 | accuracy: 0.653659 | precision: 0.659251 | AUROC: 0.582266 | AUPRC: 0.360413 | 
Epoch 241 Training Summary: epoch: 241.000000 | loss: 0.000588 | 
Epoch runtime: 0.0 hours, 0.0 minutes, 0.4628760814666748 seconds

Avg epoch train. time: 0.0 hours, 0.0 minutes, 0.47379899618536603 seconds
Avg batch train. time: 0.11844974904634151 seconds
Avg sample train. time: 0.0023225440989478726 seconds
Epoch 242 Training Summary: epoch: 242.000000 | loss: 0.000689 | 
Epoch runtime: 0.0 hours, 0.0 minutes, 0.47823214530944824 seconds

Avg epoch train. time: 0.0 hours, 0.0 minutes, 0.47381731498339946 seconds
Avg batch train. time: 0.11845432874584987 seconds
Avg sample train. time: 0.002322633896977448 seconds
Evaluating on validation set ...
Validation runtime: 0.0 hours, 0.0 minutes, 0.2184457778930664 seconds

Avg val. time: 0.0 hours, 0.0 minutes, 0.21408281093690454 seconds
Avg batch val. time: 0.053520702734226135 seconds
Avg sample val. time: 0.0010443063948141684 seconds
Epoch 242 Validation Summary: epoch: 242.000000 | loss: 2.847593 | accuracy: 0.643902 | precision: 0.653446 | AUROC: 0.585230 | AUPRC: 0.363795 | 
Epoch 243 Training Summary: epoch: 243.000000 | loss: 0.000347 | 
Epoch runtime: 0.0 hours, 0.0 minutes, 0.4859786033630371 seconds

Avg epoch train. time: 0.0 hours, 0.0 minutes, 0.47386736143763664 seconds
Avg batch train. time: 0.11846684035940916 seconds
Avg sample train. time: 0.002322879222733513 seconds
Epoch 244 Training Summary: epoch: 244.000000 | loss: 0.000803 | 
Epoch runtime: 0.0 hours, 0.0 minutes, 0.4923231601715088 seconds

Avg epoch train. time: 0.0 hours, 0.0 minutes, 0.47394299995703776 seconds
Avg batch train. time: 0.11848574998925944 seconds
Avg sample train. time: 0.002323249999789401 seconds
Evaluating on validation set ...
Validation runtime: 0.0 hours, 0.0 minutes, 0.213850736618042 seconds

Avg val. time: 0.0 hours, 0.0 minutes, 0.21408093936981692 seconds
Avg batch val. time: 0.05352023484245423 seconds
Avg sample val. time: 0.0010442972652186192 seconds
Epoch 244 Validation Summary: epoch: 244.000000 | loss: 3.025356 | accuracy: 0.585366 | precision: 0.633273 | AUROC: 0.568516 | AUPRC: 0.349992 | 
Epoch 245 Training Summary: epoch: 245.000000 | loss: 0.001023 | 
Epoch runtime: 0.0 hours, 0.0 minutes, 0.4981505870819092 seconds

Avg epoch train. time: 0.0 hours, 0.0 minutes, 0.47404180643509847 seconds
Avg batch train. time: 0.11851045160877462 seconds
Avg sample train. time: 0.0023237343452700903 seconds
Epoch 246 Training Summary: epoch: 246.000000 | loss: 0.001505 | 
Epoch runtime: 0.0 hours, 0.0 minutes, 0.4982163906097412 seconds

Avg epoch train. time: 0.0 hours, 0.0 minutes, 0.4741400771024751 seconds
Avg batch train. time: 0.11853501927561877 seconds
Avg sample train. time: 0.002324216064227819 seconds
Evaluating on validation set ...
Validation runtime: 0.0 hours, 0.0 minutes, 0.22582578659057617 seconds

Avg val. time: 0.0 hours, 0.0 minutes, 0.214174898147583 seconds
Avg batch val. time: 0.05354372453689575 seconds
Avg sample val. time: 0.001044755600719917 seconds
Epoch 246 Validation Summary: epoch: 246.000000 | loss: 2.883070 | accuracy: 0.595122 | precision: 0.638410 | AUROC: 0.579244 | AUPRC: 0.350293 | 
Epoch 247 Training Summary: epoch: 247.000000 | loss: 0.000348 | 
Epoch runtime: 0.0 hours, 0.0 minutes, 0.5070080757141113 seconds

Avg epoch train. time: 0.0 hours, 0.0 minutes, 0.4742731459227651 seconds
Avg batch train. time: 0.11856828648069127 seconds
Avg sample train. time: 0.0023248683623664957 seconds
Epoch 248 Training Summary: epoch: 248.000000 | loss: 0.000193 | 
Epoch runtime: 0.0 hours, 0.0 minutes, 0.49768829345703125 seconds

Avg epoch train. time: 0.0 hours, 0.0 minutes, 0.474367561840242 seconds
Avg batch train. time: 0.1185918904600605 seconds
Avg sample train. time: 0.002325331185491382 seconds
Evaluating on validation set ...
Validation runtime: 0.0 hours, 0.0 minutes, 0.2142171859741211 seconds

Avg val. time: 0.0 hours, 0.0 minutes, 0.21417523376525394 seconds
Avg batch val. time: 0.053543808441313484 seconds
Avg sample val. time: 0.0010447572378792876 seconds
Epoch 248 Validation Summary: epoch: 248.000000 | loss: 2.859910 | accuracy: 0.619512 | precision: 0.651433 | AUROC: 0.588964 | AUPRC: 0.356993 | 
Epoch 249 Training Summary: epoch: 249.000000 | loss: 0.000133 | 
Epoch runtime: 0.0 hours, 0.0 minutes, 0.49624037742614746 seconds

Avg epoch train. time: 0.0 hours, 0.0 minutes, 0.47445540447311707 seconds
Avg batch train. time: 0.11861385111827927 seconds
Avg sample train. time: 0.0023257617866329267 seconds
Epoch 250 Training Summary: epoch: 250.000000 | loss: 0.000111 | 
Epoch runtime: 0.0 hours, 0.0 minutes, 0.5055510997772217 seconds

Avg epoch train. time: 0.0 hours, 0.0 minutes, 0.4745797872543335 seconds
Avg batch train. time: 0.11864494681358337 seconds
Avg sample train. time: 0.0023263715061486935 seconds
Evaluating on validation set ...
Validation runtime: 0.0 hours, 0.0 minutes, 0.2175135612487793 seconds

Avg val. time: 0.0 hours, 0.0 minutes, 0.2142015198084313 seconds
Avg batch val. time: 0.053550379952107825 seconds
Avg sample val. time: 0.0010448854624801527 seconds
Epoch 250 Validation Summary: epoch: 250.000000 | loss: 2.804426 | accuracy: 0.619512 | precision: 0.639529 | AUROC: 0.592224 | AUPRC: 0.368620 | 
Epoch 251 Training Summary: epoch: 251.000000 | loss: 0.000207 | 
Epoch runtime: 0.0 hours, 0.0 minutes, 0.5027978420257568 seconds

Avg epoch train. time: 0.0 hours, 0.0 minutes, 0.4746922097833033 seconds
Avg batch train. time: 0.11867305244582582 seconds
Avg sample train. time: 0.002326922596976977 seconds
Epoch 252 Training Summary: epoch: 252.000000 | loss: 0.000132 | 
Epoch runtime: 0.0 hours, 0.0 minutes, 0.505638599395752 seconds

Avg epoch train. time: 0.0 hours, 0.0 minutes, 0.47481501291668604 seconds
Avg batch train. time: 0.11870375322917151 seconds
Avg sample train. time: 0.00232752457312101 seconds
Evaluating on validation set ...
Validation runtime: 0.0 hours, 0.0 minutes, 0.2168741226196289 seconds

Avg val. time: 0.0 hours, 0.0 minutes, 0.2142223995178938 seconds
Avg batch val. time: 0.05355559987947345 seconds
Avg sample val. time: 0.0010449873147214332 seconds
Epoch 252 Validation Summary: epoch: 252.000000 | loss: 2.771865 | accuracy: 0.629268 | precision: 0.645007 | AUROC: 0.593113 | AUPRC: 0.369256 | 
Epoch 253 Training Summary: epoch: 253.000000 | loss: 0.000580 | 
Epoch runtime: 0.0 hours, 0.0 minutes, 0.5034723281860352 seconds

Avg epoch train. time: 0.0 hours, 0.0 minutes, 0.4749282829375135 seconds
Avg batch train. time: 0.11873207073437837 seconds
Avg sample train. time: 0.0023280798183211446 seconds
Epoch 254 Training Summary: epoch: 254.000000 | loss: 0.000165 | 
Epoch runtime: 0.0 hours, 0.0 minutes, 0.5065464973449707 seconds

Avg epoch train. time: 0.0 hours, 0.0 minutes, 0.47505276409659797 seconds
Avg batch train. time: 0.11876319102414949 seconds
Avg sample train. time: 0.002328690020081363 seconds
Evaluating on validation set ...
Validation runtime: 0.0 hours, 0.0 minutes, 0.21990180015563965 seconds

Avg val. time: 0.0 hours, 0.0 minutes, 0.2142664258794267 seconds
Avg batch val. time: 0.05356660646985668 seconds
Avg sample val. time: 0.001045202077460618 seconds
Epoch 254 Validation Summary: epoch: 254.000000 | loss: 2.812139 | accuracy: 0.639024 | precision: 0.650600 | AUROC: 0.592342 | AUPRC: 0.359860 | 
Epoch 255 Training Summary: epoch: 255.000000 | loss: 0.000184 | 
Epoch runtime: 0.0 hours, 0.0 minutes, 0.5062656402587891 seconds

Avg epoch train. time: 0.0 hours, 0.0 minutes, 0.47517516753252814 seconds
Avg batch train. time: 0.11879379188313204 seconds
Avg sample train. time: 0.0023292900369241577 seconds
Epoch 256 Training Summary: epoch: 256.000000 | loss: 0.000224 | 
Epoch runtime: 0.0 hours, 0.0 minutes, 0.5130712985992432 seconds

Avg epoch train. time: 0.0 hours, 0.0 minutes, 0.4753231992945075 seconds
Avg batch train. time: 0.11883079982362688 seconds
Avg sample train. time: 0.0023300156828162132 seconds
Evaluating on validation set ...
Validation runtime: 0.0 hours, 0.0 minutes, 0.22866392135620117 seconds

Avg val. time: 0.0 hours, 0.0 minutes, 0.21437717584463267 seconds
Avg batch val. time: 0.05359429396115817 seconds
Avg sample val. time: 0.00104574232119333 seconds
Epoch 256 Validation Summary: epoch: 256.000000 | loss: 2.852775 | accuracy: 0.614634 | precision: 0.636827 | AUROC: 0.588727 | AUPRC: 0.357352 | 
Epoch 257 Training Summary: epoch: 257.000000 | loss: 0.000393 | 
Epoch runtime: 0.0 hours, 0.0 minutes, 0.5043342113494873 seconds

Avg epoch train. time: 0.0 hours, 0.0 minutes, 0.4754360826098965 seconds
Avg batch train. time: 0.11885902065247413 seconds
Avg sample train. time: 0.0023305690324014533 seconds
Epoch 258 Training Summary: epoch: 258.000000 | loss: 0.000205 | 
Epoch runtime: 0.0 hours, 0.0 minutes, 0.5034699440002441 seconds

Avg epoch train. time: 0.0 hours, 0.0 minutes, 0.4755447409873785 seconds
Avg batch train. time: 0.11888618524684462 seconds
Avg sample train. time: 0.0023311016715067572 seconds
Evaluating on validation set ...
Validation runtime: 0.0 hours, 0.0 minutes, 0.20747947692871094 seconds

Avg val. time: 0.0 hours, 0.0 minutes, 0.21432452165443477 seconds
Avg batch val. time: 0.053581130413608694 seconds
Avg sample val. time: 0.0010454854714850477 seconds
Epoch 258 Validation Summary: epoch: 258.000000 | loss: 2.930472 | accuracy: 0.614634 | precision: 0.636827 | AUROC: 0.588786 | AUPRC: 0.356489 | 
Epoch 259 Training Summary: epoch: 259.000000 | loss: 0.000267 | 
Epoch runtime: 0.0 hours, 0.0 minutes, 0.5075488090515137 seconds

Avg epoch train. time: 0.0 hours, 0.0 minutes, 0.47566830881774197 seconds
Avg batch train. time: 0.11891707720443549 seconds
Avg sample train. time: 0.002331707396165402 seconds
Epoch 260 Training Summary: epoch: 260.000000 | loss: 0.000292 | 
Epoch runtime: 0.0 hours, 0.0 minutes, 0.5034034252166748 seconds

Avg epoch train. time: 0.0 hours, 0.0 minutes, 0.4757749823423532 seconds
Avg batch train. time: 0.1189437455855883 seconds
Avg sample train. time: 0.0023322303055997706 seconds
Evaluating on validation set ...
Validation runtime: 0.0 hours, 0.0 minutes, 0.2155294418334961 seconds

Avg val. time: 0.0 hours, 0.0 minutes, 0.2143336498376095 seconds
Avg batch val. time: 0.053583412459402374 seconds
Avg sample val. time: 0.0010455299992078511 seconds
Epoch 260 Validation Summary: epoch: 260.000000 | loss: 2.907136 | accuracy: 0.648780 | precision: 0.656329 | AUROC: 0.593646 | AUPRC: 0.361152 | 
Epoch 261 Training Summary: epoch: 261.000000 | loss: 0.000436 | 
Epoch runtime: 0.0 hours, 0.0 minutes, 0.5076572895050049 seconds

Avg epoch train. time: 0.0 hours, 0.0 minutes, 0.4758971367759266 seconds
Avg batch train. time: 0.11897428419398165 seconds
Avg sample train. time: 0.0023328291018427775 seconds
Epoch 262 Training Summary: epoch: 262.000000 | loss: 0.000200 | 
Epoch runtime: 0.0 hours, 0.0 minutes, 0.4628894329071045 seconds

Avg epoch train. time: 0.0 hours, 0.0 minutes, 0.47584748905123647 seconds
Avg batch train. time: 0.11896187226280912 seconds
Avg sample train. time: 0.002332585730643316 seconds
Evaluating on validation set ...
Validation runtime: 0.0 hours, 0.0 minutes, 0.19593501091003418 seconds

Avg val. time: 0.0 hours, 0.0 minutes, 0.2141953142065751 seconds
Avg batch val. time: 0.05354882855164377 seconds
Avg sample val. time: 0.0010448551912515859 seconds
Epoch 262 Validation Summary: epoch: 262.000000 | loss: 3.015306 | accuracy: 0.614634 | precision: 0.648801 | AUROC: 0.589260 | AUPRC: 0.364801 | 
Epoch 263 Training Summary: epoch: 263.000000 | loss: 0.000152 | 
Epoch runtime: 0.0 hours, 0.0 minutes, 0.3782157897949219 seconds

Avg epoch train. time: 0.0 hours, 0.0 minutes, 0.4754762658601478 seconds
Avg batch train. time: 0.11886906646503695 seconds
Avg sample train. time: 0.0023307660091183716 seconds
Epoch 264 Training Summary: epoch: 264.000000 | loss: 0.000175 | 
Epoch runtime: 0.0 hours, 0.0 minutes, 0.37989258766174316 seconds

Avg epoch train. time: 0.0 hours, 0.0 minutes, 0.47511420647303265 seconds
Avg batch train. time: 0.11877855161825816 seconds
Avg sample train. time: 0.0023289912082011407 seconds
Evaluating on validation set ...
Validation runtime: 0.0 hours, 0.0 minutes, 0.17501235008239746 seconds

Avg val. time: 0.0 hours, 0.0 minutes, 0.2139029040265439 seconds
Avg batch val. time: 0.05347572600663598 seconds
Avg sample val. time: 0.0010434288001294825 seconds
Epoch 264 Validation Summary: epoch: 264.000000 | loss: 3.071683 | accuracy: 0.595122 | precision: 0.642524 | AUROC: 0.590801 | AUPRC: 0.363869 | 
Epoch 265 Training Summary: epoch: 265.000000 | loss: 0.000143 | 
Epoch runtime: 0.0 hours, 0.0 minutes, 0.3702695369720459 seconds

Avg epoch train. time: 0.0 hours, 0.0 minutes, 0.47471856621076475 seconds
Avg batch train. time: 0.11867964155269119 seconds
Avg sample train. time: 0.0023270517951508077 seconds
Epoch 266 Training Summary: epoch: 266.000000 | loss: 0.000156 | 
Epoch runtime: 0.0 hours, 0.0 minutes, 0.4505012035369873 seconds

Avg epoch train. time: 0.0 hours, 0.0 minutes, 0.47462752349394605 seconds
Avg batch train. time: 0.11865688087348651 seconds
Avg sample train. time: 0.002326605507323265 seconds
Evaluating on validation set ...
Validation runtime: 0.0 hours, 0.0 minutes, 0.19819402694702148 seconds

Avg val. time: 0.0 hours, 0.0 minutes, 0.21378654197410302 seconds
Avg batch val. time: 0.053446635493525754 seconds
Avg sample val. time: 0.001042861180361478 seconds
Epoch 266 Validation Summary: epoch: 266.000000 | loss: 3.088939 | accuracy: 0.600000 | precision: 0.649223 | AUROC: 0.595128 | AUPRC: 0.365720 | 
Epoch 267 Training Summary: epoch: 267.000000 | loss: 0.000378 | 
Epoch runtime: 0.0 hours, 0.0 minutes, 0.4631314277648926 seconds

Avg epoch train. time: 0.0 hours, 0.0 minutes, 0.474584466955635 seconds
Avg batch train. time: 0.11864611673890875 seconds
Avg sample train. time: 0.002326394445860956 seconds
Epoch 268 Training Summary: epoch: 268.000000 | loss: 0.000359 | 
Epoch runtime: 0.0 hours, 0.0 minutes, 0.47084903717041016 seconds

Avg epoch train. time: 0.0 hours, 0.0 minutes, 0.4745705287847946 seconds
Avg batch train. time: 0.11864263219619865 seconds
Avg sample train. time: 0.0023263261214940914 seconds
Evaluating on validation set ...
Validation runtime: 0.0 hours, 0.0 minutes, 0.20776915550231934 seconds

Avg val. time: 0.0 hours, 0.0 minutes, 0.2137422964853399 seconds
Avg batch val. time: 0.053435574121334976 seconds
Avg sample val. time: 0.0010426453487089751 seconds
Epoch 268 Validation Summary: epoch: 268.000000 | loss: 3.045978 | accuracy: 0.609756 | precision: 0.650242 | AUROC: 0.599158 | AUPRC: 0.368153 | 
Epoch 269 Training Summary: epoch: 269.000000 | loss: 0.000225 | 
Epoch runtime: 0.0 hours, 0.0 minutes, 0.4744572639465332 seconds

Avg epoch train. time: 0.0 hours, 0.0 minutes, 0.4745701077259163 seconds
Avg batch train. time: 0.11864252693147907 seconds
Avg sample train. time: 0.002326324057479982 seconds
Epoch 270 Training Summary: epoch: 270.000000 | loss: 0.000085 | 
Epoch runtime: 0.0 hours, 0.0 minutes, 0.492779016494751 seconds

Avg epoch train. time: 0.0 hours, 0.0 minutes, 0.47463754812876385 seconds
Avg batch train. time: 0.11865938703219096 seconds
Avg sample train. time: 0.002326654647690019 seconds
Evaluating on validation set ...
Validation runtime: 0.0 hours, 0.0 minutes, 0.2179727554321289 seconds

Avg val. time: 0.0 hours, 0.0 minutes, 0.21377317574772522 seconds
Avg batch val. time: 0.053443293936931306 seconds
Avg sample val. time: 0.0010427959792571962 seconds
Epoch 270 Validation Summary: epoch: 270.000000 | loss: 3.049980 | accuracy: 0.609756 | precision: 0.646184 | AUROC: 0.604670 | AUPRC: 0.371522 | 
Epoch 271 Training Summary: epoch: 271.000000 | loss: 0.000087 | 
Epoch runtime: 0.0 hours, 0.0 minutes, 0.49492979049682617 seconds

Avg epoch train. time: 0.0 hours, 0.0 minutes, 0.4747124272518932 seconds
Avg batch train. time: 0.1186781068129733 seconds
Avg sample train. time: 0.002327021702215163 seconds
Epoch 272 Training Summary: epoch: 272.000000 | loss: 0.000137 | 
Epoch runtime: 0.0 hours, 0.0 minutes, 0.49071455001831055 seconds

Avg epoch train. time: 0.0 hours, 0.0 minutes, 0.47477125858559327 seconds
Avg batch train. time: 0.11869281464639832 seconds
Avg sample train. time: 0.0023273100911058494 seconds
Evaluating on validation set ...
Validation runtime: 0.0 hours, 0.0 minutes, 0.21224141120910645 seconds

Avg val. time: 0.0 hours, 0.0 minutes, 0.21376207600469174 seconds
Avg batch val. time: 0.053440519001172936 seconds
Avg sample val. time: 0.001042741834169228 seconds
Epoch 272 Validation Summary: epoch: 272.000000 | loss: 3.005373 | accuracy: 0.614634 | precision: 0.648801 | AUROC: 0.610420 | AUPRC: 0.374494 | 
Epoch 273 Training Summary: epoch: 273.000000 | loss: 0.000216 | 
Epoch runtime: 0.0 hours, 0.0 minutes, 0.5048460960388184 seconds

Avg epoch train. time: 0.0 hours, 0.0 minutes, 0.4748814228253487 seconds
Avg batch train. time: 0.11872035570633717 seconds
Avg sample train. time: 0.002327850111888964 seconds
Epoch 274 Training Summary: epoch: 274.000000 | loss: 0.001630 | 
Epoch runtime: 0.0 hours, 0.0 minutes, 0.511183500289917 seconds

Avg epoch train. time: 0.0 hours, 0.0 minutes, 0.475013912159161 seconds
Avg batch train. time: 0.11875347803979025 seconds
Avg sample train. time: 0.002328499569407652 seconds
Evaluating on validation set ...
Validation runtime: 0.0 hours, 0.0 minutes, 0.22211837768554688 seconds

Avg val. time: 0.0 hours, 0.0 minutes, 0.21382219328297128 seconds
Avg batch val. time: 0.05345554832074282 seconds
Avg sample val. time: 0.0010430350891852257 seconds
Epoch 274 Validation Summary: epoch: 274.000000 | loss: 2.969465 | accuracy: 0.619512 | precision: 0.651433 | AUROC: 0.605678 | AUPRC: 0.370704 | 
Epoch 275 Training Summary: epoch: 275.000000 | loss: 0.000067 | 
Epoch runtime: 0.0 hours, 0.0 minutes, 0.5097801685333252 seconds

Avg epoch train. time: 0.0 hours, 0.0 minutes, 0.4751403349096125 seconds
Avg batch train. time: 0.11878508372740312 seconds
Avg sample train. time: 0.00232911928877261 seconds
Epoch 276 Training Summary: epoch: 276.000000 | loss: 0.000112 | 
Epoch runtime: 0.0 hours, 0.0 minutes, 0.5492489337921143 seconds

Avg epoch train. time: 0.0 hours, 0.0 minutes, 0.47540884432585345 seconds
Avg batch train. time: 0.11885221108146336 seconds
Avg sample train. time: 0.0023304355114012426 seconds
Evaluating on validation set ...
Validation runtime: 0.0 hours, 0.0 minutes, 0.2550060749053955 seconds

Avg val. time: 0.0 hours, 0.0 minutes, 0.2141163638659886 seconds
Avg batch val. time: 0.05352909096649715 seconds
Avg sample val. time: 0.0010444700676389687 seconds
Epoch 276 Validation Summary: epoch: 276.000000 | loss: 3.073123 | accuracy: 0.639024 | precision: 0.658292 | AUROC: 0.598329 | AUPRC: 0.365668 | 
Epoch 277 Training Summary: epoch: 277.000000 | loss: 0.000823 | 
Epoch runtime: 0.0 hours, 0.0 minutes, 0.5254137516021729 seconds

Avg epoch train. time: 0.0 hours, 0.0 minutes, 0.47558936745681485 seconds
Avg batch train. time: 0.11889734186420371 seconds
Avg sample train. time: 0.0023313204287098766 seconds
Epoch 278 Training Summary: epoch: 278.000000 | loss: 0.000437 | 
Epoch runtime: 0.0 hours, 0.0 minutes, 0.5095086097717285 seconds

Avg epoch train. time: 0.0 hours, 0.0 minutes, 0.47571137911981815 seconds
Avg batch train. time: 0.11892784477995454 seconds
Avg sample train. time: 0.0023319185250971477 seconds
Evaluating on validation set ...
Validation runtime: 0.0 hours, 0.0 minutes, 0.21942663192749023 seconds

Avg val. time: 0.0 hours, 0.0 minutes, 0.21415402534160208 seconds
Avg batch val. time: 0.05353850633540052 seconds
Avg sample val. time: 0.0010446537821541565 seconds
Epoch 278 Validation Summary: epoch: 278.000000 | loss: 3.023743 | accuracy: 0.658537 | precision: 0.658537 | AUROC: 0.636024 | AUPRC: 0.400839 | 
Epoch 279 Training Summary: epoch: 279.000000 | loss: 0.014546 | 
Epoch runtime: 0.0 hours, 0.0 minutes, 0.5468683242797852 seconds

Avg epoch train. time: 0.0 hours, 0.0 minutes, 0.47596642193401156 seconds
Avg batch train. time: 0.11899160548350289 seconds
Avg sample train. time: 0.0023331687349706447 seconds
Epoch 280 Training Summary: epoch: 280.000000 | loss: 0.000356 | 
Epoch runtime: 0.0 hours, 0.0 minutes, 0.5535876750946045 seconds

Avg epoch train. time: 0.0 hours, 0.0 minutes, 0.4762436406952994 seconds
Avg batch train. time: 0.11906091017382485 seconds
Avg sample train. time: 0.002334527650467154 seconds
Evaluating on validation set ...
Validation runtime: 0.0 hours, 0.0 minutes, 0.2478959560394287 seconds

Avg val. time: 0.0 hours, 0.0 minutes, 0.21439164457186846 seconds
Avg batch val. time: 0.053597911142967115 seconds
Avg sample val. time: 0.0010458129003505779 seconds
Epoch 280 Validation Summary: epoch: 280.000000 | loss: 3.062555 | accuracy: 0.624390 | precision: 0.666158 | AUROC: 0.587127 | AUPRC: 0.359421 | 
Epoch 281 Training Summary: epoch: 281.000000 | loss: 0.000246 | 
Epoch runtime: 0.0 hours, 0.0 minutes, 0.527123212814331 seconds

Avg epoch train. time: 0.0 hours, 0.0 minutes, 0.4764247067882497 seconds
Avg batch train. time: 0.11910617669706243 seconds
Avg sample train. time: 0.0023354152293541654 seconds
Epoch 282 Training Summary: epoch: 282.000000 | loss: 0.000656 | 
Epoch runtime: 0.0 hours, 0.0 minutes, 0.5275290012359619 seconds

Avg epoch train. time: 0.0 hours, 0.0 minutes, 0.47660592769054655 seconds
Avg batch train. time: 0.11915148192263664 seconds
Avg sample train. time: 0.0023363035671105222 seconds
Evaluating on validation set ...
Validation runtime: 0.0 hours, 0.0 minutes, 0.2232975959777832 seconds

Avg val. time: 0.0 hours, 0.0 minutes, 0.2144539239523294 seconds
Avg batch val. time: 0.05361348098808235 seconds
Avg sample val. time: 0.001046116702206485 seconds
Epoch 282 Validation Summary: epoch: 282.000000 | loss: 3.291149 | accuracy: 0.580488 | precision: 0.647635 | AUROC: 0.565375 | AUPRC: 0.343343 | 
Epoch 283 Training Summary: epoch: 283.000000 | loss: 0.001517 | 
Epoch runtime: 0.0 hours, 0.0 minutes, 0.5241532325744629 seconds

Avg epoch train. time: 0.0 hours, 0.0 minutes, 0.4767739393685816 seconds
Avg batch train. time: 0.1191934848421454 seconds
Avg sample train. time: 0.002337127153767557 seconds
Epoch 284 Training Summary: epoch: 284.000000 | loss: 0.001090 | 
Epoch runtime: 0.0 hours, 0.0 minutes, 0.5279572010040283 seconds

Avg epoch train. time: 0.0 hours, 0.0 minutes, 0.4769541621208191 seconds
Avg batch train. time: 0.11923854053020477 seconds
Avg sample train. time: 0.002338010598631466 seconds
Evaluating on validation set ...
Validation runtime: 0.0 hours, 0.0 minutes, 0.23640012741088867 seconds

Avg val. time: 0.0 hours, 0.0 minutes, 0.21460632814301384 seconds
Avg batch val. time: 0.05365158203575346 seconds
Avg sample val. time: 0.0010468601372829944 seconds
Epoch 284 Validation Summary: epoch: 284.000000 | loss: 3.117178 | accuracy: 0.624390 | precision: 0.666158 | AUROC: 0.579659 | AUPRC: 0.354370 | 
Epoch 285 Training Summary: epoch: 285.000000 | loss: 0.000598 | 
Epoch runtime: 0.0 hours, 0.0 minutes, 0.5411925315856934 seconds

Avg epoch train. time: 0.0 hours, 0.0 minutes, 0.47717955990841515 seconds
Avg batch train. time: 0.11929488997710379 seconds
Avg sample train. time: 0.002339115489747133 seconds
Epoch 286 Training Summary: epoch: 286.000000 | loss: 0.000422 | 
Epoch runtime: 0.0 hours, 0.0 minutes, 0.5447795391082764 seconds

Avg epoch train. time: 0.0 hours, 0.0 minutes, 0.47741592347205103 seconds
Avg batch train. time: 0.11935398086801276 seconds
Avg sample train. time: 0.0023402741346669168 seconds
Evaluating on validation set ...
Validation runtime: 0.0 hours, 0.0 minutes, 0.23755168914794922 seconds

Avg val. time: 0.0 hours, 0.0 minutes, 0.2147645720120134 seconds
Avg batch val. time: 0.05369114300300335 seconds
Avg sample val. time: 0.0010476320585951872 seconds
Epoch 286 Validation Summary: epoch: 286.000000 | loss: 2.806832 | accuracy: 0.624390 | precision: 0.650125 | AUROC: 0.588193 | AUPRC: 0.361124 | 
Epoch 287 Training Summary: epoch: 287.000000 | loss: 0.000230 | 
Epoch runtime: 0.0 hours, 0.0 minutes, 0.5444505214691162 seconds

Avg epoch train. time: 0.0 hours, 0.0 minutes, 0.47764949349991537 seconds
Avg batch train. time: 0.11941237337497884 seconds
Avg sample train. time: 0.002341419085783899 seconds
Epoch 288 Training Summary: epoch: 288.000000 | loss: 0.000349 | 
Epoch runtime: 0.0 hours, 0.0 minutes, 0.5369393825531006 seconds

Avg epoch train. time: 0.0 hours, 0.0 minutes, 0.4778553611702389 seconds
Avg batch train. time: 0.11946384029255973 seconds
Avg sample train. time: 0.0023424282410305828 seconds
Evaluating on validation set ...
Validation runtime: 0.0 hours, 0.0 minutes, 0.2793924808502197 seconds

Avg val. time: 0.0 hours, 0.0 minutes, 0.21520722892186414 seconds
Avg batch val. time: 0.053801807230466035 seconds
Avg sample val. time: 0.0010497913605944592 seconds
Epoch 288 Validation Summary: epoch: 288.000000 | loss: 2.821327 | accuracy: 0.648780 | precision: 0.660097 | AUROC: 0.606211 | AUPRC: 0.371510 | 
Epoch 289 Training Summary: epoch: 289.000000 | loss: 0.000122 | 
Epoch runtime: 0.0 hours, 0.0 minutes, 0.5441789627075195 seconds

Avg epoch train. time: 0.0 hours, 0.0 minutes, 0.4780848546011638 seconds
Avg batch train. time: 0.11952121365029095 seconds
Avg sample train. time: 0.0023435532088292342 seconds
Epoch 290 Training Summary: epoch: 290.000000 | loss: 0.000118 | 
Epoch runtime: 0.0 hours, 0.0 minutes, 0.5270154476165771 seconds

Avg epoch train. time: 0.0 hours, 0.0 minutes, 0.47825358078397556 seconds
Avg batch train. time: 0.11956339519599389 seconds
Avg sample train. time: 0.0023443802979606645 seconds
Evaluating on validation set ...
Validation runtime: 0.0 hours, 0.0 minutes, 0.22384905815124512 seconds

Avg val. time: 0.0 hours, 0.0 minutes, 0.2152660168758055 seconds
Avg batch val. time: 0.05381650421895137 seconds
Avg sample val. time: 0.0010500781311014902 seconds
Epoch 290 Validation Summary: epoch: 290.000000 | loss: 2.970341 | accuracy: 0.643902 | precision: 0.649638 | AUROC: 0.611546 | AUPRC: 0.373885 | 
Epoch 291 Training Summary: epoch: 291.000000 | loss: 0.000244 | 
Epoch runtime: 0.0 hours, 0.0 minutes, 0.5252952575683594 seconds

Avg epoch train. time: 0.0 hours, 0.0 minutes, 0.4784152360306573 seconds
Avg batch train. time: 0.11960380900766432 seconds
Avg sample train. time: 0.002345172725640477 seconds
Epoch 292 Training Summary: epoch: 292.000000 | loss: 0.018555 | 
Epoch runtime: 0.0 hours, 0.0 minutes, 0.56321120262146 seconds

Avg epoch train. time: 0.0 hours, 0.0 minutes, 0.47870563317651615 seconds
Avg batch train. time: 0.11967640829412904 seconds
Avg sample train. time: 0.002346596241061354 seconds
Evaluating on validation set ...
Validation runtime: 0.0 hours, 0.0 minutes, 0.23636841773986816 seconds

Avg val. time: 0.0 hours, 0.0 minutes, 0.21540860066542755 seconds
Avg batch val. time: 0.05385215016635689 seconds
Avg sample val. time: 0.0010507736617825735 seconds
Epoch 292 Validation Summary: epoch: 292.000000 | loss: 2.913163 | accuracy: 0.639024 | precision: 0.666057 | AUROC: 0.625059 | AUPRC: 0.381712 | 
Epoch 293 Training Summary: epoch: 293.000000 | loss: 0.000392 | 
Epoch runtime: 0.0 hours, 0.0 minutes, 0.5484418869018555 seconds

Avg epoch train. time: 0.0 hours, 0.0 minutes, 0.4789436408684115 seconds
Avg batch train. time: 0.11973591021710288 seconds
Avg sample train. time: 0.0023477629454333898 seconds
Epoch 294 Training Summary: epoch: 294.000000 | loss: 0.004464 | 
Epoch runtime: 0.0 hours, 0.0 minutes, 0.5313456058502197 seconds

Avg epoch train. time: 0.0 hours, 0.0 minutes, 0.47912187884454016 seconds
Avg batch train. time: 0.11978046971113504 seconds
Avg sample train. time: 0.002348636661002648 seconds
Evaluating on validation set ...
Validation runtime: 0.0 hours, 0.0 minutes, 0.21394658088684082 seconds

Avg val. time: 0.0 hours, 0.0 minutes, 0.21539878845214844 seconds
Avg batch val. time: 0.05384969711303711 seconds
Avg sample val. time: 0.0010507257973275533 seconds
Epoch 294 Validation Summary: epoch: 294.000000 | loss: 3.315513 | accuracy: 0.619512 | precision: 0.680580 | AUROC: 0.596136 | AUPRC: 0.370987 | 
Epoch 295 Training Summary: epoch: 295.000000 | loss: 0.007161 | 
Epoch runtime: 0.0 hours, 0.0 minutes, 0.5091366767883301 seconds

Avg epoch train. time: 0.0 hours, 0.0 minutes, 0.4792236239223157 seconds
Avg batch train. time: 0.11980590598057893 seconds
Avg sample train. time: 0.0023491354113839005 seconds
Epoch 296 Training Summary: epoch: 296.000000 | loss: 0.000397 | 
Epoch runtime: 0.0 hours, 0.0 minutes, 0.5075595378875732 seconds

Avg epoch train. time: 0.0 hours, 0.0 minutes, 0.47931935336138753 seconds
Avg batch train. time: 0.11982983834034688 seconds
Avg sample train. time: 0.002349604673340135 seconds
Evaluating on validation set ...
Validation runtime: 0.0 hours, 0.0 minutes, 0.22024941444396973 seconds

Avg val. time: 0.0 hours, 0.0 minutes, 0.21543112595876057 seconds
Avg batch val. time: 0.05385778148969014 seconds
Avg sample val. time: 0.0010508835412622467 seconds
Epoch 296 Validation Summary: epoch: 296.000000 | loss: 3.043701 | accuracy: 0.614634 | precision: 0.652836 | AUROC: 0.615043 | AUPRC: 0.397527 | 
Epoch 297 Training Summary: epoch: 297.000000 | loss: 0.000173 | 
Epoch runtime: 0.0 hours, 0.0 minutes, 0.5141823291778564 seconds

Avg epoch train. time: 0.0 hours, 0.0 minutes, 0.47943673711834534 seconds
Avg batch train. time: 0.11985918427958633 seconds
Avg sample train. time: 0.0023501800839134577 seconds
Epoch 298 Training Summary: epoch: 298.000000 | loss: 0.000525 | 
Epoch runtime: 0.0 hours, 0.0 minutes, 0.5051586627960205 seconds

Avg epoch train. time: 0.0 hours, 0.0 minutes, 0.47952305230518316 seconds
Avg batch train. time: 0.11988076307629579 seconds
Avg sample train. time: 0.0023506031975744275 seconds
Evaluating on validation set ...
Validation runtime: 0.0 hours, 0.0 minutes, 0.22128963470458984 seconds

Avg val. time: 0.0 hours, 0.0 minutes, 0.21546992402992501 seconds
Avg batch val. time: 0.053867481007481254 seconds
Avg sample val. time: 0.0010510728001459756 seconds
Epoch 298 Validation Summary: epoch: 298.000000 | loss: 3.008874 | accuracy: 0.634146 | precision: 0.659445 | AUROC: 0.623696 | AUPRC: 0.402650 | 
Epoch 299 Training Summary: epoch: 299.000000 | loss: 0.005888 | 
Epoch runtime: 0.0 hours, 0.0 minutes, 0.5418832302093506 seconds

Avg epoch train. time: 0.0 hours, 0.0 minutes, 0.47973161477309006 seconds
Avg batch train. time: 0.11993290369327252 seconds
Avg sample train. time: 0.0023516255626131865 seconds
Epoch 300 Training Summary: epoch: 300.000000 | loss: 0.000450 | 
Epoch runtime: 0.0 hours, 0.0 minutes, 0.5345902442932129 seconds

Avg epoch train. time: 0.0 hours, 0.0 minutes, 0.47991447687149047 seconds
Avg batch train. time: 0.11997861921787262 seconds
Avg sample train. time: 0.0023525219454484827 seconds
Evaluating on validation set ...
Validation runtime: 0.0 hours, 0.0 minutes, 0.23619604110717773 seconds

Avg val. time: 0.0 hours, 0.0 minutes, 0.215606280063328 seconds
Avg batch val. time: 0.053901570015832 seconds
Avg sample val. time: 0.0010517379515284293 seconds
Epoch 300 Validation Summary: epoch: 300.000000 | loss: 3.030165 | accuracy: 0.634146 | precision: 0.675407 | AUROC: 0.608642 | AUPRC: 0.396925 | 
Epoch 301 Training Summary: epoch: 301.000000 | loss: 0.015312 | 
Epoch runtime: 0.0 hours, 0.0 minutes, 0.5590145587921143 seconds

Avg epoch train. time: 0.0 hours, 0.0 minutes, 0.4801772678413264 seconds
Avg batch train. time: 0.1200443169603316 seconds
Avg sample train. time: 0.00235381013647709 seconds
Epoch 302 Training Summary: epoch: 302.000000 | loss: 0.000761 | 
Epoch runtime: 0.0 hours, 0.0 minutes, 0.5426115989685059 seconds

Avg epoch train. time: 0.0 hours, 0.0 minutes, 0.4803840040371118 seconds
Avg batch train. time: 0.12009600100927795 seconds
Avg sample train. time: 0.0023548235492015283 seconds
Evaluating on validation set ...
Validation runtime: 0.0 hours, 0.0 minutes, 0.2416090965270996 seconds

Avg val. time: 0.0 hours, 0.0 minutes, 0.2157762331121108 seconds
Avg batch val. time: 0.0539440582780277 seconds
Avg sample val. time: 0.0010525669907907845 seconds
Epoch 302 Validation Summary: epoch: 302.000000 | loss: 3.088501 | accuracy: 0.643902 | precision: 0.684657 | AUROC: 0.609234 | AUPRC: 0.401985 | 
Epoch 303 Training Summary: epoch: 303.000000 | loss: 0.003157 | 
Epoch runtime: 0.0 hours, 0.0 minutes, 0.5515644550323486 seconds

Avg epoch train. time: 0.0 hours, 0.0 minutes, 0.4806189230172941 seconds
Avg batch train. time: 0.12015473075432352 seconds
Avg sample train. time: 0.002355975112829873 seconds
Epoch 304 Training Summary: epoch: 304.000000 | loss: 0.000621 | 
Epoch runtime: 0.0 hours, 0.0 minutes, 0.5724208354949951 seconds

Avg epoch train. time: 0.0 hours, 0.0 minutes, 0.4809209029925497 seconds
Avg batch train. time: 0.12023022574813742 seconds
Avg sample train. time: 0.002357455406826224 seconds
Evaluating on validation set ...
Validation runtime: 0.0 hours, 0.0 minutes, 0.23527240753173828 seconds

Avg val. time: 0.0 hours, 0.0 minutes, 0.2159028316473032 seconds
Avg batch val. time: 0.0539757079118258 seconds
Avg sample val. time: 0.0010531845446209913 seconds
Epoch 304 Validation Summary: epoch: 304.000000 | loss: 3.038363 | accuracy: 0.678049 | precision: 0.692179 | AUROC: 0.615576 | AUPRC: 0.399397 | 
Epoch 305 Training Summary: epoch: 305.000000 | loss: 0.000994 | 
Epoch runtime: 0.0 hours, 0.0 minutes, 0.5600247383117676 seconds

Avg epoch train. time: 0.0 hours, 0.0 minutes, 0.4811802598296619 seconds
Avg batch train. time: 0.12029506495741547 seconds
Avg sample train. time: 0.0023587267638708917 seconds
Epoch 306 Training Summary: epoch: 306.000000 | loss: 0.000640 | 
Epoch runtime: 0.0 hours, 0.0 minutes, 0.546166181564331 seconds

Avg epoch train. time: 0.0 hours, 0.0 minutes, 0.48139263212291244 seconds
Avg batch train. time: 0.12034815803072811 seconds
Avg sample train. time: 0.0023597678045240806 seconds
Evaluating on validation set ...
Validation runtime: 0.0 hours, 0.0 minutes, 0.23304510116577148 seconds

Avg val. time: 0.0 hours, 0.0 minutes, 0.2160134269345191 seconds
Avg batch val. time: 0.05400335673362978 seconds
Avg sample val. time: 0.0010537240338269224 seconds
Epoch 306 Validation Summary: epoch: 306.000000 | loss: 2.962154 | accuracy: 0.673171 | precision: 0.689288 | AUROC: 0.607990 | AUPRC: 0.389381 | 
Epoch 307 Training Summary: epoch: 307.000000 | loss: 0.003429 | 
Epoch runtime: 0.0 hours, 0.0 minutes, 0.5346102714538574 seconds

Avg epoch train. time: 0.0 hours, 0.0 minutes, 0.4815659794822966 seconds
Avg batch train. time: 0.12039149487057416 seconds
Avg sample train. time: 0.002360617546481846 seconds
Epoch 308 Training Summary: epoch: 308.000000 | loss: 0.001569 | 
Epoch runtime: 0.0 hours, 0.0 minutes, 0.5315167903900146 seconds

Avg epoch train. time: 0.0 hours, 0.0 minutes, 0.4817281574397892 seconds
Avg batch train. time: 0.1204320393599473 seconds
Avg sample train. time: 0.0023614125364695548 seconds
Evaluating on validation set ...
Validation runtime: 0.0 hours, 0.0 minutes, 0.23352885246276855 seconds

Avg val. time: 0.0 hours, 0.0 minutes, 0.21612570530328995 seconds
Avg batch val. time: 0.05403142632582249 seconds
Avg sample val. time: 0.0010542717331867802 seconds
Epoch 308 Validation Summary: epoch: 308.000000 | loss: 3.055142 | accuracy: 0.634146 | precision: 0.663373 | AUROC: 0.591038 | AUPRC: 0.376836 | 
Epoch 309 Training Summary: epoch: 309.000000 | loss: 0.000753 | 
Epoch runtime: 0.0 hours, 0.0 minutes, 0.539715051651001 seconds

Avg epoch train. time: 0.0 hours, 0.0 minutes, 0.48191581729160543 seconds
Avg batch train. time: 0.12047895432290136 seconds
Avg sample train. time: 0.002362332437703948 seconds
Epoch 310 Training Summary: epoch: 310.000000 | loss: 0.000365 | 
Epoch runtime: 0.0 hours, 0.0 minutes, 0.5270535945892334 seconds

Avg epoch train. time: 0.0 hours, 0.0 minutes, 0.4820614230248236 seconds
Avg batch train. time: 0.1205153557562059 seconds
Avg sample train. time: 0.002363046191298155 seconds
Evaluating on validation set ...
Validation runtime: 0.0 hours, 0.0 minutes, 0.21976423263549805 seconds

Avg val. time: 0.0 hours, 0.0 minutes, 0.2161488806366161 seconds
Avg batch val. time: 0.05403722015915403 seconds
Avg sample val. time: 0.0010543847835932493 seconds
Epoch 310 Validation Summary: epoch: 310.000000 | loss: 2.742902 | accuracy: 0.673171 | precision: 0.692979 | AUROC: 0.630631 | AUPRC: 0.415559 | 
Epoch 311 Training Summary: epoch: 311.000000 | loss: 0.000368 | 
Epoch runtime: 0.0 hours, 0.0 minutes, 0.5350315570831299 seconds

Avg epoch train. time: 0.0 hours, 0.0 minutes, 0.4822317449992876 seconds
Avg batch train. time: 0.1205579362498219 seconds
Avg sample train. time: 0.0023638811029376844 seconds
Epoch 312 Training Summary: epoch: 312.000000 | loss: 0.000178 | 
Epoch runtime: 0.0 hours, 0.0 minutes, 0.5186128616333008 seconds

Avg epoch train. time: 0.0 hours, 0.0 minutes, 0.4823483511423453 seconds
Avg batch train. time: 0.12058708778558633 seconds
Avg sample train. time: 0.0023644527016781634 seconds
Evaluating on validation set ...
Validation runtime: 0.0 hours, 0.0 minutes, 0.24116086959838867 seconds

Avg val. time: 0.0 hours, 0.0 minutes, 0.21630718436422228 seconds
Avg batch val. time: 0.05407679609105557 seconds
Avg sample val. time: 0.0010551569968986453 seconds
Epoch 312 Validation Summary: epoch: 312.000000 | loss: 2.705646 | accuracy: 0.682927 | precision: 0.698695 | AUROC: 0.644026 | AUPRC: 0.435235 | 
Epoch 313 Training Summary: epoch: 313.000000 | loss: 0.000181 | 
Epoch runtime: 0.0 hours, 0.0 minutes, 0.5356202125549316 seconds

Avg epoch train. time: 0.0 hours, 0.0 minutes, 0.4825185487826411 seconds
Avg batch train. time: 0.12062963719566028 seconds
Avg sample train. time: 0.002365287003836476 seconds
Epoch 314 Training Summary: epoch: 314.000000 | loss: 0.000190 | 
Epoch runtime: 0.0 hours, 0.0 minutes, 0.5532443523406982 seconds

Avg epoch train. time: 0.0 hours, 0.0 minutes, 0.48274379019524644 seconds
Avg batch train. time: 0.12068594754881161 seconds
Avg sample train. time: 0.002366391128408071 seconds
Evaluating on validation set ...
Validation runtime: 0.0 hours, 0.0 minutes, 0.22501087188720703 seconds

Avg val. time: 0.0 hours, 0.0 minutes, 0.2163619245373228 seconds
Avg batch val. time: 0.0540904811343307 seconds
Avg sample val. time: 0.001055424022133282 seconds
Epoch 314 Validation Summary: epoch: 314.000000 | loss: 2.502452 | accuracy: 0.682927 | precision: 0.698695 | AUROC: 0.643314 | AUPRC: 0.432711 | 
Epoch 315 Training Summary: epoch: 315.000000 | loss: 0.000262 | 
Epoch runtime: 0.0 hours, 0.0 minutes, 0.5429611206054688 seconds

Avg epoch train. time: 0.0 hours, 0.0 minutes, 0.48293495632353284 seconds
Avg batch train. time: 0.12073373908088321 seconds
Avg sample train. time: 0.00236732821727222 seconds
Epoch 316 Training Summary: epoch: 316.000000 | loss: 0.000176 | 
Epoch runtime: 0.0 hours, 0.0 minutes, 0.5208771228790283 seconds

Avg epoch train. time: 0.0 hours, 0.0 minutes, 0.48305502647086035 seconds
Avg batch train. time: 0.12076375661771509 seconds
Avg sample train. time: 0.002367916796425786 seconds
Evaluating on validation set ...
Validation runtime: 0.0 hours, 0.0 minutes, 0.22985506057739258 seconds

Avg val. time: 0.0 hours, 0.0 minutes, 0.21644625663757325 seconds
Avg batch val. time: 0.05411156415939331 seconds
Avg sample val. time: 0.0010558353982320647 seconds
Epoch 316 Validation Summary: epoch: 316.000000 | loss: 2.639829 | accuracy: 0.682927 | precision: 0.702337 | AUROC: 0.645804 | AUPRC: 0.437676 | 
Epoch 317 Training Summary: epoch: 317.000000 | loss: 0.000279 | 
Epoch runtime: 0.0 hours, 0.0 minutes, 0.5164849758148193 seconds

Avg epoch train. time: 0.0 hours, 0.0 minutes, 0.4831604837243113 seconds
Avg batch train. time: 0.12079012093107783 seconds
Avg sample train. time: 0.0023684337437466243 seconds
Epoch 318 Training Summary: epoch: 318.000000 | loss: 0.002510 | 
Epoch runtime: 0.0 hours, 0.0 minutes, 0.5251784324645996 seconds

Avg epoch train. time: 0.0 hours, 0.0 minutes, 0.48329261563858894 seconds
Avg batch train. time: 0.12082315390964724 seconds
Avg sample train. time: 0.0023690814492087695 seconds
Evaluating on validation set ...
Validation runtime: 0.0 hours, 0.0 minutes, 0.22727465629577637 seconds

Avg val. time: 0.0 hours, 0.0 minutes, 0.2165135137783074 seconds
Avg batch val. time: 0.05412837844457685 seconds
Avg sample val. time: 0.001056163481845402 seconds
Epoch 318 Validation Summary: epoch: 318.000000 | loss: 2.607639 | accuracy: 0.668293 | precision: 0.690175 | AUROC: 0.647345 | AUPRC: 0.435305 | 
Epoch 319 Training Summary: epoch: 319.000000 | loss: 0.000229 | 
Epoch runtime: 0.0 hours, 0.0 minutes, 0.5056905746459961 seconds

Avg epoch train. time: 0.0 hours, 0.0 minutes, 0.48336282867622976 seconds
Avg batch train. time: 0.12084070716905744 seconds
Avg sample train. time: 0.002369425630765832 seconds
Epoch 320 Training Summary: epoch: 320.000000 | loss: 0.000830 | 
Epoch runtime: 0.0 hours, 0.0 minutes, 0.5411028861999512 seconds

Avg epoch train. time: 0.0 hours, 0.0 minutes, 0.4835432663559914 seconds
Avg batch train. time: 0.12088581658899784 seconds
Avg sample train. time: 0.0023703101291960363 seconds
Evaluating on validation set ...
Validation runtime: 0.0 hours, 0.0 minutes, 0.23911428451538086 seconds

Avg val. time: 0.0 hours, 0.0 minutes, 0.2166530247087832 seconds
Avg batch val. time: 0.0541632561771958 seconds
Avg sample val. time: 0.001056844022969674 seconds
Epoch 320 Validation Summary: epoch: 320.000000 | loss: 2.827147 | accuracy: 0.692683 | precision: 0.687751 | AUROC: 0.650901 | AUPRC: 0.429597 | 
Epoch 321 Training Summary: epoch: 321.000000 | loss: 0.006330 | 
Epoch runtime: 0.0 hours, 0.0 minutes, 0.5377829074859619 seconds

Avg epoch train. time: 0.0 hours, 0.0 minutes, 0.483712237200633 seconds
Avg batch train. time: 0.12092805930015825 seconds
Avg sample train. time: 0.002371138417650162 seconds
Epoch 322 Training Summary: epoch: 322.000000 | loss: 0.000156 | 
Epoch runtime: 0.0 hours, 0.0 minutes, 0.5708434581756592 seconds

Avg epoch train. time: 0.0 hours, 0.0 minutes, 0.4839828310545927 seconds
Avg batch train. time: 0.12099570776364818 seconds
Avg sample train. time: 0.0023724648581107486 seconds
Evaluating on validation set ...
Validation runtime: 0.0 hours, 0.0 minutes, 0.2485826015472412 seconds

Avg val. time: 0.0 hours, 0.0 minutes, 0.21684891168325227 seconds
Avg batch val. time: 0.054212227920813066 seconds
Avg sample val. time: 0.0010577995691865964 seconds
Epoch 322 Validation Summary: epoch: 322.000000 | loss: 3.031352 | accuracy: 0.673171 | precision: 0.682045 | AUROC: 0.594595 | AUPRC: 0.383332 | 
Epoch 323 Training Summary: epoch: 323.000000 | loss: 0.000085 | 
Epoch runtime: 0.0 hours, 0.0 minutes, 0.6600134372711182 seconds

Avg epoch train. time: 0.0 hours, 0.0 minutes, 0.48452781745154794 seconds
Avg batch train. time: 0.12113195436288698 seconds
Avg sample train. time: 0.0023751363600566077 seconds
Epoch 324 Training Summary: epoch: 324.000000 | loss: 0.000227 | 
Epoch runtime: 0.0 hours, 0.0 minutes, 0.9156532287597656 seconds

Avg epoch train. time: 0.0 hours, 0.0 minutes, 0.48585845143706713 seconds
Avg batch train. time: 0.12146461285926678 seconds
Avg sample train. time: 0.0023816590756718975 seconds
Evaluating on validation set ...
Validation runtime: 0.0 hours, 0.0 minutes, 0.7976100444793701 seconds

Avg val. time: 0.0 hours, 0.0 minutes, 0.22039013810274077 seconds
Avg batch val. time: 0.05509753452568519 seconds
Avg sample val. time: 0.0010750738444036136 seconds
Epoch 324 Validation Summary: epoch: 324.000000 | loss: 3.269382 | accuracy: 0.634146 | precision: 0.655544 | AUROC: 0.572072 | AUPRC: 0.363324 | 
Epoch 325 Training Summary: epoch: 325.000000 | loss: 0.000637 | 
Epoch runtime: 0.0 hours, 0.0 minutes, 0.6226258277893066 seconds

Avg epoch train. time: 0.0 hours, 0.0 minutes, 0.48627927413353556 seconds
Avg batch train. time: 0.12156981853338389 seconds
Avg sample train. time: 0.0023837219320271353 seconds
Epoch 326 Training Summary: epoch: 326.000000 | loss: 0.000287 | 
Epoch runtime: 0.0 hours, 0.0 minutes, 0.6293516159057617 seconds

Avg epoch train. time: 0.0 hours, 0.0 minutes, 0.4867181463475608 seconds
Avg batch train. time: 0.1216795365868902 seconds
Avg sample train. time: 0.0023858732664096115 seconds
Evaluating on validation set ...
Validation runtime: 0.0 hours, 0.0 minutes, 0.8458855152130127 seconds

Avg val. time: 0.0 hours, 0.0 minutes, 0.22418101917613636 seconds
Avg batch val. time: 0.05604525479403409 seconds
Avg sample val. time: 0.0010935659472006652 seconds
Epoch 326 Validation Summary: epoch: 326.000000 | loss: 3.471492 | accuracy: 0.648780 | precision: 0.675361 | AUROC: 0.570057 | AUPRC: 0.357490 | 
Epoch 327 Training Summary: epoch: 327.000000 | loss: 0.026921 | 
Epoch runtime: 0.0 hours, 0.0 minutes, 0.47315073013305664 seconds

Avg epoch train. time: 0.0 hours, 0.0 minutes, 0.48667665577809743 seconds
Avg batch train. time: 0.12166916394452436 seconds
Avg sample train. time: 0.0023856698812651836 seconds
Epoch 328 Training Summary: epoch: 328.000000 | loss: 0.000239 | 
Epoch runtime: 0.0 hours, 0.0 minutes, 0.4359593391418457 seconds

Avg epoch train. time: 0.0 hours, 0.0 minutes, 0.486522029812743 seconds
Avg batch train. time: 0.12163050745318575 seconds
Avg sample train. time: 0.0023849119108467795 seconds
Evaluating on validation set ...
Validation runtime: 0.0 hours, 0.0 minutes, 0.2017223834991455 seconds

Avg val. time: 0.0 hours, 0.0 minutes, 0.22404572619013038 seconds
Avg batch val. time: 0.056011431547532596 seconds
Avg sample val. time: 0.0010929059814152702 seconds
Epoch 328 Validation Summary: epoch: 328.000000 | loss: 3.095382 | accuracy: 0.639024 | precision: 0.658292 | AUROC: 0.566619 | AUPRC: 0.359578 | 
Epoch 329 Training Summary: epoch: 329.000000 | loss: 0.000323 | 
Epoch runtime: 0.0 hours, 0.0 minutes, 0.4813423156738281 seconds

Avg epoch train. time: 0.0 hours, 0.0 minutes, 0.4865062860007706 seconds
Avg batch train. time: 0.12162657150019265 seconds
Avg sample train. time: 0.0023848347352978952 seconds
Epoch 330 Training Summary: epoch: 330.000000 | loss: 0.000106 | 
Epoch runtime: 0.0 hours, 0.0 minutes, 1.0387115478515625 seconds

Avg epoch train. time: 0.0 hours, 0.0 minutes, 0.48817963527910635 seconds
Avg batch train. time: 0.12204490881977659 seconds
Avg sample train. time: 0.002393037427838757 seconds
Evaluating on validation set ...
Validation runtime: 0.0 hours, 0.0 minutes, 0.3509352207183838 seconds

Avg val. time: 0.0 hours, 0.0 minutes, 0.2248055435226349 seconds
Avg batch val. time: 0.056201385880658726 seconds
Avg sample val. time: 0.0010966124074274874 seconds
Epoch 330 Validation Summary: epoch: 330.000000 | loss: 3.068608 | accuracy: 0.634146 | precision: 0.651661 | AUROC: 0.569701 | AUPRC: 0.362145 | 
Epoch 331 Training Summary: epoch: 331.000000 | loss: 0.000116 | 
Epoch runtime: 0.0 hours, 0.0 minutes, 0.46016860008239746 seconds

Avg epoch train. time: 0.0 hours, 0.0 minutes, 0.4880950097951284 seconds
Avg batch train. time: 0.1220237524487821 seconds
Avg sample train. time: 0.002392622597034943 seconds
Epoch 332 Training Summary: epoch: 332.000000 | loss: 0.000209 | 
Epoch runtime: 0.0 hours, 0.0 minutes, 0.48854517936706543 seconds

Avg epoch train. time: 0.0 hours, 0.0 minutes, 0.488096365727574 seconds
Avg batch train. time: 0.1220240914318935 seconds
Avg sample train. time: 0.0023926292437626176 seconds
Evaluating on validation set ...
Validation runtime: 0.0 hours, 0.0 minutes, 0.25101161003112793 seconds

Avg val. time: 0.0 hours, 0.0 minutes, 0.22496153201375688 seconds
Avg batch val. time: 0.05624038300343922 seconds
Avg sample val. time: 0.001097373326896375 seconds
Epoch 332 Validation Summary: epoch: 332.000000 | loss: 3.106427 | accuracy: 0.634146 | precision: 0.651661 | AUROC: 0.573376 | AUPRC: 0.362768 | 
Epoch 333 Training Summary: epoch: 333.000000 | loss: 0.000105 | 
Epoch runtime: 0.0 hours, 0.0 minutes, 0.4908759593963623 seconds

Avg epoch train. time: 0.0 hours, 0.0 minutes, 0.4881047128557085 seconds
Avg batch train. time: 0.12202617821392713 seconds
Avg sample train. time: 0.002392670161057395 seconds
Epoch 334 Training Summary: epoch: 334.000000 | loss: 0.000122 | 
Epoch runtime: 0.0 hours, 0.0 minutes, 0.5077011585235596 seconds

Avg epoch train. time: 0.0 hours, 0.0 minutes, 0.488163384848726 seconds
Avg batch train. time: 0.1220408462121815 seconds
Avg sample train. time: 0.0023929577688663038 seconds
Evaluating on validation set ...
Validation runtime: 0.0 hours, 0.0 minutes, 0.24369168281555176 seconds

Avg val. time: 0.0 hours, 0.0 minutes, 0.22507236130844208 seconds
Avg batch val. time: 0.05626809032711052 seconds
Avg sample val. time: 0.0010979139576021565 seconds
Epoch 334 Validation Summary: epoch: 334.000000 | loss: 3.146117 | accuracy: 0.643902 | precision: 0.664903 | AUROC: 0.574324 | AUPRC: 0.362990 | 
Epoch 335 Training Summary: epoch: 335.000000 | loss: 0.000284 | 
Epoch runtime: 0.0 hours, 0.0 minutes, 0.5207440853118896 seconds

Avg epoch train. time: 0.0 hours, 0.0 minutes, 0.4882606406710041 seconds
Avg batch train. time: 0.12206516016775103 seconds
Avg sample train. time: 0.002393434513093157 seconds
Epoch 336 Training Summary: epoch: 336.000000 | loss: 0.000431 | 
Epoch runtime: 0.0 hours, 0.0 minutes, 0.5003986358642578 seconds

Avg epoch train. time: 0.0 hours, 0.0 minutes, 0.48829676565669833 seconds
Avg batch train. time: 0.12207419141417458 seconds
Avg sample train. time: 0.0023936115963563644 seconds
Evaluating on validation set ...
Validation runtime: 0.0 hours, 0.0 minutes, 0.2420063018798828 seconds

Avg val. time: 0.0 hours, 0.0 minutes, 0.22517197272356818 seconds
Avg batch val. time: 0.056292993180892044 seconds
Avg sample val. time: 0.001098399866944235 seconds
Epoch 336 Validation Summary: epoch: 336.000000 | loss: 3.167911 | accuracy: 0.648780 | precision: 0.671499 | AUROC: 0.578355 | AUPRC: 0.367576 | 
Epoch 337 Training Summary: epoch: 337.000000 | loss: 0.000097 | 
Epoch runtime: 0.0 hours, 0.0 minutes, 0.5311605930328369 seconds

Avg epoch train. time: 0.0 hours, 0.0 minutes, 0.48842395802279964 seconds
Avg batch train. time: 0.12210598950569991 seconds
Avg sample train. time: 0.002394235088347057 seconds
Epoch 338 Training Summary: epoch: 338.000000 | loss: 0.000060 | 
Epoch runtime: 0.0 hours, 0.0 minutes, 0.5386302471160889 seconds

Avg epoch train. time: 0.0 hours, 0.0 minutes, 0.4885724973396437 seconds
Avg batch train. time: 0.12214312433491092 seconds
Avg sample train. time: 0.0023949632222531555 seconds
Evaluating on validation set ...
Validation runtime: 0.0 hours, 0.0 minutes, 0.24616503715515137 seconds

Avg val. time: 0.0 hours, 0.0 minutes, 0.22529473918223242 seconds
Avg batch val. time: 0.056323684795558104 seconds
Avg sample val. time: 0.001098998727718207 seconds
Epoch 338 Validation Summary: epoch: 338.000000 | loss: 3.124978 | accuracy: 0.648780 | precision: 0.671499 | AUROC: 0.577406 | AUPRC: 0.366320 | 
Epoch 339 Training Summary: epoch: 339.000000 | loss: 0.000142 | 
Epoch runtime: 0.0 hours, 0.0 minutes, 0.5465226173400879 seconds

Avg epoch train. time: 0.0 hours, 0.0 minutes, 0.48874344164642963 seconds
Avg batch train. time: 0.12218586041160741 seconds
Avg sample train. time: 0.002395801184541322 seconds
Epoch 340 Training Summary: epoch: 340.000000 | loss: 0.000170 | 
Epoch runtime: 0.0 hours, 0.0 minutes, 0.5038180351257324 seconds

Avg epoch train. time: 0.0 hours, 0.0 minutes, 0.48878777868607465 seconds
Avg batch train. time: 0.12219694467151866 seconds
Avg sample train. time: 0.002396018522970954 seconds
Evaluating on validation set ...
Validation runtime: 0.0 hours, 0.0 minutes, 0.22765302658081055 seconds

Avg val. time: 0.0 hours, 0.0 minutes, 0.22530845015547996 seconds
Avg batch val. time: 0.05632711253886999 seconds
Avg sample val. time: 0.0010990656105145365 seconds
Epoch 340 Validation Summary: epoch: 340.000000 | loss: 3.214631 | accuracy: 0.648780 | precision: 0.671499 | AUROC: 0.578947 | AUPRC: 0.364027 | 
Epoch 341 Training Summary: epoch: 341.000000 | loss: 0.000223 | 
Epoch runtime: 0.0 hours, 0.0 minutes, 0.5269544124603271 seconds

Avg epoch train. time: 0.0 hours, 0.0 minutes, 0.48889970429831586 seconds
Avg batch train. time: 0.12222492607457897 seconds
Avg sample train. time: 0.002396567177932921 seconds
Epoch 342 Training Summary: epoch: 342.000000 | loss: 0.000113 | 
Epoch runtime: 0.0 hours, 0.0 minutes, 0.46758222579956055 seconds

Avg epoch train. time: 0.0 hours, 0.0 minutes, 0.48883737248984 seconds
Avg batch train. time: 0.12220934312246 seconds
Avg sample train. time: 0.0023962616298521568 seconds
Evaluating on validation set ...
Validation runtime: 0.0 hours, 0.0 minutes, 0.19322705268859863 seconds

Avg val. time: 0.0 hours, 0.0 minutes, 0.22512300855162515 seconds
Avg batch val. time: 0.05628075213790629 seconds
Avg sample val. time: 0.0010981610173250007 seconds
Epoch 342 Validation Summary: epoch: 342.000000 | loss: 3.140460 | accuracy: 0.648780 | precision: 0.671499 | AUROC: 0.581318 | AUPRC: 0.367849 | 
Epoch 343 Training Summary: epoch: 343.000000 | loss: 0.000089 | 
Epoch runtime: 0.0 hours, 0.0 minutes, 0.3840501308441162 seconds

Avg epoch train. time: 0.0 hours, 0.0 minutes, 0.48853187032760753 seconds
Avg batch train. time: 0.12213296758190188 seconds
Avg sample train. time: 0.00239476407023337 seconds
Epoch 344 Training Summary: epoch: 344.000000 | loss: 0.000160 | 
Epoch runtime: 0.0 hours, 0.0 minutes, 0.38999390602111816 seconds

Avg epoch train. time: 0.0 hours, 0.0 minutes, 0.48824542275694915 seconds
Avg batch train. time: 0.12206135568923729 seconds
Avg sample train. time: 0.002393359915475241 seconds
Evaluating on validation set ...
Validation runtime: 0.0 hours, 0.0 minutes, 1.1829206943511963 seconds

Avg val. time: 0.0 hours, 0.0 minutes, 0.23062759295277213 seconds
Avg batch val. time: 0.05765689823819303 seconds
Avg sample val. time: 0.001125012648550108 seconds
Epoch 344 Validation Summary: epoch: 344.000000 | loss: 3.141578 | accuracy: 0.653659 | precision: 0.674261 | AUROC: 0.584519 | AUPRC: 0.374200 | 
Epoch 345 Training Summary: epoch: 345.000000 | loss: 0.000087 | 
Epoch runtime: 0.0 hours, 0.0 minutes, 0.45139288902282715 seconds

Avg epoch train. time: 0.0 hours, 0.0 minutes, 0.48813860381858937 seconds
Avg batch train. time: 0.12203465095464734 seconds
Avg sample train. time: 0.0023928362932283793 seconds
Epoch 346 Training Summary: epoch: 346.000000 | loss: 0.000098 | 
Epoch runtime: 0.0 hours, 0.0 minutes, 0.4484751224517822 seconds

Avg epoch train. time: 0.0 hours, 0.0 minutes, 0.4880239694793789 seconds
Avg batch train. time: 0.12200599236984473 seconds
Avg sample train. time: 0.002392274360193034 seconds
Evaluating on validation set ...
Validation runtime: 0.0 hours, 0.0 minutes, 0.2368009090423584 seconds

Avg val. time: 0.0 hours, 0.0 minutes, 0.23066286904471262 seconds
Avg batch val. time: 0.057665717261178154 seconds
Avg sample val. time: 0.0011251847270473787 seconds
Epoch 346 Validation Summary: epoch: 346.000000 | loss: 3.171617 | accuracy: 0.653659 | precision: 0.678085 | AUROC: 0.581555 | AUPRC: 0.364886 | 
Epoch 347 Training Summary: epoch: 347.000000 | loss: 0.000085 | 
Epoch runtime: 0.0 hours, 0.0 minutes, 0.48908019065856934 seconds

Avg epoch train. time: 0.0 hours, 0.0 minutes, 0.48802701334444865 seconds
Avg batch train. time: 0.12200675333611216 seconds
Avg sample train. time: 0.0023922892811002383 seconds
Epoch 348 Training Summary: epoch: 348.000000 | loss: 0.000042 | 
Epoch runtime: 0.0 hours, 0.0 minutes, 0.5858325958251953 seconds

Avg epoch train. time: 0.0 hours, 0.0 minutes, 0.4883080638688186 seconds
Avg batch train. time: 0.12207701596720465 seconds
Avg sample train. time: 0.002393666979749111 seconds
Evaluating on validation set ...
Validation runtime: 0.0 hours, 0.0 minutes, 0.2982480525970459 seconds

Avg val. time: 0.0 hours, 0.0 minutes, 0.23104687576944177 seconds
Avg batch val. time: 0.05776171894236044 seconds
Avg sample val. time: 0.0011270579305826427 seconds
Epoch 348 Validation Summary: epoch: 348.000000 | loss: 3.191870 | accuracy: 0.653659 | precision: 0.678085 | AUROC: 0.584400 | AUPRC: 0.368058 | 
Epoch 349 Training Summary: epoch: 349.000000 | loss: 0.000059 | 
Epoch runtime: 0.0 hours, 0.0 minutes, 0.5579326152801514 seconds

Avg epoch train. time: 0.0 hours, 0.0 minutes, 0.4885075611507995 seconds
Avg batch train. time: 0.12212689028769988 seconds
Avg sample train. time: 0.0023946449076019585 seconds
Epoch 350 Training Summary: epoch: 350.000000 | loss: 0.000068 | 
Epoch runtime: 0.0 hours, 0.0 minutes, 0.5812304019927979 seconds

Avg epoch train. time: 0.0 hours, 0.0 minutes, 0.48877248355320524 seconds
Avg batch train. time: 0.12219312088830131 seconds
Avg sample train. time: 0.0023959435468294374 seconds
Evaluating on validation set ...
Validation runtime: 0.0 hours, 0.0 minutes, 0.26661157608032227 seconds

Avg val. time: 0.0 hours, 0.0 minutes, 0.23124780627967273 seconds
Avg batch val. time: 0.05781195156991818 seconds
Avg sample val. time: 0.0011280380794130376 seconds
Epoch 350 Validation Summary: epoch: 350.000000 | loss: 3.192763 | accuracy: 0.653659 | precision: 0.678085 | AUROC: 0.583333 | AUPRC: 0.365756 | 
Epoch 351 Training Summary: epoch: 351.000000 | loss: 0.000043 | 
Epoch runtime: 0.0 hours, 0.0 minutes, 0.6001918315887451 seconds

Avg epoch train. time: 0.0 hours, 0.0 minutes, 0.48908991759319254 seconds
Avg batch train. time: 0.12227247939829813 seconds
Avg sample train. time: 0.0023974995960450614 seconds
Epoch 352 Training Summary: epoch: 352.000000 | loss: 0.000044 | 
Epoch runtime: 0.0 hours, 0.0 minutes, 0.585036039352417 seconds

Avg epoch train. time: 0.0 hours, 0.0 minutes, 0.4893624918027358 seconds
Avg batch train. time: 0.12234062295068394 seconds
Avg sample train. time: 0.0023988357441310578 seconds
Evaluating on validation set ...
Validation runtime: 0.0 hours, 0.0 minutes, 0.2904083728790283 seconds

Avg val. time: 0.0 hours, 0.0 minutes, 0.231580169013377 seconds
Avg batch val. time: 0.05789504225334425 seconds
Avg sample val. time: 0.0011296593610408633 seconds
Epoch 352 Validation Summary: epoch: 352.000000 | loss: 3.050317 | accuracy: 0.653659 | precision: 0.674261 | AUROC: 0.584045 | AUPRC: 0.372144 | 
Epoch 353 Training Summary: epoch: 353.000000 | loss: 0.000061 | 
Epoch runtime: 0.0 hours, 0.0 minutes, 0.589489221572876 seconds

Avg epoch train. time: 0.0 hours, 0.0 minutes, 0.4896461369295634 seconds
Avg batch train. time: 0.12241153423239085 seconds
Avg sample train. time: 0.0024002261614194283 seconds
Epoch 354 Training Summary: epoch: 354.000000 | loss: 0.000038 | 
Epoch runtime: 0.0 hours, 0.0 minutes, 0.5878853797912598 seconds

Avg epoch train. time: 0.0 hours, 0.0 minutes, 0.48992364891504836 seconds
Avg batch train. time: 0.12248091222876209 seconds
Avg sample train. time: 0.002401586514289453 seconds
Evaluating on validation set ...
Validation runtime: 0.0 hours, 0.0 minutes, 0.2899594306945801 seconds

Avg val. time: 0.0 hours, 0.0 minutes, 0.2319063101400876 seconds
Avg batch val. time: 0.0579765775350219 seconds
Avg sample val. time: 0.001131250293366281 seconds
Epoch 354 Validation Summary: epoch: 354.000000 | loss: 3.115773 | accuracy: 0.653659 | precision: 0.678085 | AUROC: 0.585111 | AUPRC: 0.370818 | 
Epoch 355 Training Summary: epoch: 355.000000 | loss: 0.000066 | 
Epoch runtime: 0.0 hours, 0.0 minutes, 0.5901801586151123 seconds

Avg epoch train. time: 0.0 hours, 0.0 minutes, 0.49020606161842883 seconds
Avg batch train. time: 0.12255151540460721 seconds
Avg sample train. time: 0.0024029708902864157 seconds
Epoch 356 Training Summary: epoch: 356.000000 | loss: 0.000124 | 
Epoch runtime: 0.0 hours, 0.0 minutes, 0.5837678909301758 seconds

Avg epoch train. time: 0.0 hours, 0.0 minutes, 0.490468875745709 seconds
Avg batch train. time: 0.12261721893642726 seconds
Avg sample train. time: 0.002404259194831907 seconds
Evaluating on validation set ...
Validation runtime: 0.0 hours, 0.0 minutes, 0.2962031364440918 seconds

Avg val. time: 0.0 hours, 0.0 minutes, 0.23226351473066542 seconds
Avg batch val. time: 0.058065878682666355 seconds
Avg sample val. time: 0.0011329927547837338 seconds
Epoch 356 Validation Summary: epoch: 356.000000 | loss: 3.155176 | accuracy: 0.653659 | precision: 0.678085 | AUROC: 0.587364 | AUPRC: 0.372970 | 
Epoch 357 Training Summary: epoch: 357.000000 | loss: 0.000166 | 
Epoch runtime: 0.0 hours, 0.0 minutes, 0.54768967628479 seconds

Avg epoch train. time: 0.0 hours, 0.0 minutes, 0.4906291581001602 seconds
Avg batch train. time: 0.12265728952504006 seconds
Avg sample train. time: 0.0024050448926478444 seconds
Epoch 358 Training Summary: epoch: 358.000000 | loss: 0.000063 | 
Epoch runtime: 0.0 hours, 0.0 minutes, 0.5535926818847656 seconds

Avg epoch train. time: 0.0 hours, 0.0 minutes, 0.4908050338649217 seconds
Avg batch train. time: 0.12270125846623042 seconds
Avg sample train. time: 0.002405907028749616 seconds
Evaluating on validation set ...
Validation runtime: 0.0 hours, 0.0 minutes, 0.24432921409606934 seconds

Avg val. time: 0.0 hours, 0.0 minutes, 0.23233017605312622 seconds
Avg batch val. time: 0.058082544013281556 seconds
Avg sample val. time: 0.0011333179319664695 seconds
Epoch 358 Validation Summary: epoch: 358.000000 | loss: 3.035741 | accuracy: 0.658537 | precision: 0.680837 | AUROC: 0.591275 | AUPRC: 0.377117 | 
Epoch 359 Training Summary: epoch: 359.000000 | loss: 0.000031 | 
Epoch runtime: 0.0 hours, 0.0 minutes, 0.5510871410369873 seconds

Avg epoch train. time: 0.0 hours, 0.0 minutes, 0.4909729505979915 seconds
Avg batch train. time: 0.12274323764949788 seconds
Avg sample train. time: 0.0024067301499901546 seconds
Epoch 360 Training Summary: epoch: 360.000000 | loss: 0.000216 | 
Epoch runtime: 0.0 hours, 0.0 minutes, 0.5376086235046387 seconds

Avg epoch train. time: 0.0 hours, 0.0 minutes, 0.4911024941338433 seconds
Avg batch train. time: 0.12277562353346083 seconds
Avg sample train. time: 0.0024073651673227614 seconds
Evaluating on validation set ...
Validation runtime: 0.0 hours, 0.0 minutes, 0.2412106990814209 seconds

Avg val. time: 0.0 hours, 0.0 minutes, 0.23237897013569928 seconds
Avg batch val. time: 0.05809474253392482 seconds
Avg sample val. time: 0.0011335559518814598 seconds
Epoch 360 Validation Summary: epoch: 360.000000 | loss: 3.087092 | accuracy: 0.639024 | precision: 0.669990 | AUROC: 0.589142 | AUPRC: 0.375002 | 
Epoch 361 Training Summary: epoch: 361.000000 | loss: 0.000042 | 
Epoch runtime: 0.0 hours, 0.0 minutes, 0.5535697937011719 seconds

Avg epoch train. time: 0.0 hours, 0.0 minutes, 0.4912755337448331 seconds
Avg batch train. time: 0.12281888343620828 seconds
Avg sample train. time: 0.0024082134007099663 seconds
Epoch 362 Training Summary: epoch: 362.000000 | loss: 0.000050 | 
Epoch runtime: 0.0 hours, 0.0 minutes, 0.5632123947143555 seconds

Avg epoch train. time: 0.0 hours, 0.0 minutes, 0.49147425435524617 seconds
Avg batch train. time: 0.12286856358881154 seconds
Avg sample train. time: 0.002409187521349246 seconds
Evaluating on validation set ...
Validation runtime: 0.0 hours, 0.0 minutes, 0.23059821128845215 seconds

Avg val. time: 0.0 hours, 0.0 minutes, 0.2323692392130367 seconds
Avg batch val. time: 0.058092309803259176 seconds
Avg sample val. time: 0.0011335084839660327 seconds
Epoch 362 Validation Summary: epoch: 362.000000 | loss: 3.076287 | accuracy: 0.648780 | precision: 0.675361 | AUROC: 0.597084 | AUPRC: 0.377374 | 
Epoch 363 Training Summary: epoch: 363.000000 | loss: 0.000048 | 
Epoch runtime: 0.0 hours, 0.0 minutes, 0.5670499801635742 seconds

Avg epoch train. time: 0.0 hours, 0.0 minutes, 0.49168245194700466 seconds
Avg batch train. time: 0.12292061298675117 seconds
Avg sample train. time: 0.0024102080977794348 seconds
Epoch 364 Training Summary: epoch: 364.000000 | loss: 0.000296 | 
Epoch runtime: 0.0 hours, 0.0 minutes, 0.5497090816497803 seconds

Avg epoch train. time: 0.0 hours, 0.0 minutes, 0.49184186576486943 seconds
Avg batch train. time: 0.12296046644121736 seconds
Avg sample train. time: 0.0024109895380630855 seconds
Evaluating on validation set ...
Validation runtime: 0.0 hours, 0.0 minutes, 0.2428596019744873 seconds

Avg val. time: 0.0 hours, 0.0 minutes, 0.23242625205413156 seconds
Avg batch val. time: 0.05810656301353289 seconds
Avg sample val. time: 0.0011337865953860075 seconds
Epoch 364 Validation Summary: epoch: 364.000000 | loss: 3.175531 | accuracy: 0.668293 | precision: 0.686436 | AUROC: 0.604196 | AUPRC: 0.382059 | 
Epoch 365 Training Summary: epoch: 365.000000 | loss: 0.000030 | 
Epoch runtime: 0.0 hours, 0.0 minutes, 0.5462527275085449 seconds

Avg epoch train. time: 0.0 hours, 0.0 minutes, 0.4919909366189617 seconds
Avg batch train. time: 0.12299773415474043 seconds
Avg sample train. time: 0.00241172027754393 seconds
Epoch 366 Training Summary: epoch: 366.000000 | loss: 0.000023 | 
Epoch runtime: 0.0 hours, 0.0 minutes, 0.544987678527832 seconds

Avg epoch train. time: 0.0 hours, 0.0 minutes, 0.4921357364602428 seconds
Avg batch train. time: 0.1230339341150607 seconds
Avg sample train. time: 0.0024124300806874647 seconds
Evaluating on validation set ...
Validation runtime: 0.0 hours, 0.0 minutes, 0.24493145942687988 seconds

Avg val. time: 0.0 hours, 0.0 minutes, 0.23249384776965992 seconds
Avg batch val. time: 0.05812346194241498 seconds
Avg sample val. time: 0.001134116330583707 seconds
Epoch 366 Validation Summary: epoch: 366.000000 | loss: 3.158433 | accuracy: 0.658537 | precision: 0.680837 | AUROC: 0.599929 | AUPRC: 0.378811 | 
Epoch 367 Training Summary: epoch: 367.000000 | loss: 0.000088 | 
Epoch runtime: 0.0 hours, 0.0 minutes, 0.5571842193603516 seconds

Avg epoch train. time: 0.0 hours, 0.0 minutes, 0.49231298028285886 seconds
Avg batch train. time: 0.12307824507071471 seconds
Avg sample train. time: 0.0024132989229551905 seconds
Epoch 368 Training Summary: epoch: 368.000000 | loss: 0.000099 | 
Epoch runtime: 0.0 hours, 0.0 minutes, 0.5513606071472168 seconds

Avg epoch train. time: 0.0 hours, 0.0 minutes, 0.49247343579064246 seconds
Avg batch train. time: 0.12311835894766061 seconds
Avg sample train. time: 0.002414085469561973 seconds
Evaluating on validation set ...
Validation runtime: 0.0 hours, 0.0 minutes, 0.24852466583251953 seconds

Avg val. time: 0.0 hours, 0.0 minutes, 0.23258003496354626 seconds
Avg batch val. time: 0.058145008740886565 seconds
Avg sample val. time: 0.0011345367559197378 seconds
Epoch 368 Validation Summary: epoch: 368.000000 | loss: 3.203920 | accuracy: 0.658537 | precision: 0.680837 | AUROC: 0.598981 | AUPRC: 0.377798 | 
Epoch 369 Training Summary: epoch: 369.000000 | loss: 0.000368 | 
Epoch runtime: 0.0 hours, 0.0 minutes, 0.5485570430755615 seconds

Avg epoch train. time: 0.0 hours, 0.0 minutes, 0.4926254238862655 seconds
Avg batch train. time: 0.12315635597156638 seconds
Avg sample train. time: 0.0024148305092463996 seconds
Epoch 370 Training Summary: epoch: 370.000000 | loss: 0.000032 | 
Epoch runtime: 0.0 hours, 0.0 minutes, 0.5289063453674316 seconds

Avg epoch train. time: 0.0 hours, 0.0 minutes, 0.4927234804308092 seconds
Avg batch train. time: 0.1231808701077023 seconds
Avg sample train. time: 0.0024153111785823983 seconds
Evaluating on validation set ...
Validation runtime: 0.0 hours, 0.0 minutes, 0.22095370292663574 seconds

Avg val. time: 0.0 hours, 0.0 minutes, 0.23251786206495315 seconds
Avg batch val. time: 0.058129465516238286 seconds
Avg sample val. time: 0.0011342334734875763 seconds
Epoch 370 Validation Summary: epoch: 370.000000 | loss: 3.114781 | accuracy: 0.634146 | precision: 0.659445 | AUROC: 0.594002 | AUPRC: 0.374366 | 
Epoch 371 Training Summary: epoch: 371.000000 | loss: 0.000067 | 
Epoch runtime: 0.0 hours, 0.0 minutes, 0.5429296493530273 seconds

Avg epoch train. time: 0.0 hours, 0.0 minutes, 0.4928588070316777 seconds
Avg batch train. time: 0.12321470175791943 seconds
Avg sample train. time: 0.00241597454427293 seconds
Epoch 372 Training Summary: epoch: 372.000000 | loss: 0.000062 | 
Epoch runtime: 0.0 hours, 0.0 minutes, 0.5257008075714111 seconds

Avg epoch train. time: 0.0 hours, 0.0 minutes, 0.4929470919793652 seconds
Avg batch train. time: 0.1232367729948413 seconds
Avg sample train. time: 0.0024164073136243394 seconds
Evaluating on validation set ...
Validation runtime: 0.0 hours, 0.0 minutes, 0.2467198371887207 seconds

Avg val. time: 0.0 hours, 0.0 minutes, 0.23259340448582427 seconds
Avg batch val. time: 0.05814835112145607 seconds
Avg sample val. time: 0.0011346019731015818 seconds
Epoch 372 Validation Summary: epoch: 372.000000 | loss: 2.956084 | accuracy: 0.629268 | precision: 0.656753 | AUROC: 0.592105 | AUPRC: 0.374620 | 
Epoch 373 Training Summary: epoch: 373.000000 | loss: 0.000133 | 
Epoch runtime: 0.0 hours, 0.0 minutes, 0.5481688976287842 seconds

Avg epoch train. time: 0.0 hours, 0.0 minutes, 0.4930951397156907 seconds
Avg batch train. time: 0.12327378492892267 seconds
Avg sample train. time: 0.002417133037822013 seconds
Epoch 374 Training Summary: epoch: 374.000000 | loss: 0.003650 | 
Epoch runtime: 0.0 hours, 0.0 minutes, 0.542654275894165 seconds

Avg epoch train. time: 0.0 hours, 0.0 minutes, 0.4932276507749914 seconds
Avg batch train. time: 0.12330691269374786 seconds
Avg sample train. time: 0.0024177826018381933 seconds
Evaluating on validation set ...
Validation runtime: 0.0 hours, 0.0 minutes, 0.24042940139770508 seconds

Avg val. time: 0.0 hours, 0.0 minutes, 0.2326348647869453 seconds
Avg batch val. time: 0.05815871619673633 seconds
Avg sample val. time: 0.001134804218472904 seconds
Epoch 374 Validation Summary: epoch: 374.000000 | loss: 3.119286 | accuracy: 0.639024 | precision: 0.673966 | AUROC: 0.590920 | AUPRC: 0.375997 | 
Epoch 375 Training Summary: epoch: 375.000000 | loss: 0.000057 | 
Epoch runtime: 0.0 hours, 0.0 minutes, 0.5210568904876709 seconds

Avg epoch train. time: 0.0 hours, 0.0 minutes, 0.49330186208089194 seconds
Avg batch train. time: 0.12332546552022298 seconds
Avg sample train. time: 0.0024181463827494705 seconds
Epoch 376 Training Summary: epoch: 376.000000 | loss: 0.000497 | 
Epoch runtime: 0.0 hours, 0.0 minutes, 0.5169162750244141 seconds

Avg epoch train. time: 0.0 hours, 0.0 minutes, 0.49336466637063536 seconds
Avg batch train. time: 0.12334116659265884 seconds
Avg sample train. time: 0.002418454246914879 seconds
Evaluating on validation set ...
Validation runtime: 0.0 hours, 0.0 minutes, 0.2325153350830078 seconds

Avg val. time: 0.0 hours, 0.0 minutes, 0.23263423568324038 seconds
Avg batch val. time: 0.058158558920810094 seconds
Avg sample val. time: 0.0011348011496743434 seconds
Epoch 376 Validation Summary: epoch: 376.000000 | loss: 3.486972 | accuracy: 0.639024 | precision: 0.669990 | AUROC: 0.593528 | AUPRC: 0.374942 | 
Epoch 377 Training Summary: epoch: 377.000000 | loss: 0.000121 | 
Epoch runtime: 0.0 hours, 0.0 minutes, 0.5289871692657471 seconds

Avg epoch train. time: 0.0 hours, 0.0 minutes, 0.4934591557682351 seconds
Avg batch train. time: 0.12336478894205878 seconds
Avg sample train. time: 0.0024189174302364468 seconds
Epoch 378 Training Summary: epoch: 378.000000 | loss: 0.000200 | 
Epoch runtime: 0.0 hours, 0.0 minutes, 0.5306620597839355 seconds

Avg epoch train. time: 0.0 hours, 0.0 minutes, 0.493557576149229 seconds
Avg batch train. time: 0.12338939403730725 seconds
Avg sample train. time: 0.002419399883084456 seconds
Evaluating on validation set ...
Validation runtime: 0.0 hours, 0.0 minutes, 0.2318103313446045 seconds

Avg val. time: 0.0 hours, 0.0 minutes, 0.23262992204795957 seconds
Avg batch val. time: 0.05815748051198989 seconds
Avg sample val. time: 0.0011347801075510223 seconds
Epoch 378 Validation Summary: epoch: 378.000000 | loss: 3.565805 | accuracy: 0.634146 | precision: 0.667338 | AUROC: 0.598743 | AUPRC: 0.379332 | 
Epoch 379 Training Summary: epoch: 379.000000 | loss: 0.000226 | 
Epoch runtime: 0.0 hours, 0.0 minutes, 0.5217599868774414 seconds

Avg epoch train. time: 0.0 hours, 0.0 minutes, 0.4936319888424433 seconds
Avg batch train. time: 0.12340799721061083 seconds
Avg sample train. time: 0.0024197646511884474 seconds
Epoch 380 Training Summary: epoch: 380.000000 | loss: 0.000179 | 
Epoch runtime: 0.0 hours, 0.0 minutes, 0.5383808612823486 seconds

Avg epoch train. time: 0.0 hours, 0.0 minutes, 0.4937497490330746 seconds
Avg batch train. time: 0.12343743725826865 seconds
Avg sample train. time: 0.0024203419070248757 seconds
Evaluating on validation set ...
Validation runtime: 0.0 hours, 0.0 minutes, 0.23159027099609375 seconds

Avg val. time: 0.0 hours, 0.0 minutes, 0.2326245071987311 seconds
Avg batch val. time: 0.058156126799682774 seconds
Avg sample val. time: 0.0011347536936523468 seconds
Epoch 380 Validation Summary: epoch: 380.000000 | loss: 3.333420 | accuracy: 0.658537 | precision: 0.692488 | AUROC: 0.597795 | AUPRC: 0.382675 | 
Epoch 381 Training Summary: epoch: 381.000000 | loss: 0.000087 | 
Epoch runtime: 0.0 hours, 0.0 minutes, 0.5269808769226074 seconds

Avg epoch train. time: 0.0 hours, 0.0 minutes, 0.49383696984118364 seconds
Avg batch train. time: 0.12345924246029591 seconds
Avg sample train. time: 0.0024207694600058022 seconds
Epoch 382 Training Summary: epoch: 382.000000 | loss: 0.000068 | 
Epoch runtime: 0.0 hours, 0.0 minutes, 0.5320467948913574 seconds

Avg epoch train. time: 0.0 hours, 0.0 minutes, 0.4939369955612103 seconds
Avg batch train. time: 0.12348424889030257 seconds
Avg sample train. time: 0.0024212597821627957 seconds
Evaluating on validation set ...
Validation runtime: 0.0 hours, 0.0 minutes, 0.23889708518981934 seconds

Avg val. time: 0.0 hours, 0.0 minutes, 0.23265700760283 seconds
Avg batch val. time: 0.0581642519007075 seconds
Avg sample val. time: 0.0011349122322089269 seconds
Epoch 382 Validation Summary: epoch: 382.000000 | loss: 3.426443 | accuracy: 0.658537 | precision: 0.692488 | AUROC: 0.602892 | AUPRC: 0.383028 | 
Epoch 383 Training Summary: epoch: 383.000000 | loss: 0.000275 | 
Epoch runtime: 0.0 hours, 0.0 minutes, 0.5403525829315186 seconds

Avg epoch train. time: 0.0 hours, 0.0 minutes, 0.4940581850843703 seconds
Avg batch train. time: 0.12351454627109258 seconds
Avg sample train. time: 0.0024218538484527957 seconds
Epoch 384 Training Summary: epoch: 384.000000 | loss: 0.000063 | 
Epoch runtime: 0.0 hours, 0.0 minutes, 0.5252783298492432 seconds

Avg epoch train. time: 0.0 hours, 0.0 minutes, 0.49413948754469555 seconds
Avg batch train. time: 0.12353487188617389 seconds
Avg sample train. time: 0.0024222523899249783 seconds
Evaluating on validation set ...
Validation runtime: 0.0 hours, 0.0 minutes, 0.23642992973327637 seconds

Avg val. time: 0.0 hours, 0.0 minutes, 0.2326764556550488 seconds
Avg batch val. time: 0.0581691139137622 seconds
Avg sample val. time: 0.0011350071007563355 seconds
Epoch 384 Validation Summary: epoch: 384.000000 | loss: 3.387279 | accuracy: 0.658537 | precision: 0.692488 | AUROC: 0.603722 | AUPRC: 0.383486 | 
Epoch 385 Training Summary: epoch: 385.000000 | loss: 0.000049 | 
Epoch runtime: 0.0 hours, 0.0 minutes, 0.5239565372467041 seconds

Avg epoch train. time: 0.0 hours, 0.0 minutes, 0.4942169344270384 seconds
Avg batch train. time: 0.1235542336067596 seconds
Avg sample train. time: 0.0024226320315050903 seconds
Epoch 386 Training Summary: epoch: 386.000000 | loss: 0.000025 | 
Epoch runtime: 0.0 hours, 0.0 minutes, 0.5473108291625977 seconds

Avg epoch train. time: 0.0 hours, 0.0 minutes, 0.49435448337713056 seconds
Avg batch train. time: 0.12358862084428264 seconds
Avg sample train. time: 0.0024233062910643654 seconds
Evaluating on validation set ...
Validation runtime: 0.0 hours, 0.0 minutes, 0.23368501663208008 seconds

Avg val. time: 0.0 hours, 0.0 minutes, 0.23268162776262333 seconds
Avg batch val. time: 0.05817040694065583 seconds
Avg sample val. time: 0.0011350323305493821 seconds
Epoch 386 Validation Summary: epoch: 386.000000 | loss: 3.358617 | accuracy: 0.658537 | precision: 0.684665 | AUROC: 0.607871 | AUPRC: 0.384808 | 
Epoch 387 Training Summary: epoch: 387.000000 | loss: 0.000044 | 
Epoch runtime: 0.0 hours, 0.0 minutes, 0.6103489398956299 seconds

Avg epoch train. time: 0.0 hours, 0.0 minutes, 0.49465421065495613 seconds
Avg batch train. time: 0.12366355266373903 seconds
Avg sample train. time: 0.0024247755424262555 seconds
Epoch 388 Training Summary: epoch: 388.000000 | loss: 0.000130 | 
Epoch runtime: 0.0 hours, 0.0 minutes, 0.6035411357879639 seconds

Avg epoch train. time: 0.0 hours, 0.0 minutes, 0.4949348470599381 seconds
Avg batch train. time: 0.12373371176498453 seconds
Avg sample train. time: 0.002426151211078128 seconds
Evaluating on validation set ...
Validation runtime: 0.0 hours, 0.0 minutes, 0.2673776149749756 seconds

Avg val. time: 0.0 hours, 0.0 minutes, 0.2328586481055435 seconds
Avg batch val. time: 0.05821466202638587 seconds
Avg sample val. time: 0.0011358958444172853 seconds
Epoch 388 Validation Summary: epoch: 388.000000 | loss: 3.221152 | accuracy: 0.658537 | precision: 0.688546 | AUROC: 0.603248 | AUPRC: 0.384703 | 
Epoch 389 Training Summary: epoch: 389.000000 | loss: 0.000021 | 
Epoch runtime: 0.0 hours, 0.0 minutes, 0.5722744464874268 seconds

Avg epoch train. time: 0.0 hours, 0.0 minutes, 0.4951336635109085 seconds
Avg batch train. time: 0.12378341587772712 seconds
Avg sample train. time: 0.002427125801524061 seconds
Epoch 390 Training Summary: epoch: 390.000000 | loss: 0.000030 | 
Epoch runtime: 0.0 hours, 0.0 minutes, 0.5906429290771484 seconds

Avg epoch train. time: 0.0 hours, 0.0 minutes, 0.4953785590636425 seconds
Avg batch train. time: 0.12384463976591062 seconds
Avg sample train. time: 0.002428326269919816 seconds
Evaluating on validation set ...
Validation runtime: 0.0 hours, 0.0 minutes, 0.2739698886871338 seconds

Avg val. time: 0.0 hours, 0.0 minutes, 0.23306733460595766 seconds
Avg batch val. time: 0.058266833651489415 seconds
Avg sample val. time: 0.001136913827346135 seconds
Epoch 390 Validation Summary: epoch: 390.000000 | loss: 3.203057 | accuracy: 0.663415 | precision: 0.695143 | AUROC: 0.603900 | AUPRC: 0.385485 | 
Epoch 391 Training Summary: epoch: 391.000000 | loss: 0.000027 | 
Epoch runtime: 0.0 hours, 0.0 minutes, 0.5979595184326172 seconds

Avg epoch train. time: 0.0 hours, 0.0 minutes, 0.495640914458448 seconds
Avg batch train. time: 0.123910228614612 seconds
Avg sample train. time: 0.002429612325776706 seconds
Epoch 392 Training Summary: epoch: 392.000000 | loss: 0.000077 | 
Epoch runtime: 0.0 hours, 0.0 minutes, 0.5572869777679443 seconds

Avg epoch train. time: 0.0 hours, 0.0 minutes, 0.4957981748240335 seconds
Avg batch train. time: 0.12394954370600837 seconds
Avg sample train. time: 0.0024303832099217327 seconds
Evaluating on validation set ...
Validation runtime: 0.0 hours, 0.0 minutes, 0.2524077892303467 seconds

Avg val. time: 0.0 hours, 0.0 minutes, 0.2331650136697172 seconds
Avg batch val. time: 0.0582912534174293 seconds
Avg sample val. time: 0.0011373903105839863 seconds
Epoch 392 Validation Summary: epoch: 392.000000 | loss: 3.310942 | accuracy: 0.658537 | precision: 0.684665 | AUROC: 0.604256 | AUPRC: 0.384406 | 
Epoch 393 Training Summary: epoch: 393.000000 | loss: 0.000021 | 
Epoch runtime: 0.0 hours, 0.0 minutes, 0.5781054496765137 seconds

Avg epoch train. time: 0.0 hours, 0.0 minutes, 0.4960076080933782 seconds
Avg batch train. time: 0.12400190202334455 seconds
Avg sample train. time: 0.002431409843594991 seconds
Epoch 394 Training Summary: epoch: 394.000000 | loss: 0.000034 | 
Epoch runtime: 0.0 hours, 0.0 minutes, 0.5560996532440186 seconds

Avg epoch train. time: 0.0 hours, 0.0 minutes, 0.4961601259744712 seconds
Avg batch train. time: 0.1240400314936178 seconds
Avg sample train. time: 0.0024321574802670157 seconds
Evaluating on validation set ...
Validation runtime: 0.0 hours, 0.0 minutes, 0.252042293548584 seconds

Avg val. time: 0.0 hours, 0.0 minutes, 0.23325987437262607 seconds
Avg batch val. time: 0.05831496859315652 seconds
Avg sample val. time: 0.0011378530457201272 seconds
Epoch 394 Validation Summary: epoch: 394.000000 | loss: 3.286296 | accuracy: 0.663415 | precision: 0.695143 | AUROC: 0.602655 | AUPRC: 0.381132 | 
Epoch 395 Training Summary: epoch: 395.000000 | loss: 0.000020 | 
Epoch runtime: 0.0 hours, 0.0 minutes, 0.5605466365814209 seconds

Avg epoch train. time: 0.0 hours, 0.0 minutes, 0.49632312979879256 seconds
Avg batch train. time: 0.12408078244969814 seconds
Avg sample train. time: 0.002432956518621532 seconds
Epoch 396 Training Summary: epoch: 396.000000 | loss: 0.000011 | 
Epoch runtime: 0.0 hours, 0.0 minutes, 0.5532314777374268 seconds

Avg epoch train. time: 0.0 hours, 0.0 minutes, 0.49646683774813255 seconds
Avg batch train. time: 0.12411670943703314 seconds
Avg sample train. time: 0.002433660969353591 seconds
Evaluating on validation set ...
Validation runtime: 0.0 hours, 0.0 minutes, 0.25404930114746094 seconds

Avg val. time: 0.0 hours, 0.0 minutes, 0.23336382150650026 seconds
Avg batch val. time: 0.058340955376625064 seconds
Avg sample val. time: 0.0011383601049097572 seconds
Epoch 396 Validation Summary: epoch: 396.000000 | loss: 3.370965 | accuracy: 0.653659 | precision: 0.681953 | AUROC: 0.605974 | AUPRC: 0.383610 | 
Epoch 397 Training Summary: epoch: 397.000000 | loss: 0.000043 | 
Epoch runtime: 0.0 hours, 0.0 minutes, 0.5590801239013672 seconds

Avg epoch train. time: 0.0 hours, 0.0 minutes, 0.4966245538341609 seconds
Avg batch train. time: 0.12415613845854022 seconds
Avg sample train. time: 0.002434434087422357 seconds
Epoch 398 Training Summary: epoch: 398.000000 | loss: 0.000037 | 
Epoch runtime: 0.0 hours, 0.0 minutes, 0.5510494709014893 seconds

Avg epoch train. time: 0.0 hours, 0.0 minutes, 0.4967612998569431 seconds
Avg batch train. time: 0.12419032496423578 seconds
Avg sample train. time: 0.0024351044110634467 seconds
Evaluating on validation set ...
Validation runtime: 0.0 hours, 0.0 minutes, 0.2637815475463867 seconds

Avg val. time: 0.0 hours, 0.0 minutes, 0.23351515347684793 seconds
Avg batch val. time: 0.05837878836921198 seconds
Avg sample val. time: 0.0011390983096431606 seconds
Epoch 398 Validation Summary: epoch: 398.000000 | loss: 3.227437 | accuracy: 0.663415 | precision: 0.695143 | AUROC: 0.603011 | AUPRC: 0.383437 | 
Epoch 399 Training Summary: epoch: 399.000000 | loss: 0.001111 | 
Epoch runtime: 0.0 hours, 0.0 minutes, 0.5803532600402832 seconds

Avg epoch train. time: 0.0 hours, 0.0 minutes, 0.4969708035165505 seconds
Avg batch train. time: 0.12424270087913762 seconds
Avg sample train. time: 0.0024361313897870124 seconds
Epoch 400 Training Summary: epoch: 400.000000 | loss: 0.000062 | 
Epoch runtime: 0.0 hours, 0.0 minutes, 0.5778913497924805 seconds

Avg epoch train. time: 0.0 hours, 0.0 minutes, 0.4971731048822403 seconds
Avg batch train. time: 0.12429327622056008 seconds
Avg sample train. time: 0.002437123063148237 seconds
Evaluating on validation set ...
Validation runtime: 0.0 hours, 0.0 minutes, 0.27066802978515625 seconds

Avg val. time: 0.0 hours, 0.0 minutes, 0.23369907860708708 seconds
Avg batch val. time: 0.05842476965177177 seconds
Avg sample val. time: 0.0011399955054004248 seconds
Epoch 400 Validation Summary: epoch: 400.000000 | loss: 3.566415 | accuracy: 0.585366 | precision: 0.672816 | AUROC: 0.592046 | AUPRC: 0.380044 | 
Best accuracy was 0.751219512195122. Other metrics: OrderedDict({'epoch': 6, 'loss': 0.5574462599870635, 'accuracy': np.float64(0.751219512195122), 'precision': np.float64(0.7309756097560975), 'AUROC': 0.6717638691322902, 'AUPRC': 0.45362274780820433})
All Done!
Total runtime: 0.0 hours, 4.0 minutes, 35.746824741363525 seconds

